region_id,district,state,latitude,longitude,N,P,K,pH,moisture,organic_matter,year,annual_rainfall_mm,temp_max,temp_min,temp_mean,humidity,solar_radiation,is_monsoon,ndvi_mean,ndvi_std,ndvi_trend,ndvi_max,ndvi_min,water_stress_index,fertility_score,pH_suitability,moisture_availability,agri_potential,crop_label
Thanjavur_Tamil_Nadu,Thanjavur,Tamil Nadu,10.8,79.1,80,38,124,6.59,71.0,2.66,2023,9319.3,33.940000000000005,22.98,28.459999999999997,79.84833333333333,17.971666666666668,20,0.5515333333333333,0.028274999999999998,-0.013097,0.6505,0.4525,0.0031,0.7196,0.97,1.0,0.3969,rice
Thanjavur_Tamil_Nadu,Thanjavur,Tamil Nadu,10.8,79.1,80,38,124,6.59,71.0,2.66,2023,9319.3,33.940000000000005,22.98,28.459999999999997,79.84833333333333,17.971666666666668,20,0.5515333333333333,0.028274999999999998,-0.013097,0.6505,0.4525,0.0031,0.7196,0.97,1.0,0.3969,rice
Thanjavur_Tamil_Nadu,Thanjavur,Tamil Nadu,10.8,79.1,80,38,124,6.59,71.0,2.66,2023,9319.3,33.940000000000005,22.98,28.459999999999997,79.84833333333333,17.971666666666668,20,0.5515333333333333,0.028274999999999998,-0.013097,0.6505,0.4525,0.0031,0.7196,0.97,1.0,0.3969,rice
Thanjavur_Tamil_Nadu,Thanjavur,Tamil Nadu,10.8,79.1,80,38,124,6.59,71.0,2.66,2023,9319.3,33.940000000000005,22.98,28.459999999999997,79.84833333333333,17.971666666666668,20,0.5515333333333333,0.028274999999999998,-0.013097,0.6505,0.4525,0.0031,0.7196,0.97,1.0,0.3969,rice
Thanjavur_Tamil_Nadu,Thanjavur,Tamil Nadu,10.8,79.1,80,38,124,6.59,71.0,2.66,2023,9319.3,33.940000000000005,22.98,28.459999999999997,79.84833333333333,17.971666666666668,20,0.5515333333333333,0.028274999999999998,-0.013097,0.6505,0.4525,0.0031,0.7196,0.97,1.0,0.3969,rice
Thanjavur_Tamil_Nadu,Thanjavur,Tamil Nadu,10.8,79.1,78,44,116,6.56,74.1,2.94,2023,9319.3,33.940000000000005,22.98,28.459999999999997,79.84833333333333,17.971666666666668,20,0.5515333333333333,0.028274999999999998,-0.013097,0.6505,0.4525,0.0031,0.7273,0.98,1.0,0.4011,rice
Thanjavur_Tamil_Nadu,Thanjavur,Tamil Nadu,10.8,79.1,78,44,116,6.56,74.1,2.94,2023,9319.3,33.940000000000005,22.98,28.459999999999997,79.84833333333333,17.971666666666668,20,0.5515333333333333,0.028274999999999998,-0.013097,0.6505,0.4525,0.0031,0.7273,0.98,1.0,0.4011,rice
Thanjavur_Tamil_Nadu,Thanjavur,Tamil Nadu,10.8,79.1,78,44,116,6.56,74.1,2.94,2023,9319.3,33.940000000000005,22.98,28.459999999999997,79.84833333333333,17.971666666666668,20,0.5515333333333333,0.028274999999999998,-0.013097,0.6505,0.4525,0.0031,0.7273,0.98,1.0,0.4011,rice
Thanjavur_Tamil_Nadu,Thanjavur,Tamil Nadu,10.8,79.1,78,44,116,6.56,74.1,2.94,2023,9319.3,33.940000000000005,22.98,28.459999999999997,79.84833333333333,17.971666666666668,20,0.5515333333333333,0.028274999999999998,-0.013097,0.6505,0.4525,0.0031,0.7273,0.98,1.0,0.4011,rice
Thanjavur_Tamil_Nadu,Thanjavur,Tamil Nadu,10.8,79.1,78,44,116,6.56,74.1,2.94,2023,9319.3,33.940000000000005,22.98,28.459999999999997,79.84833333333333,17.971666666666668,20,0.5515333333333333,0.028274999999999998,-0.013097,0.6505,0.4525,0.0031,0.7273,0.98,1.0,0.4011,rice
Thanjavur_Tamil_Nadu,Thanjavur,Tamil Nadu,10.8,79.1,83,40,113,6.33,68.7,2.7,2023,9319.3,33.940000000000005,22.98,28.459999999999997,79.84833333333333,17.971666666666668,20,0.5515333333333333,0.028274999999999998,-0.013097,0.6505,0.4525,0.0031,0.7192,0.9433,1.0,0.3967,rice
Thanjavur_Tamil_Nadu,Thanjavur,Tamil Nadu,10.8,79.1,83,40,113,6.33,68.7,2.7,2023,9319.3,33.940000000000005,22.98,28.459999999999997,79.84833333333333,17.971666666666668,20,0.5515333333333333,0.028274999999999998,-0.013097,0.6505,0.4525,0.0031,0.7192,0.9433,1.0,0.3967,rice
Thanjavur_Tamil_Nadu,Thanjavur,Tamil Nadu,10.8,79.1,83,40,113,6.33,68.7,2.7,2023,9319.3,33.940000000000005,22.98,28.459999999999997,79.84833333333333,17.971666666666668,20,0.5515333333333333,0.028274999999999998,-0.013097,0.6505,0.4525,0.0031,0.7192,0.9433,1.0,0.3967,rice
Thanjavur_Tamil_Nadu,Thanjavur,Tamil Nadu,10.8,79.1,83,40,113,6.33,68.7,2.7,2023,9319.3,33.940000000000005,22.98,28.459999999999997,79.84833333333333,17.971666666666668,20,0.5515333333333333,0.028274999999999998,-0.013097,0.6505,0.4525,0.0031,0.7192,0.9433,1.0,0.3967,rice
Thanjavur_Tamil_Nadu,Thanjavur,Tamil Nadu,10.8,79.1,83,40,113,6.33,68.7,2.7,2023,9319.3,33.940000000000005,22.98,28.459999999999997,79.84833333333333,17.971666666666668,20,0.5515333333333333,0.028274999999999998,-0.013097,0.6505,0.4525,0.0031,0.7192,0.9433,1.0,0.3967,rice
Thanjavur_Tamil_Nadu,Thanjavur,Tamil Nadu,10.8,79.1,74,35,114,6.39,70.0,2.83,2023,9319.3,33.940000000000005,22.98,28.459999999999997,79.84833333333333,17.971666666666668,20,0.5515333333333333,0.028274999999999998,-0.013097,0.6505,0.4525,0.0031,0.6259,0.9633,1.0,0.3452,rice
Thanjavur_Tamil_Nadu,Thanjavur,Tamil Nadu,10.8,79.1,74,35,114,6.39,70.0,2.83,2023,9319.3,33.940000000000005,22.98,28.459999999999997,79.84833333333333,17.971666666666668,20,0.5515333333333333,0.028274999999999998,-0.013097,0.6505,0.4525,0.0031,0.6259,0.9633,1.0,0.3452,rice
Thanjavur_Tamil_Nadu,Thanjavur,Tamil Nadu,10.8,79.1,74,35,114,6.39,70.0,2.83,2023,9319.3,33.940000000000005,22.98,28.459999999999997,79.84833333333333,17.971666666666668,20,0.5515333333333333,0.028274999999999998,-0.013097,0.6505,0.4525,0.0031,0.6259,0.9633,1.0,0.3452,rice
Thanjavur_Tamil_Nadu,Thanjavur,Tamil Nadu,10.8,79.1,74,35,114,6.39,70.0,2.83,2023,9319.3,33.940000000000005,22.98,28.459999999999997,79.84833333333333,17.971666666666668,20,0.5515333333333333,0.028274999999999998,-0.013097,0.6505,0.4525,0.0031,0.6259,0.9633,1.0,0.3452,rice
Thanjavur_Tamil_Nadu,Thanjavur,Tamil Nadu,10.8,79.1,74,35,114,6.39,70.0,2.83,2023,9319.3,33.940000000000005,22.98,28.459999999999997,79.84833333333333,17.971666666666668,20,0.5515333333333333,0.028274999999999998,-0.013097,0.6505,0.4525,0.0031,0.6259,0.9633,1.0,0.3452,rice
Thanjavur_Tamil_Nadu,Thanjavur,Tamil Nadu,10.8,79.1,76,44,114,6.37,65.8,2.77,2023,9319.3,33.940000000000005,22.98,28.459999999999997,79.84833333333333,17.971666666666668,20,0.5515333333333333,0.028274999999999998,-0.013097,0.6505,0.4525,0.0031,0.708,0.9567,1.0,0.3905,rice
Thanjavur_Tamil_Nadu,Thanjavur,Tamil Nadu,10.8,79.1,76,44,114,6.37,65.8,2.77,2023,9319.3,33.940000000000005,22.98,28.459999999999997,79.84833333333333,17.971666666666668,20,0.5515333333333333,0.028274999999999998,-0.013097,0.6505,0.4525,0.0031,0.708,0.9567,1.0,0.3905,rice
Thanjavur_Tamil_Nadu,Thanjavur,Tamil Nadu,10.8,79.1,76,44,114,6.37,65.8,2.77,2023,9319.3,33.940000000000005,22.98,28.459999999999997,79.84833333333333,17.971666666666668,20,0.5515333333333333,0.028274999999999998,-0.013097,0.6505,0.4525,0.0031,0.708,0.9567,1.0,0.3905,rice
Thanjavur_Tamil_Nadu,Thanjavur,Tamil Nadu,10.8,79.1,76,44,114,6.37,65.8,2.77,2023,9319.3,33.940000000000005,22.98,28.459999999999997,79.84833333333333,17.971666666666668,20,0.5515333333333333,0.028274999999999998,-0.013097,0.6505,0.4525,0.0031,0.708,0.9567,1.0,0.3905,rice
Thanjavur_Tamil_Nadu,Thanjavur,Tamil Nadu,10.8,79.1,76,44,114,6.37,65.8,2.77,2023,9319.3,33.940000000000005,22.98,28.459999999999997,79.84833333333333,17.971666666666668,20,0.5515333333333333,0.028274999999999998,-0.013097,0.6505,0.4525,0.0031,0.708,0.9567,1.0,0.3905,rice
Coimbatore_Tamil_Nadu,Coimbatore,Tamil Nadu,11.0,76.9,56,38,82,7.4,44.1,1.85,2023,5730.7,36.025,22.153333333333332,29.089166666666664,65.62833333333333,20.098333333333336,20,0.6421583333333333,0.028941666666666668,-0.013095,0.7411,0.5432,0.0051,0.4307,0.7,1.0,0.2766,turmeric
Coimbatore_Tamil_Nadu,Coimbatore,Tamil Nadu,11.0,76.9,56,38,82,7.4,44.1,1.85,2023,5730.7,36.025,22.153333333333332,29.089166666666664,65.62833333333333,20.098333333333336,20,0.6421583333333333,0.028941666666666668,-0.013095,0.7411,0.5432,0.0051,0.4307,0.7,1.0,0.2766,turmeric
Coimbatore_Tamil_Nadu,Coimbatore,Tamil Nadu,11.0,76.9,56,38,82,7.4,44.1,1.85,2023,5730.7,36.025,22.153333333333332,29.089166666666664,65.62833333333333,20.098333333333336,20,0.6421583333333333,0.028941666666666668,-0.013095,0.7411,0.5432,0.0051,0.4307,0.7,1.0,0.2766,turmeric
Coimbatore_Tamil_Nadu,Coimbatore,Tamil Nadu,11.0,76.9,56,38,82,7.4,44.1,1.85,2023,5730.7,36.025,22.153333333333332,29.089166666666664,65.62833333333333,20.098333333333336,20,0.6421583333333333,0.028941666666666668,-0.013095,0.7411,0.5432,0.0051,0.4307,0.7,1.0,0.2766,turmeric
Coimbatore_Tamil_Nadu,Coimbatore,Tamil Nadu,11.0,76.9,56,38,82,7.4,44.1,1.85,2023,5730.7,36.025,22.153333333333332,29.089166666666664,65.62833333333333,20.098333333333336,20,0.6421583333333333,0.028941666666666668,-0.013095,0.7411,0.5432,0.0051,0.4307,0.7,1.0,0.2766,turmeric
Coimbatore_Tamil_Nadu,Coimbatore,Tamil Nadu,11.0,76.9,66,30,80,7.09,49.6,1.7,2023,5730.7,36.025,22.153333333333332,29.089166666666664,65.62833333333333,20.098333333333336,20,0.6421583333333333,0.028941666666666668,-0.013095,0.7411,0.5432,0.0051,0.4273,0.8033,1.0,0.2744,turmeric
Coimbatore_Tamil_Nadu,Coimbatore,Tamil Nadu,11.0,76.9,66,30,80,7.09,49.6,1.7,2023,5730.7,36.025,22.153333333333332,29.089166666666664,65.62833333333333,20.098333333333336,20,0.6421583333333333,0.028941666666666668,-0.013095,0.7411,0.5432,0.0051,0.4273,0.8033,1.0,0.2744,turmeric
Coimbatore_Tamil_Nadu,Coimbatore,Tamil Nadu,11.0,76.9,66,30,80,7.09,49.6,1.7,2023,5730.7,36.025,22.153333333333332,29.089166666666664,65.62833333333333,20.098333333333336,20,0.6421583333333333,0.028941666666666668,-0.013095,0.7411,0.5432,0.0051,0.4273,0.8033,1.0,0.2744,turmeric
Coimbatore_Tamil_Nadu,Coimbatore,Tamil Nadu,11.0,76.9,66,30,80,7.09,49.6,1.7,2023,5730.7,36.025,22.153333333333332,29.089166666666664,65.62833333333333,20.098333333333336,20,0.6421583333333333,0.028941666666666668,-0.013095,0.7411,0.5432,0.0051,0.4273,0.8033,1.0,0.2744,turmeric
Coimbatore_Tamil_Nadu,Coimbatore,Tamil Nadu,11.0,76.9,66,30,80,7.09,49.6,1.7,2023,5730.7,36.025,22.153333333333332,29.089166666666664,65.62833333333333,20.098333333333336,20,0.6421583333333333,0.028941666666666668,-0.013095,0.7411,0.5432,0.0051,0.4273,0.8033,1.0,0.2744,turmeric
Coimbatore_Tamil_Nadu,Coimbatore,Tamil Nadu,11.0,76.9,52,37,81,7.14,41.1,1.97,2023,5730.7,36.025,22.153333333333332,29.089166666666664,65.62833333333333,20.098333333333336,20,0.6421583333333333,0.028941666666666668,-0.013095,0.7411,0.5432,0.0051,0.394,0.7867,1.0,0.253,turmeric
Coimbatore_Tamil_Nadu,Coimbatore,Tamil Nadu,11.0,76.9,52,37,81,7.14,41.1,1.97,2023,5730.7,36.025,22.153333333333332,29.089166666666664,65.62833333333333,20.098333333333336,20,0.6421583333333333,0.028941666666666668,-0.013095,0.7411,0.5432,0.0051,0.394,0.7867,1.0,0.253,turmeric
Coimbatore_Tamil_Nadu,Coimbatore,Tamil Nadu,11.0,76.9,52,37,81,7.14,41.1,1.97,2023,5730.7,36.025,22.153333333333332,29.089166666666664,65.62833333333333,20.098333333333336,20,0.6421583333333333,0.028941666666666668,-0.013095,0.7411,0.5432,0.0051,0.394,0.7867,1.0,0.253,turmeric
Coimbatore_Tamil_Nadu,Coimbatore,Tamil Nadu,11.0,76.9,52,37,81,7.14,41.1,1.97,2023,5730.7,36.025,22.153333333333332,29.089166666666664,65.62833333333333,20.098333333333336,20,0.6421583333333333,0.028941666666666668,-0.013095,0.7411,0.5432,0.0051,0.394,0.7867,1.0,0.253,turmeric
Coimbatore_Tamil_Nadu,Coimbatore,Tamil Nadu,11.0,76.9,52,37,81,7.14,41.1,1.97,2023,5730.7,36.025,22.153333333333332,29.089166666666664,65.62833333333333,20.098333333333336,20,0.6421583333333333,0.028941666666666668,-0.013095,0.7411,0.5432,0.0051,0.394,0.7867,1.0,0.253,turmeric
Coimbatore_Tamil_Nadu,Coimbatore,Tamil Nadu,11.0,76.9,64,33,94,7.21,49.2,1.79,2023,5730.7,36.025,22.153333333333332,29.089166666666664,65.62833333333333,20.098333333333336,20,0.6421583333333333,0.028941666666666668,-0.013095,0.7411,0.5432,0.0051,0.4821,0.7633,1.0,0.3096,turmeric
Coimbatore_Tamil_Nadu,Coimbatore,Tamil Nadu,11.0,76.9,64,33,94,7.21,49.2,1.79,2023,5730.7,36.025,22.153333333333332,29.089166666666664,65.62833333333333,20.098333333333336,20,0.6421583333333333,0.028941666666666668,-0.013095,0.7411,0.5432,0.0051,0.4821,0.7633,1.0,0.3096,turmeric
Coimbatore_Tamil_Nadu,Coimbatore,Tamil Nadu,11.0,76.9,64,33,94,7.21,49.2,1.79,2023,5730.7,36.025,22.153333333333332,29.089166666666664,65.62833333333333,20.098333333333336,20,0.6421583333333333,0.028941666666666668,-0.013095,0.7411,0.5432,0.0051,0.4821,0.7633,1.0,0.3096,turmeric
Coimbatore_Tamil_Nadu,Coimbatore,Tamil Nadu,11.0,76.9,64,33,94,7.21,49.2,1.79,2023,5730.7,36.025,22.153333333333332,29.089166666666664,65.62833333333333,20.098333333333336,20,0.6421583333333333,0.028941666666666668,-0.013095,0.7411,0.5432,0.0051,0.4821,0.7633,1.0,0.3096,turmeric
Coimbatore_Tamil_Nadu,Coimbatore,Tamil Nadu,11.0,76.9,64,33,94,7.21,49.2,1.79,2023,5730.7,36.025,22.153333333333332,29.089166666666664,65.62833333333333,20.098333333333336,20,0.6421583333333333,0.028941666666666668,-0.013095,0.7411,0.5432,0.0051,0.4821,0.7633,1.0,0.3096,turmeric
Coimbatore_Tamil_Nadu,Coimbatore,Tamil Nadu,11.0,76.9,57,34,90,7.37,43.2,1.94,2023,5730.7,36.025,22.153333333333332,29.089166666666664,65.62833333333333,20.098333333333336,20,0.6421583333333333,0.028941666666666668,-0.013095,0.7411,0.5432,0.0051,0.4319,0.71,1.0,0.2773,turmeric
Coimbatore_Tamil_Nadu,Coimbatore,Tamil Nadu,11.0,76.9,57,34,90,7.37,43.2,1.94,2023,5730.7,36.025,22.153333333333332,29.089166666666664,65.62833333333333,20.098333333333336,20,0.6421583333333333,0.028941666666666668,-0.013095,0.7411,0.5432,0.0051,0.4319,0.71,1.0,0.2773,turmeric
Coimbatore_Tamil_Nadu,Coimbatore,Tamil Nadu,11.0,76.9,57,34,90,7.37,43.2,1.94,2023,5730.7,36.025,22.153333333333332,29.089166666666664,65.62833333333333,20.098333333333336,20,0.6421583333333333,0.028941666666666668,-0.013095,0.7411,0.5432,0.0051,0.4319,0.71,1.0,0.2773,turmeric
Coimbatore_Tamil_Nadu,Coimbatore,Tamil Nadu,11.0,76.9,57,34,90,7.37,43.2,1.94,2023,5730.7,36.025,22.153333333333332,29.089166666666664,65.62833333333333,20.098333333333336,20,0.6421583333333333,0.028941666666666668,-0.013095,0.7411,0.5432,0.0051,0.4319,0.71,1.0,0.2773,turmeric
Coimbatore_Tamil_Nadu,Coimbatore,Tamil Nadu,11.0,76.9,57,34,90,7.37,43.2,1.94,2023,5730.7,36.025,22.153333333333332,29.089166666666664,65.62833333333333,20.098333333333336,20,0.6421583333333333,0.028941666666666668,-0.013095,0.7411,0.5432,0.0051,0.4319,0.71,1.0,0.2773,turmeric
Madurai_Tamil_Nadu,Madurai,Tamil Nadu,9.9,78.1,61,32,74,7.49,39.1,1.61,2023,7056.6,36.85166666666667,23.94,30.395833333333332,67.50333333333333,21.01833333333333,20,0.3406416666666667,0.03349166666666666,-0.013095,0.4396,0.2417,0.0043,0.3913,0.67,1.0,0.1333,cotton
Madurai_Tamil_Nadu,Madurai,Tamil Nadu,9.9,78.1,61,32,74,7.49,39.1,1.61,2023,7056.6,36.85166666666667,23.94,30.395833333333332,67.50333333333333,21.01833333333333,20,0.3406416666666667,0.03349166666666666,-0.013095,0.4396,0.2417,0.0043,0.3913,0.67,1.0,0.1333,cotton
Madurai_Tamil_Nadu,Madurai,Tamil Nadu,9.9,78.1,61,32,74,7.49,39.1,1.61,2023,7056.6,36.85166666666667,23.94,30.395833333333332,67.50333333333333,21.01833333333333,20,0.3406416666666667,0.03349166666666666,-0.013095,0.4396,0.2417,0.0043,0.3913,0.67,1.0,0.1333,cotton
Madurai_Tamil_Nadu,Madurai,Tamil Nadu,9.9,78.1,61,32,74,7.49,39.1,1.61,2023,7056.6,36.85166666666667,23.94,30.395833333333332,67.50333333333333,21.01833333333333,20,0.3406416666666667,0.03349166666666666,-0.013095,0.4396,0.2417,0.0043,0.3913,0.67,1.0,0.1333,cotton
Madurai_Tamil_Nadu,Madurai,Tamil Nadu,9.9,78.1,61,32,74,7.49,39.1,1.61,2023,7056.6,36.85166666666667,23.94,30.395833333333332,67.50333333333333,21.01833333333333,20,0.3406416666666667,0.03349166666666666,-0.013095,0.4396,0.2417,0.0043,0.3913,0.67,1.0,0.1333,cotton
Madurai_Tamil_Nadu,Madurai,Tamil Nadu,9.9,78.1,60,31,88,7.38,44.0,1.38,2023,7056.6,36.85166666666667,23.94,30.395833333333332,67.50333333333333,21.01833333333333,20,0.3406416666666667,0.03349166666666666,-0.013095,0.4396,0.2417,0.0043,0.4218,0.7067,1.0,0.1437,cotton
Madurai_Tamil_Nadu,Madurai,Tamil Nadu,9.9,78.1,60,31,88,7.38,44.0,1.38,2023,7056.6,36.85166666666667,23.94,30.395833333333332,67.50333333333333,21.01833333333333,20,0.3406416666666667,0.03349166666666666,-0.013095,0.4396,0.2417,0.0043,0.4218,0.7067,1.0,0.1437,cotton
Madurai_Tamil_Nadu,Madurai,Tamil Nadu,9.9,78.1,60,31,88,7.38,44.0,1.38,2023,7056.6,36.85166666666667,23.94,30.395833333333332,67.50333333333333,21.01833333333333,20,0.3406416666666667,0.03349166666666666,-0.013095,0.4396,0.2417,0.0043,0.4218,0.7067,1.0,0.1437,cotton
Madurai_Tamil_Nadu,Madurai,Tamil Nadu,9.9,78.1,60,31,88,7.38,44.0,1.38,2023,7056.6,36.85166666666667,23.94,30.395833333333332,67.50333333333333,21.01833333333333,20,0.3406416666666667,0.03349166666666666,-0.013095,0.4396,0.2417,0.0043,0.4218,0.7067,1.0,0.1437,cotton
Madurai_Tamil_Nadu,Madurai,Tamil Nadu,9.9,78.1,60,31,88,7.38,44.0,1.38,2023,7056.6,36.85166666666667,23.94,30.395833333333332,67.50333333333333,21.01833333333333,20,0.3406416666666667,0.03349166666666666,-0.013095,0.4396,0.2417,0.0043,0.4218,0.7067,1.0,0.1437,cotton
Madurai_Tamil_Nadu,Madurai,Tamil Nadu,9.9,78.1,54,26,82,7.46,37.2,1.56,2023,7056.6,36.85166666666667,23.94,30.395833333333332,67.50333333333333,21.01833333333333,20,0.3406416666666667,0.03349166666666666,-0.013095,0.4396,0.2417,0.0043,0.3255,0.68,1.0,0.1109,cotton
Madurai_Tamil_Nadu,Madurai,Tamil Nadu,9.9,78.1,54,26,82,7.46,37.2,1.56,2023,7056.6,36.85166666666667,23.94,30.395833333333332,67.50333333333333,21.01833333333333,20,0.3406416666666667,0.03349166666666666,-0.013095,0.4396,0.2417,0.0043,0.3255,0.68,1.0,0.1109,cotton
Madurai_Tamil_Nadu,Madurai,Tamil Nadu,9.9,78.1,54,26,82,7.46,37.2,1.56,2023,7056.6,36.85166666666667,23.94,30.395833333333332,67.50333333333333,21.01833333333333,20,0.3406416666666667,0.03349166666666666,-0.013095,0.4396,0.2417,0.0043,0.3255,0.68,1.0,0.1109,cotton
Madurai_Tamil_Nadu,Madurai,Tamil Nadu,9.9,78.1,54,26,82,7.46,37.2,1.56,2023,7056.6,36.85166666666667,23.94,30.395833333333332,67.50333333333333,21.01833333333333,20,0.3406416666666667,0.03349166666666666,-0.013095,0.4396,0.2417,0.0043,0.3255,0.68,1.0,0.1109,cotton
Madurai_Tamil_Nadu,Madurai,Tamil Nadu,9.9,78.1,54,26,82,7.46,37.2,1.56,2023,7056.6,36.85166666666667,23.94,30.395833333333332,67.50333333333333,21.01833333333333,20,0.3406416666666667,0.03349166666666666,-0.013095,0.4396,0.2417,0.0043,0.3255,0.68,1.0,0.1109,cotton
Madurai_Tamil_Nadu,Madurai,Tamil Nadu,9.9,78.1,61,29,86,7.56,41.9,1.64,2023,7056.6,36.85166666666667,23.94,30.395833333333332,67.50333333333333,21.01833333333333,20,0.3406416666666667,0.03349166666666666,-0.013095,0.4396,0.2417,0.0043,0.4065,0.6467,1.0,0.1385,cotton
Madurai_Tamil_Nadu,Madurai,Tamil Nadu,9.9,78.1,61,29,86,7.56,41.9,1.64,2023,7056.6,36.85166666666667,23.94,30.395833333333332,67.50333333333333,21.01833333333333,20,0.3406416666666667,0.03349166666666666,-0.013095,0.4396,0.2417,0.0043,0.4065,0.6467,1.0,0.1385,cotton
Madurai_Tamil_Nadu,Madurai,Tamil Nadu,9.9,78.1,61,29,86,7.56,41.9,1.64,2023,7056.6,36.85166666666667,23.94,30.395833333333332,67.50333333333333,21.01833333333333,20,0.3406416666666667,0.03349166666666666,-0.013095,0.4396,0.2417,0.0043,0.4065,0.6467,1.0,0.1385,cotton
Madurai_Tamil_Nadu,Madurai,Tamil Nadu,9.9,78.1,61,29,86,7.56,41.9,1.64,2023,7056.6,36.85166666666667,23.94,30.395833333333332,67.50333333333333,21.01833333333333,20,0.3406416666666667,0.03349166666666666,-0.013095,0.4396,0.2417,0.0043,0.4065,0.6467,1.0,0.1385,cotton
Madurai_Tamil_Nadu,Madurai,Tamil Nadu,9.9,78.1,61,29,86,7.56,41.9,1.64,2023,7056.6,36.85166666666667,23.94,30.395833333333332,67.50333333333333,21.01833333333333,20,0.3406416666666667,0.03349166666666666,-0.013095,0.4396,0.2417,0.0043,0.4065,0.6467,1.0,0.1385,cotton
Madurai_Tamil_Nadu,Madurai,Tamil Nadu,9.9,78.1,59,29,80,7.54,44.8,1.65,2023,7056.6,36.85166666666667,23.94,30.395833333333332,67.50333333333333,21.01833333333333,20,0.3406416666666667,0.03349166666666666,-0.013095,0.4396,0.2417,0.0043,0.3744,0.6533,1.0,0.1275,cotton
Madurai_Tamil_Nadu,Madurai,Tamil Nadu,9.9,78.1,59,29,80,7.54,44.8,1.65,2023,7056.6,36.85166666666667,23.94,30.395833333333332,67.50333333333333,21.01833333333333,20,0.3406416666666667,0.03349166666666666,-0.013095,0.4396,0.2417,0.0043,0.3744,0.6533,1.0,0.1275,cotton
Madurai_Tamil_Nadu,Madurai,Tamil Nadu,9.9,78.1,59,29,80,7.54,44.8,1.65,2023,7056.6,36.85166666666667,23.94,30.395833333333332,67.50333333333333,21.01833333333333,20,0.3406416666666667,0.03349166666666666,-0.013095,0.4396,0.2417,0.0043,0.3744,0.6533,1.0,0.1275,cotton
Madurai_Tamil_Nadu,Madurai,Tamil Nadu,9.9,78.1,59,29,80,7.54,44.8,1.65,2023,7056.6,36.85166666666667,23.94,30.395833333333332,67.50333333333333,21.01833333333333,20,0.3406416666666667,0.03349166666666666,-0.013095,0.4396,0.2417,0.0043,0.3744,0.6533,1.0,0.1275,cotton
Madurai_Tamil_Nadu,Madurai,Tamil Nadu,9.9,78.1,59,29,80,7.54,44.8,1.65,2023,7056.6,36.85166666666667,23.94,30.395833333333332,67.50333333333333,21.01833333333333,20,0.3406416666666667,0.03349166666666666,-0.013095,0.4396,0.2417,0.0043,0.3744,0.6533,1.0,0.1275,cotton
Salem_Tamil_Nadu,Salem,Tamil Nadu,11.6,78.1,66,42,108,6.95,50.1,2.33,2023,7841.2,35.12166666666667,22.066666666666666,28.59416666666667,72.55666666666666,18.846666666666668,20,0.33390000000000003,0.031133333333333332,-0.013104,0.4329,0.2349,0.0036,0.609,0.85,1.0,0.2033,sugarcane
Salem_Tamil_Nadu,Salem,Tamil Nadu,11.6,78.1,66,42,108,6.95,50.1,2.33,2023,7841.2,35.12166666666667,22.066666666666666,28.59416666666667,72.55666666666666,18.846666666666668,20,0.33390000000000003,0.031133333333333332,-0.013104,0.4329,0.2349,0.0036,0.609,0.85,1.0,0.2033,sugarcane
Salem_Tamil_Nadu,Salem,Tamil Nadu,11.6,78.1,66,42,108,6.95,50.1,2.33,2023,7841.2,35.12166666666667,22.066666666666666,28.59416666666667,72.55666666666666,18.846666666666668,20,0.33390000000000003,0.031133333333333332,-0.013104,0.4329,0.2349,0.0036,0.609,0.85,1.0,0.2033,sugarcane
Salem_Tamil_Nadu,Salem,Tamil Nadu,11.6,78.1,66,42,108,6.95,50.1,2.33,2023,7841.2,35.12166666666667,22.066666666666666,28.59416666666667,72.55666666666666,18.846666666666668,20,0.33390000000000003,0.031133333333333332,-0.013104,0.4329,0.2349,0.0036,0.609,0.85,1.0,0.2033,sugarcane
Salem_Tamil_Nadu,Salem,Tamil Nadu,11.6,78.1,66,42,108,6.95,50.1,2.33,2023,7841.2,35.12166666666667,22.066666666666666,28.59416666666667,72.55666666666666,18.846666666666668,20,0.33390000000000003,0.031133333333333332,-0.013104,0.4329,0.2349,0.0036,0.609,0.85,1.0,0.2033,sugarcane
Salem_Tamil_Nadu,Salem,Tamil Nadu,11.6,78.1,69,34,104,6.79,55.4,2.06,2023,7841.2,35.12166666666667,22.066666666666666,28.59416666666667,72.55666666666666,18.846666666666668,20,0.33390000000000003,0.031133333333333332,-0.013104,0.4329,0.2349,0.0036,0.554,0.9033,1.0,0.185,sugarcane
Salem_Tamil_Nadu,Salem,Tamil Nadu,11.6,78.1,69,34,104,6.79,55.4,2.06,2023,7841.2,35.12166666666667,22.066666666666666,28.59416666666667,72.55666666666666,18.846666666666668,20,0.33390000000000003,0.031133333333333332,-0.013104,0.4329,0.2349,0.0036,0.554,0.9033,1.0,0.185,sugarcane
Salem_Tamil_Nadu,Salem,Tamil Nadu,11.6,78.1,69,34,104,6.79,55.4,2.06,2023,7841.2,35.12166666666667,22.066666666666666,28.59416666666667,72.55666666666666,18.846666666666668,20,0.33390000000000003,0.031133333333333332,-0.013104,0.4329,0.2349,0.0036,0.554,0.9033,1.0,0.185,sugarcane
Salem_Tamil_Nadu,Salem,Tamil Nadu,11.6,78.1,69,34,104,6.79,55.4,2.06,2023,7841.2,35.12166666666667,22.066666666666666,28.59416666666667,72.55666666666666,18.846666666666668,20,0.33390000000000003,0.031133333333333332,-0.013104,0.4329,0.2349,0.0036,0.554,0.9033,1.0,0.185,sugarcane
Salem_Tamil_Nadu,Salem,Tamil Nadu,11.6,78.1,69,34,104,6.79,55.4,2.06,2023,7841.2,35.12166666666667,22.066666666666666,28.59416666666667,72.55666666666666,18.846666666666668,20,0.33390000000000003,0.031133333333333332,-0.013104,0.4329,0.2349,0.0036,0.554,0.9033,1.0,0.185,sugarcane
Salem_Tamil_Nadu,Salem,Tamil Nadu,11.6,78.1,77,36,95,6.93,54.5,2.26,2023,7841.2,35.12166666666667,22.066666666666666,28.59416666666667,72.55666666666666,18.846666666666668,20,0.33390000000000003,0.031133333333333332,-0.013104,0.4329,0.2349,0.0036,0.5923,0.8567,1.0,0.1978,sugarcane
Salem_Tamil_Nadu,Salem,Tamil Nadu,11.6,78.1,77,36,95,6.93,54.5,2.26,2023,7841.2,35.12166666666667,22.066666666666666,28.59416666666667,72.55666666666666,18.846666666666668,20,0.33390000000000003,0.031133333333333332,-0.013104,0.4329,0.2349,0.0036,0.5923,0.8567,1.0,0.1978,sugarcane
Salem_Tamil_Nadu,Salem,Tamil Nadu,11.6,78.1,77,36,95,6.93,54.5,2.26,2023,7841.2,35.12166666666667,22.066666666666666,28.59416666666667,72.55666666666666,18.846666666666668,20,0.33390000000000003,0.031133333333333332,-0.013104,0.4329,0.2349,0.0036,0.5923,0.8567,1.0,0.1978,sugarcane
Salem_Tamil_Nadu,Salem,Tamil Nadu,11.6,78.1,77,36,95,6.93,54.5,2.26,2023,7841.2,35.12166666666667,22.066666666666666,28.59416666666667,72.55666666666666,18.846666666666668,20,0.33390000000000003,0.031133333333333332,-0.013104,0.4329,0.2349,0.0036,0.5923,0.8567,1.0,0.1978,sugarcane
Salem_Tamil_Nadu,Salem,Tamil Nadu,11.6,78.1,77,36,95,6.93,54.5,2.26,2023,7841.2,35.12166666666667,22.066666666666666,28.59416666666667,72.55666666666666,18.846666666666668,20,0.33390000000000003,0.031133333333333332,-0.013104,0.4329,0.2349,0.0036,0.5923,0.8567,1.0,0.1978,sugarcane
Salem_Tamil_Nadu,Salem,Tamil Nadu,11.6,78.1,74,39,104,6.69,58.8,2.18,2023,7841.2,35.12166666666667,22.066666666666666,28.59416666666667,72.55666666666666,18.846666666666668,20,0.33390000000000003,0.031133333333333332,-0.013104,0.4329,0.2349,0.0036,0.6247,0.9367,1.0,0.2086,sugarcane
Salem_Tamil_Nadu,Salem,Tamil Nadu,11.6,78.1,74,39,104,6.69,58.8,2.18,2023,7841.2,35.12166666666667,22.066666666666666,28.59416666666667,72.55666666666666,18.846666666666668,20,0.33390000000000003,0.031133333333333332,-0.013104,0.4329,0.2349,0.0036,0.6247,0.9367,1.0,0.2086,sugarcane
Salem_Tamil_Nadu,Salem,Tamil Nadu,11.6,78.1,74,39,104,6.69,58.8,2.18,2023,7841.2,35.12166666666667,22.066666666666666,28.59416666666667,72.55666666666666,18.846666666666668,20,0.33390000000000003,0.031133333333333332,-0.013104,0.4329,0.2349,0.0036,0.6247,0.9367,1.0,0.2086,sugarcane
Salem_Tamil_Nadu,Salem,Tamil Nadu,11.6,78.1,74,39,104,6.69,58.8,2.18,2023,7841.2,35.12166666666667,22.066666666666666,28.59416666666667,72.55666666666666,18.846666666666668,20,0.33390000000000003,0.031133333333333332,-0.013104,0.4329,0.2349,0.0036,0.6247,0.9367,1.0,0.2086,sugarcane
Salem_Tamil_Nadu,Salem,Tamil Nadu,11.6,78.1,74,39,104,6.69,58.8,2.18,2023,7841.2,35.12166666666667,22.066666666666666,28.59416666666667,72.55666666666666,18.846666666666668,20,0.33390000000000003,0.031133333333333332,-0.013104,0.4329,0.2349,0.0036,0.6247,0.9367,1.0,0.2086,sugarcane
Salem_Tamil_Nadu,Salem,Tamil Nadu,11.6,78.1,77,38,98,6.95,59.9,2.3,2023,7841.2,35.12166666666667,22.066666666666666,28.59416666666667,72.55666666666666,18.846666666666668,20,0.33390000000000003,0.031133333333333332,-0.013104,0.4329,0.2349,0.0036,0.6172,0.85,1.0,0.2061,sugarcane
Salem_Tamil_Nadu,Salem,Tamil Nadu,11.6,78.1,77,38,98,6.95,59.9,2.3,2023,7841.2,35.12166666666667,22.066666666666666,28.59416666666667,72.55666666666666,18.846666666666668,20,0.33390000000000003,0.031133333333333332,-0.013104,0.4329,0.2349,0.0036,0.6172,0.85,1.0,0.2061,sugarcane
Salem_Tamil_Nadu,Salem,Tamil Nadu,11.6,78.1,77,38,98,6.95,59.9,2.3,2023,7841.2,35.12166666666667,22.066666666666666,28.59416666666667,72.55666666666666,18.846666666666668,20,0.33390000000000003,0.031133333333333332,-0.013104,0.4329,0.2349,0.0036,0.6172,0.85,1.0,0.2061,sugarcane
Salem_Tamil_Nadu,Salem,Tamil Nadu,11.6,78.1,77,38,98,6.95,59.9,2.3,2023,7841.2,35.12166666666667,22.066666666666666,28.59416666666667,72.55666666666666,18.846666666666668,20,0.33390000000000003,0.031133333333333332,-0.013104,0.4329,0.2349,0.0036,0.6172,0.85,1.0,0.2061,sugarcane
Salem_Tamil_Nadu,Salem,Tamil Nadu,11.6,78.1,77,38,98,6.95,59.9,2.3,2023,7841.2,35.12166666666667,22.066666666666666,28.59416666666667,72.55666666666666,18.846666666666668,20,0.33390000000000003,0.031133333333333332,-0.013104,0.4329,0.2349,0.0036,0.6172,0.85,1.0,0.2061,sugarcane
Erode_Tamil_Nadu,Erode,Tamil Nadu,11.3,77.7,57,40,94,7.17,49.2,1.83,2023,6315.7,36.27166666666667,22.748333333333335,29.509999999999998,69.09333333333333,20.158333333333335,20,0.6386166666666666,0.034341666666666666,-0.013099,0.7376,0.5396,0.0047,0.4908,0.7767,1.0,0.3134,turmeric
Erode_Tamil_Nadu,Erode,Tamil Nadu,11.3,77.7,57,40,94,7.17,49.2,1.83,2023,6315.7,36.27166666666667,22.748333333333335,29.509999999999998,69.09333333333333,20.158333333333335,20,0.6386166666666666,0.034341666666666666,-0.013099,0.7376,0.5396,0.0047,0.4908,0.7767,1.0,0.3134,turmeric
Erode_Tamil_Nadu,Erode,Tamil Nadu,11.3,77.7,57,40,94,7.17,49.2,1.83,2023,6315.7,36.27166666666667,22.748333333333335,29.509999999999998,69.09333333333333,20.158333333333335,20,0.6386166666666666,0.034341666666666666,-0.013099,0.7376,0.5396,0.0047,0.4908,0.7767,1.0,0.3134,turmeric
Erode_Tamil_Nadu,Erode,Tamil Nadu,11.3,77.7,57,40,94,7.17,49.2,1.83,2023,6315.7,36.27166666666667,22.748333333333335,29.509999999999998,69.09333333333333,20.158333333333335,20,0.6386166666666666,0.034341666666666666,-0.013099,0.7376,0.5396,0.0047,0.4908,0.7767,1.0,0.3134,turmeric
Erode_Tamil_Nadu,Erode,Tamil Nadu,11.3,77.7,57,40,94,7.17,49.2,1.83,2023,6315.7,36.27166666666667,22.748333333333335,29.509999999999998,69.09333333333333,20.158333333333335,20,0.6386166666666666,0.034341666666666666,-0.013099,0.7376,0.5396,0.0047,0.4908,0.7767,1.0,0.3134,turmeric
Erode_Tamil_Nadu,Erode,Tamil Nadu,11.3,77.7,59,32,104,6.82,50.6,2.18,2023,6315.7,36.27166666666667,22.748333333333335,29.509999999999998,69.09333333333333,20.158333333333335,20,0.6386166666666666,0.034341666666666666,-0.013099,0.7376,0.5396,0.0047,0.4741,0.8933,1.0,0.3028,turmeric
Erode_Tamil_Nadu,Erode,Tamil Nadu,11.3,77.7,59,32,104,6.82,50.6,2.18,2023,6315.7,36.27166666666667,22.748333333333335,29.509999999999998,69.09333333333333,20.158333333333335,20,0.6386166666666666,0.034341666666666666,-0.013099,0.7376,0.5396,0.0047,0.4741,0.8933,1.0,0.3028,turmeric
Erode_Tamil_Nadu,Erode,Tamil Nadu,11.3,77.7,59,32,104,6.82,50.6,2.18,2023,6315.7,36.27166666666667,22.748333333333335,29.509999999999998,69.09333333333333,20.158333333333335,20,0.6386166666666666,0.034341666666666666,-0.013099,0.7376,0.5396,0.0047,0.4741,0.8933,1.0,0.3028,turmeric
Erode_Tamil_Nadu,Erode,Tamil Nadu,11.3,77.7,59,32,104,6.82,50.6,2.18,2023,6315.7,36.27166666666667,22.748333333333335,29.509999999999998,69.09333333333333,20.158333333333335,20,0.6386166666666666,0.034341666666666666,-0.013099,0.7376,0.5396,0.0047,0.4741,0.8933,1.0,0.3028,turmeric
Erode_Tamil_Nadu,Erode,Tamil Nadu,11.3,77.7,59,32,104,6.82,50.6,2.18,2023,6315.7,36.27166666666667,22.748333333333335,29.509999999999998,69.09333333333333,20.158333333333335,20,0.6386166666666666,0.034341666666666666,-0.013099,0.7376,0.5396,0.0047,0.4741,0.8933,1.0,0.3028,turmeric
Erode_Tamil_Nadu,Erode,Tamil Nadu,11.3,77.7,58,34,99,7.19,50.5,2.19,2023,6315.7,36.27166666666667,22.748333333333335,29.509999999999998,69.09333333333333,20.158333333333335,20,0.6386166666666666,0.034341666666666666,-0.013099,0.7376,0.5396,0.0047,0.4671,0.77,1.0,0.2983,turmeric
Erode_Tamil_Nadu,Erode,Tamil Nadu,11.3,77.7,58,34,99,7.19,50.5,2.19,2023,6315.7,36.27166666666667,22.748333333333335,29.509999999999998,69.09333333333333,20.158333333333335,20,0.6386166666666666,0.034341666666666666,-0.013099,0.7376,0.5396,0.0047,0.4671,0.77,1.0,0.2983,turmeric
Erode_Tamil_Nadu,Erode,Tamil Nadu,11.3,77.7,58,34,99,7.19,50.5,2.19,2023,6315.7,36.27166666666667,22.748333333333335,29.509999999999998,69.09333333333333,20.158333333333335,20,0.6386166666666666,0.034341666666666666,-0.013099,0.7376,0.5396,0.0047,0.4671,0.77,1.0,0.2983,turmeric
Erode_Tamil_Nadu,Erode,Tamil Nadu,11.3,77.7,58,34,99,7.19,50.5,2.19,2023,6315.7,36.27166666666667,22.748333333333335,29.509999999999998,69.09333333333333,20.158333333333335,20,0.6386166666666666,0.034341666666666666,-0.013099,0.7376,0.5396,0.0047,0.4671,0.77,1.0,0.2983,turmeric
Erode_Tamil_Nadu,Erode,Tamil Nadu,11.3,77.7,58,34,99,7.19,50.5,2.19,2023,6315.7,36.27166666666667,22.748333333333335,29.509999999999998,69.09333333333333,20.158333333333335,20,0.6386166666666666,0.034341666666666666,-0.013099,0.7376,0.5396,0.0047,0.4671,0.77,1.0,0.2983,turmeric
Erode_Tamil_Nadu,Erode,Tamil Nadu,11.3,77.7,65,31,93,7.18,53.1,1.83,2023,6315.7,36.27166666666667,22.748333333333335,29.509999999999998,69.09333333333333,20.158333333333335,20,0.6386166666666666,0.034341666666666666,-0.013099,0.7376,0.5396,0.0047,0.47,0.7733,1.0,0.3001,turmeric
Erode_Tamil_Nadu,Erode,Tamil Nadu,11.3,77.7,65,31,93,7.18,53.1,1.83,2023,6315.7,36.27166666666667,22.748333333333335,29.509999999999998,69.09333333333333,20.158333333333335,20,0.6386166666666666,0.034341666666666666,-0.013099,0.7376,0.5396,0.0047,0.47,0.7733,1.0,0.3001,turmeric
Erode_Tamil_Nadu,Erode,Tamil Nadu,11.3,77.7,65,31,93,7.18,53.1,1.83,2023,6315.7,36.27166666666667,22.748333333333335,29.509999999999998,69.09333333333333,20.158333333333335,20,0.6386166666666666,0.034341666666666666,-0.013099,0.7376,0.5396,0.0047,0.47,0.7733,1.0,0.3001,turmeric
Erode_Tamil_Nadu,Erode,Tamil Nadu,11.3,77.7,65,31,93,7.18,53.1,1.83,2023,6315.7,36.27166666666667,22.748333333333335,29.509999999999998,69.09333333333333,20.158333333333335,20,0.6386166666666666,0.034341666666666666,-0.013099,0.7376,0.5396,0.0047,0.47,0.7733,1.0,0.3001,turmeric
Erode_Tamil_Nadu,Erode,Tamil Nadu,11.3,77.7,65,31,93,7.18,53.1,1.83,2023,6315.7,36.27166666666667,22.748333333333335,29.509999999999998,69.09333333333333,20.158333333333335,20,0.6386166666666666,0.034341666666666666,-0.013099,0.7376,0.5396,0.0047,0.47,0.7733,1.0,0.3001,turmeric
Erode_Tamil_Nadu,Erode,Tamil Nadu,11.3,77.7,66,37,91,7.14,54.2,1.9,2023,6315.7,36.27166666666667,22.748333333333335,29.509999999999998,69.09333333333333,20.158333333333335,20,0.6386166666666666,0.034341666666666666,-0.013099,0.7376,0.5396,0.0047,0.5162,0.7867,1.0,0.3297,turmeric
Erode_Tamil_Nadu,Erode,Tamil Nadu,11.3,77.7,66,37,91,7.14,54.2,1.9,2023,6315.7,36.27166666666667,22.748333333333335,29.509999999999998,69.09333333333333,20.158333333333335,20,0.6386166666666666,0.034341666666666666,-0.013099,0.7376,0.5396,0.0047,0.5162,0.7867,1.0,0.3297,turmeric
Erode_Tamil_Nadu,Erode,Tamil Nadu,11.3,77.7,66,37,91,7.14,54.2,1.9,2023,6315.7,36.27166666666667,22.748333333333335,29.509999999999998,69.09333333333333,20.158333333333335,20,0.6386166666666666,0.034341666666666666,-0.013099,0.7376,0.5396,0.0047,0.5162,0.7867,1.0,0.3297,turmeric
Erode_Tamil_Nadu,Erode,Tamil Nadu,11.3,77.7,66,37,91,7.14,54.2,1.9,2023,6315.7,36.27166666666667,22.748333333333335,29.509999999999998,69.09333333333333,20.158333333333335,20,0.6386166666666666,0.034341666666666666,-0.013099,0.7376,0.5396,0.0047,0.5162,0.7867,1.0,0.3297,turmeric
Erode_Tamil_Nadu,Erode,Tamil Nadu,11.3,77.7,66,37,91,7.14,54.2,1.9,2023,6315.7,36.27166666666667,22.748333333333335,29.509999999999998,69.09333333333333,20.158333333333335,20,0.6386166666666666,0.034341666666666666,-0.013099,0.7376,0.5396,0.0047,0.5162,0.7867,1.0,0.3297,turmeric
Nashik_Maharashtra,Nashik,Maharashtra,20.0,73.8,80,39,104,6.93,55.6,2.52,2023,6095.7,35.265,18.021666666666665,26.64333333333333,59.080000000000005,22.073333333333334,20,0.6212333333333333,0.02953333333333333,-0.013097,0.7202,0.5222,0.0044,0.6634,0.8567,1.0,0.4121,onion
Nashik_Maharashtra,Nashik,Maharashtra,20.0,73.8,80,39,104,6.93,55.6,2.52,2023,6095.7,35.265,18.021666666666665,26.64333333333333,59.080000000000005,22.073333333333334,20,0.6212333333333333,0.02953333333333333,-0.013097,0.7202,0.5222,0.0044,0.6634,0.8567,1.0,0.4121,onion
Nashik_Maharashtra,Nashik,Maharashtra,20.0,73.8,80,39,104,6.93,55.6,2.52,2023,6095.7,35.265,18.021666666666665,26.64333333333333,59.080000000000005,22.073333333333334,20,0.6212333333333333,0.02953333333333333,-0.013097,0.7202,0.5222,0.0044,0.6634,0.8567,1.0,0.4121,onion
Nashik_Maharashtra,Nashik,Maharashtra,20.0,73.8,80,39,104,6.93,55.6,2.52,2023,6095.7,35.265,18.021666666666665,26.64333333333333,59.080000000000005,22.073333333333334,20,0.6212333333333333,0.02953333333333333,-0.013097,0.7202,0.5222,0.0044,0.6634,0.8567,1.0,0.4121,onion
Nashik_Maharashtra,Nashik,Maharashtra,20.0,73.8,80,39,104,6.93,55.6,2.52,2023,6095.7,35.265,18.021666666666665,26.64333333333333,59.080000000000005,22.073333333333334,20,0.6212333333333333,0.02953333333333333,-0.013097,0.7202,0.5222,0.0044,0.6634,0.8567,1.0,0.4121,onion
Nashik_Maharashtra,Nashik,Maharashtra,20.0,73.8,72,46,112,6.81,51.6,2.64,2023,6095.7,35.265,18.021666666666665,26.64333333333333,59.080000000000005,22.073333333333334,20,0.6212333333333333,0.02953333333333333,-0.013097,0.7202,0.5222,0.0044,0.6912,0.8967,1.0,0.4294,onion
Nashik_Maharashtra,Nashik,Maharashtra,20.0,73.8,72,46,112,6.81,51.6,2.64,2023,6095.7,35.265,18.021666666666665,26.64333333333333,59.080000000000005,22.073333333333334,20,0.6212333333333333,0.02953333333333333,-0.013097,0.7202,0.5222,0.0044,0.6912,0.8967,1.0,0.4294,onion
Nashik_Maharashtra,Nashik,Maharashtra,20.0,73.8,72,46,112,6.81,51.6,2.64,2023,6095.7,35.265,18.021666666666665,26.64333333333333,59.080000000000005,22.073333333333334,20,0.6212333333333333,0.02953333333333333,-0.013097,0.7202,0.5222,0.0044,0.6912,0.8967,1.0,0.4294,onion
Nashik_Maharashtra,Nashik,Maharashtra,20.0,73.8,72,46,112,6.81,51.6,2.64,2023,6095.7,35.265,18.021666666666665,26.64333333333333,59.080000000000005,22.073333333333334,20,0.6212333333333333,0.02953333333333333,-0.013097,0.7202,0.5222,0.0044,0.6912,0.8967,1.0,0.4294,onion
Nashik_Maharashtra,Nashik,Maharashtra,20.0,73.8,72,46,112,6.81,51.6,2.64,2023,6095.7,35.265,18.021666666666665,26.64333333333333,59.080000000000005,22.073333333333334,20,0.6212333333333333,0.02953333333333333,-0.013097,0.7202,0.5222,0.0044,0.6912,0.8967,1.0,0.4294,onion
Nashik_Maharashtra,Nashik,Maharashtra,20.0,73.8,69,44,111,6.92,55.0,2.34,2023,6095.7,35.265,18.021666666666665,26.64333333333333,59.080000000000005,22.073333333333334,20,0.6212333333333333,0.02953333333333333,-0.013097,0.7202,0.5222,0.0044,0.6533,0.86,1.0,0.4059,onion
Nashik_Maharashtra,Nashik,Maharashtra,20.0,73.8,69,44,111,6.92,55.0,2.34,2023,6095.7,35.265,18.021666666666665,26.64333333333333,59.080000000000005,22.073333333333334,20,0.6212333333333333,0.02953333333333333,-0.013097,0.7202,0.5222,0.0044,0.6533,0.86,1.0,0.4059,onion
Nashik_Maharashtra,Nashik,Maharashtra,20.0,73.8,69,44,111,6.92,55.0,2.34,2023,6095.7,35.265,18.021666666666665,26.64333333333333,59.080000000000005,22.073333333333334,20,0.6212333333333333,0.02953333333333333,-0.013097,0.7202,0.5222,0.0044,0.6533,0.86,1.0,0.4059,onion
Nashik_Maharashtra,Nashik,Maharashtra,20.0,73.8,69,44,111,6.92,55.0,2.34,2023,6095.7,35.265,18.021666666666665,26.64333333333333,59.080000000000005,22.073333333333334,20,0.6212333333333333,0.02953333333333333,-0.013097,0.7202,0.5222,0.0044,0.6533,0.86,1.0,0.4059,onion
Nashik_Maharashtra,Nashik,Maharashtra,20.0,73.8,69,44,111,6.92,55.0,2.34,2023,6095.7,35.265,18.021666666666665,26.64333333333333,59.080000000000005,22.073333333333334,20,0.6212333333333333,0.02953333333333333,-0.013097,0.7202,0.5222,0.0044,0.6533,0.86,1.0,0.4059,onion
Nashik_Maharashtra,Nashik,Maharashtra,20.0,73.8,76,45,115,6.93,57.4,2.62,2023,6095.7,35.265,18.021666666666665,26.64333333333333,59.080000000000005,22.073333333333334,20,0.6212333333333333,0.02953333333333333,-0.013097,0.7202,0.5222,0.0044,0.7189,0.8567,1.0,0.4466,onion
Nashik_Maharashtra,Nashik,Maharashtra,20.0,73.8,76,45,115,6.93,57.4,2.62,2023,6095.7,35.265,18.021666666666665,26.64333333333333,59.080000000000005,22.073333333333334,20,0.6212333333333333,0.02953333333333333,-0.013097,0.7202,0.5222,0.0044,0.7189,0.8567,1.0,0.4466,onion
Nashik_Maharashtra,Nashik,Maharashtra,20.0,73.8,76,45,115,6.93,57.4,2.62,2023,6095.7,35.265,18.021666666666665,26.64333333333333,59.080000000000005,22.073333333333334,20,0.6212333333333333,0.02953333333333333,-0.013097,0.7202,0.5222,0.0044,0.7189,0.8567,1.0,0.4466,onion
Nashik_Maharashtra,Nashik,Maharashtra,20.0,73.8,76,45,115,6.93,57.4,2.62,2023,6095.7,35.265,18.021666666666665,26.64333333333333,59.080000000000005,22.073333333333334,20,0.6212333333333333,0.02953333333333333,-0.013097,0.7202,0.5222,0.0044,0.7189,0.8567,1.0,0.4466,onion
Nashik_Maharashtra,Nashik,Maharashtra,20.0,73.8,76,45,115,6.93,57.4,2.62,2023,6095.7,35.265,18.021666666666665,26.64333333333333,59.080000000000005,22.073333333333334,20,0.6212333333333333,0.02953333333333333,-0.013097,0.7202,0.5222,0.0044,0.7189,0.8567,1.0,0.4466,onion
Nashik_Maharashtra,Nashik,Maharashtra,20.0,73.8,74,43,115,6.8,57.9,2.31,2023,6095.7,35.265,18.021666666666665,26.64333333333333,59.080000000000005,22.073333333333334,20,0.6212333333333333,0.02953333333333333,-0.013097,0.7202,0.5222,0.0044,0.6906,0.9,1.0,0.429,onion
Nashik_Maharashtra,Nashik,Maharashtra,20.0,73.8,74,43,115,6.8,57.9,2.31,2023,6095.7,35.265,18.021666666666665,26.64333333333333,59.080000000000005,22.073333333333334,20,0.6212333333333333,0.02953333333333333,-0.013097,0.7202,0.5222,0.0044,0.6906,0.9,1.0,0.429,onion
Nashik_Maharashtra,Nashik,Maharashtra,20.0,73.8,74,43,115,6.8,57.9,2.31,2023,6095.7,35.265,18.021666666666665,26.64333333333333,59.080000000000005,22.073333333333334,20,0.6212333333333333,0.02953333333333333,-0.013097,0.7202,0.5222,0.0044,0.6906,0.9,1.0,0.429,onion
Nashik_Maharashtra,Nashik,Maharashtra,20.0,73.8,74,43,115,6.8,57.9,2.31,2023,6095.7,35.265,18.021666666666665,26.64333333333333,59.080000000000005,22.073333333333334,20,0.6212333333333333,0.02953333333333333,-0.013097,0.7202,0.5222,0.0044,0.6906,0.9,1.0,0.429,onion
Nashik_Maharashtra,Nashik,Maharashtra,20.0,73.8,74,43,115,6.8,57.9,2.31,2023,6095.7,35.265,18.021666666666665,26.64333333333333,59.080000000000005,22.073333333333334,20,0.6212333333333333,0.02953333333333333,-0.013097,0.7202,0.5222,0.0044,0.6906,0.9,1.0,0.429,onion
Pune_Maharashtra,Pune,Maharashtra,18.5,73.8,62,33,97,7.07,49.1,2.26,2023,6123.2,33.803333333333335,18.855,26.329166666666666,57.465,20.945,20,0.36633333333333334,0.02645,-0.013097,0.4653,0.2673,0.0043,0.4788,0.81,1.0,0.1754,sugarcane
Pune_Maharashtra,Pune,Maharashtra,18.5,73.8,62,33,97,7.07,49.1,2.26,2023,6123.2,33.803333333333335,18.855,26.329166666666666,57.465,20.945,20,0.36633333333333334,0.02645,-0.013097,0.4653,0.2673,0.0043,0.4788,0.81,1.0,0.1754,sugarcane
Pune_Maharashtra,Pune,Maharashtra,18.5,73.8,62,33,97,7.07,49.1,2.26,2023,6123.2,33.803333333333335,18.855,26.329166666666666,57.465,20.945,20,0.36633333333333334,0.02645,-0.013097,0.4653,0.2673,0.0043,0.4788,0.81,1.0,0.1754,sugarcane
Pune_Maharashtra,Pune,Maharashtra,18.5,73.8,62,33,97,7.07,49.1,2.26,2023,6123.2,33.803333333333335,18.855,26.329166666666666,57.465,20.945,20,0.36633333333333334,0.02645,-0.013097,0.4653,0.2673,0.0043,0.4788,0.81,1.0,0.1754,sugarcane
Pune_Maharashtra,Pune,Maharashtra,18.5,73.8,62,33,97,7.07,49.1,2.26,2023,6123.2,33.803333333333335,18.855,26.329166666666666,57.465,20.945,20,0.36633333333333334,0.02645,-0.013097,0.4653,0.2673,0.0043,0.4788,0.81,1.0,0.1754,sugarcane
Pune_Maharashtra,Pune,Maharashtra,18.5,73.8,63,37,90,7.04,46.5,1.91,2023,6123.2,33.803333333333335,18.855,26.329166666666666,57.465,20.945,20,0.36633333333333334,0.02645,-0.013097,0.4653,0.2673,0.0043,0.4937,0.82,1.0,0.1809,sugarcane
Pune_Maharashtra,Pune,Maharashtra,18.5,73.8,63,37,90,7.04,46.5,1.91,2023,6123.2,33.803333333333335,18.855,26.329166666666666,57.465,20.945,20,0.36633333333333334,0.02645,-0.013097,0.4653,0.2673,0.0043,0.4937,0.82,1.0,0.1809,sugarcane
Pune_Maharashtra,Pune,Maharashtra,18.5,73.8,63,37,90,7.04,46.5,1.91,2023,6123.2,33.803333333333335,18.855,26.329166666666666,57.465,20.945,20,0.36633333333333334,0.02645,-0.013097,0.4653,0.2673,0.0043,0.4937,0.82,1.0,0.1809,sugarcane
Pune_Maharashtra,Pune,Maharashtra,18.5,73.8,63,37,90,7.04,46.5,1.91,2023,6123.2,33.803333333333335,18.855,26.329166666666666,57.465,20.945,20,0.36633333333333334,0.02645,-0.013097,0.4653,0.2673,0.0043,0.4937,0.82,1.0,0.1809,sugarcane
Pune_Maharashtra,Pune,Maharashtra,18.5,73.8,63,37,90,7.04,46.5,1.91,2023,6123.2,33.803333333333335,18.855,26.329166666666666,57.465,20.945,20,0.36633333333333334,0.02645,-0.013097,0.4653,0.2673,0.0043,0.4937,0.82,1.0,0.1809,sugarcane
Pune_Maharashtra,Pune,Maharashtra,18.5,73.8,62,37,91,7.19,50.3,2.25,2023,6123.2,33.803333333333335,18.855,26.329166666666666,57.465,20.945,20,0.36633333333333334,0.02645,-0.013097,0.4653,0.2673,0.0043,0.4904,0.77,1.0,0.1796,sugarcane
Pune_Maharashtra,Pune,Maharashtra,18.5,73.8,62,37,91,7.19,50.3,2.25,2023,6123.2,33.803333333333335,18.855,26.329166666666666,57.465,20.945,20,0.36633333333333334,0.02645,-0.013097,0.4653,0.2673,0.0043,0.4904,0.77,1.0,0.1796,sugarcane
Pune_Maharashtra,Pune,Maharashtra,18.5,73.8,62,37,91,7.19,50.3,2.25,2023,6123.2,33.803333333333335,18.855,26.329166666666666,57.465,20.945,20,0.36633333333333334,0.02645,-0.013097,0.4653,0.2673,0.0043,0.4904,0.77,1.0,0.1796,sugarcane
Pune_Maharashtra,Pune,Maharashtra,18.5,73.8,62,37,91,7.19,50.3,2.25,2023,6123.2,33.803333333333335,18.855,26.329166666666666,57.465,20.945,20,0.36633333333333334,0.02645,-0.013097,0.4653,0.2673,0.0043,0.4904,0.77,1.0,0.1796,sugarcane
Pune_Maharashtra,Pune,Maharashtra,18.5,73.8,62,37,91,7.19,50.3,2.25,2023,6123.2,33.803333333333335,18.855,26.329166666666666,57.465,20.945,20,0.36633333333333334,0.02645,-0.013097,0.4653,0.2673,0.0043,0.4904,0.77,1.0,0.1796,sugarcane
Pune_Maharashtra,Pune,Maharashtra,18.5,73.8,73,38,100,7.04,46.1,2.22,2023,6123.2,33.803333333333335,18.855,26.329166666666666,57.465,20.945,20,0.36633333333333334,0.02645,-0.013097,0.4653,0.2673,0.0043,0.5978,0.82,1.0,0.219,sugarcane
Pune_Maharashtra,Pune,Maharashtra,18.5,73.8,73,38,100,7.04,46.1,2.22,2023,6123.2,33.803333333333335,18.855,26.329166666666666,57.465,20.945,20,0.36633333333333334,0.02645,-0.013097,0.4653,0.2673,0.0043,0.5978,0.82,1.0,0.219,sugarcane
Pune_Maharashtra,Pune,Maharashtra,18.5,73.8,73,38,100,7.04,46.1,2.22,2023,6123.2,33.803333333333335,18.855,26.329166666666666,57.465,20.945,20,0.36633333333333334,0.02645,-0.013097,0.4653,0.2673,0.0043,0.5978,0.82,1.0,0.219,sugarcane
Pune_Maharashtra,Pune,Maharashtra,18.5,73.8,73,38,100,7.04,46.1,2.22,2023,6123.2,33.803333333333335,18.855,26.329166666666666,57.465,20.945,20,0.36633333333333334,0.02645,-0.013097,0.4653,0.2673,0.0043,0.5978,0.82,1.0,0.219,sugarcane
Pune_Maharashtra,Pune,Maharashtra,18.5,73.8,73,38,100,7.04,46.1,2.22,2023,6123.2,33.803333333333335,18.855,26.329166666666666,57.465,20.945,20,0.36633333333333334,0.02645,-0.013097,0.4653,0.2673,0.0043,0.5978,0.82,1.0,0.219,sugarcane
Pune_Maharashtra,Pune,Maharashtra,18.5,73.8,71,35,94,6.95,45.4,2.13,2023,6123.2,33.803333333333335,18.855,26.329166666666666,57.465,20.945,20,0.36633333333333334,0.02645,-0.013097,0.4653,0.2673,0.0043,0.5427,0.85,1.0,0.1988,sugarcane
Pune_Maharashtra,Pune,Maharashtra,18.5,73.8,71,35,94,6.95,45.4,2.13,2023,6123.2,33.803333333333335,18.855,26.329166666666666,57.465,20.945,20,0.36633333333333334,0.02645,-0.013097,0.4653,0.2673,0.0043,0.5427,0.85,1.0,0.1988,sugarcane
Pune_Maharashtra,Pune,Maharashtra,18.5,73.8,71,35,94,6.95,45.4,2.13,2023,6123.2,33.803333333333335,18.855,26.329166666666666,57.465,20.945,20,0.36633333333333334,0.02645,-0.013097,0.4653,0.2673,0.0043,0.5427,0.85,1.0,0.1988,sugarcane
Pune_Maharashtra,Pune,Maharashtra,18.5,73.8,71,35,94,6.95,45.4,2.13,2023,6123.2,33.803333333333335,18.855,26.329166666666666,57.465,20.945,20,0.36633333333333334,0.02645,-0.013097,0.4653,0.2673,0.0043,0.5427,0.85,1.0,0.1988,sugarcane
Pune_Maharashtra,Pune,Maharashtra,18.5,73.8,71,35,94,6.95,45.4,2.13,2023,6123.2,33.803333333333335,18.855,26.329166666666666,57.465,20.945,20,0.36633333333333334,0.02645,-0.013097,0.4653,0.2673,0.0043,0.5427,0.85,1.0,0.1988,sugarcane
Nagpur_Maharashtra,Nagpur,Maharashtra,21.1,79.1,75,40,104,7.41,48.1,1.65,2023,8071.099999999999,38.04833333333333,22.133333333333333,30.090833333333332,64.40333333333334,22.151666666666664,20,0.4456333333333333,0.03644166666666667,-0.013097,0.5446,0.3466,0.0037,0.6389,0.6967,1.0,0.2847,cotton
Nagpur_Maharashtra,Nagpur,Maharashtra,21.1,79.1,75,40,104,7.41,48.1,1.65,2023,8071.099999999999,38.04833333333333,22.133333333333333,30.090833333333332,64.40333333333334,22.151666666666664,20,0.4456333333333333,0.03644166666666667,-0.013097,0.5446,0.3466,0.0037,0.6389,0.6967,1.0,0.2847,cotton
Nagpur_Maharashtra,Nagpur,Maharashtra,21.1,79.1,75,40,104,7.41,48.1,1.65,2023,8071.099999999999,38.04833333333333,22.133333333333333,30.090833333333332,64.40333333333334,22.151666666666664,20,0.4456333333333333,0.03644166666666667,-0.013097,0.5446,0.3466,0.0037,0.6389,0.6967,1.0,0.2847,cotton
Nagpur_Maharashtra,Nagpur,Maharashtra,21.1,79.1,75,40,104,7.41,48.1,1.65,2023,8071.099999999999,38.04833333333333,22.133333333333333,30.090833333333332,64.40333333333334,22.151666666666664,20,0.4456333333333333,0.03644166666666667,-0.013097,0.5446,0.3466,0.0037,0.6389,0.6967,1.0,0.2847,cotton
Nagpur_Maharashtra,Nagpur,Maharashtra,21.1,79.1,75,40,104,7.41,48.1,1.65,2023,8071.099999999999,38.04833333333333,22.133333333333333,30.090833333333332,64.40333333333334,22.151666666666664,20,0.4456333333333333,0.03644166666666667,-0.013097,0.5446,0.3466,0.0037,0.6389,0.6967,1.0,0.2847,cotton
Nagpur_Maharashtra,Nagpur,Maharashtra,21.1,79.1,75,35,111,7.49,47.9,1.94,2023,8071.099999999999,38.04833333333333,22.133333333333333,30.090833333333332,64.40333333333334,22.151666666666664,20,0.4456333333333333,0.03644166666666667,-0.013097,0.5446,0.3466,0.0037,0.6228,0.67,1.0,0.2775,cotton
Nagpur_Maharashtra,Nagpur,Maharashtra,21.1,79.1,75,35,111,7.49,47.9,1.94,2023,8071.099999999999,38.04833333333333,22.133333333333333,30.090833333333332,64.40333333333334,22.151666666666664,20,0.4456333333333333,0.03644166666666667,-0.013097,0.5446,0.3466,0.0037,0.6228,0.67,1.0,0.2775,cotton
Nagpur_Maharashtra,Nagpur,Maharashtra,21.1,79.1,75,35,111,7.49,47.9,1.94,2023,8071.099999999999,38.04833333333333,22.133333333333333,30.090833333333332,64.40333333333334,22.151666666666664,20,0.4456333333333333,0.03644166666666667,-0.013097,0.5446,0.3466,0.0037,0.6228,0.67,1.0,0.2775,cotton
Nagpur_Maharashtra,Nagpur,Maharashtra,21.1,79.1,75,35,111,7.49,47.9,1.94,2023,8071.099999999999,38.04833333333333,22.133333333333333,30.090833333333332,64.40333333333334,22.151666666666664,20,0.4456333333333333,0.03644166666666667,-0.013097,0.5446,0.3466,0.0037,0.6228,0.67,1.0,0.2775,cotton
Nagpur_Maharashtra,Nagpur,Maharashtra,21.1,79.1,75,35,111,7.49,47.9,1.94,2023,8071.099999999999,38.04833333333333,22.133333333333333,30.090833333333332,64.40333333333334,22.151666666666664,20,0.4456333333333333,0.03644166666666667,-0.013097,0.5446,0.3466,0.0037,0.6228,0.67,1.0,0.2775,cotton
Nagpur_Maharashtra,Nagpur,Maharashtra,21.1,79.1,72,39,95,7.17,48.7,1.71,2023,8071.099999999999,38.04833333333333,22.133333333333333,30.090833333333332,64.40333333333334,22.151666666666664,20,0.4456333333333333,0.03644166666666667,-0.013097,0.5446,0.3466,0.0037,0.5831,0.7767,1.0,0.2598,cotton
Nagpur_Maharashtra,Nagpur,Maharashtra,21.1,79.1,72,39,95,7.17,48.7,1.71,2023,8071.099999999999,38.04833333333333,22.133333333333333,30.090833333333332,64.40333333333334,22.151666666666664,20,0.4456333333333333,0.03644166666666667,-0.013097,0.5446,0.3466,0.0037,0.5831,0.7767,1.0,0.2598,cotton
Nagpur_Maharashtra,Nagpur,Maharashtra,21.1,79.1,72,39,95,7.17,48.7,1.71,2023,8071.099999999999,38.04833333333333,22.133333333333333,30.090833333333332,64.40333333333334,22.151666666666664,20,0.4456333333333333,0.03644166666666667,-0.013097,0.5446,0.3466,0.0037,0.5831,0.7767,1.0,0.2598,cotton
Nagpur_Maharashtra,Nagpur,Maharashtra,21.1,79.1,72,39,95,7.17,48.7,1.71,2023,8071.099999999999,38.04833333333333,22.133333333333333,30.090833333333332,64.40333333333334,22.151666666666664,20,0.4456333333333333,0.03644166666666667,-0.013097,0.5446,0.3466,0.0037,0.5831,0.7767,1.0,0.2598,cotton
Nagpur_Maharashtra,Nagpur,Maharashtra,21.1,79.1,72,39,95,7.17,48.7,1.71,2023,8071.099999999999,38.04833333333333,22.133333333333333,30.090833333333332,64.40333333333334,22.151666666666664,20,0.4456333333333333,0.03644166666666667,-0.013097,0.5446,0.3466,0.0037,0.5831,0.7767,1.0,0.2598,cotton
Nagpur_Maharashtra,Nagpur,Maharashtra,21.1,79.1,73,36,103,7.21,46.3,1.79,2023,8071.099999999999,38.04833333333333,22.133333333333333,30.090833333333332,64.40333333333334,22.151666666666664,20,0.4456333333333333,0.03644166666666667,-0.013097,0.5446,0.3466,0.0037,0.592,0.7633,1.0,0.2638,cotton
Nagpur_Maharashtra,Nagpur,Maharashtra,21.1,79.1,73,36,103,7.21,46.3,1.79,2023,8071.099999999999,38.04833333333333,22.133333333333333,30.090833333333332,64.40333333333334,22.151666666666664,20,0.4456333333333333,0.03644166666666667,-0.013097,0.5446,0.3466,0.0037,0.592,0.7633,1.0,0.2638,cotton
Nagpur_Maharashtra,Nagpur,Maharashtra,21.1,79.1,73,36,103,7.21,46.3,1.79,2023,8071.099999999999,38.04833333333333,22.133333333333333,30.090833333333332,64.40333333333334,22.151666666666664,20,0.4456333333333333,0.03644166666666667,-0.013097,0.5446,0.3466,0.0037,0.592,0.7633,1.0,0.2638,cotton
Nagpur_Maharashtra,Nagpur,Maharashtra,21.1,79.1,73,36,103,7.21,46.3,1.79,2023,8071.099999999999,38.04833333333333,22.133333333333333,30.090833333333332,64.40333333333334,22.151666666666664,20,0.4456333333333333,0.03644166666666667,-0.013097,0.5446,0.3466,0.0037,0.592,0.7633,1.0,0.2638,cotton
Nagpur_Maharashtra,Nagpur,Maharashtra,21.1,79.1,73,36,103,7.21,46.3,1.79,2023,8071.099999999999,38.04833333333333,22.133333333333333,30.090833333333332,64.40333333333334,22.151666666666664,20,0.4456333333333333,0.03644166666666667,-0.013097,0.5446,0.3466,0.0037,0.592,0.7633,1.0,0.2638,cotton
Nagpur_Maharashtra,Nagpur,Maharashtra,21.1,79.1,68,35,100,7.23,47.3,1.76,2023,8071.099999999999,38.04833333333333,22.133333333333333,30.090833333333332,64.40333333333334,22.151666666666664,20,0.4456333333333333,0.03644166666666667,-0.013097,0.5446,0.3466,0.0037,0.5425,0.7567,1.0,0.2418,cotton
Nagpur_Maharashtra,Nagpur,Maharashtra,21.1,79.1,68,35,100,7.23,47.3,1.76,2023,8071.099999999999,38.04833333333333,22.133333333333333,30.090833333333332,64.40333333333334,22.151666666666664,20,0.4456333333333333,0.03644166666666667,-0.013097,0.5446,0.3466,0.0037,0.5425,0.7567,1.0,0.2418,cotton
Nagpur_Maharashtra,Nagpur,Maharashtra,21.1,79.1,68,35,100,7.23,47.3,1.76,2023,8071.099999999999,38.04833333333333,22.133333333333333,30.090833333333332,64.40333333333334,22.151666666666664,20,0.4456333333333333,0.03644166666666667,-0.013097,0.5446,0.3466,0.0037,0.5425,0.7567,1.0,0.2418,cotton
Nagpur_Maharashtra,Nagpur,Maharashtra,21.1,79.1,68,35,100,7.23,47.3,1.76,2023,8071.099999999999,38.04833333333333,22.133333333333333,30.090833333333332,64.40333333333334,22.151666666666664,20,0.4456333333333333,0.03644166666666667,-0.013097,0.5446,0.3466,0.0037,0.5425,0.7567,1.0,0.2418,cotton
Nagpur_Maharashtra,Nagpur,Maharashtra,21.1,79.1,68,35,100,7.23,47.3,1.76,2023,8071.099999999999,38.04833333333333,22.133333333333333,30.090833333333332,64.40333333333334,22.151666666666664,20,0.4456333333333333,0.03644166666666667,-0.013097,0.5446,0.3466,0.0037,0.5425,0.7567,1.0,0.2418,cotton
Amravati_Maharashtra,Amravati,Maharashtra,20.9,77.7,65,35,90,7.09,45.3,1.75,2023,7652.9,37.74666666666667,22.078333333333333,29.9125,63.38,22.01833333333333,20,0.6230833333333333,0.026333333333333334,-0.013099,0.7221,0.5241,0.0039,0.4912,0.8033,1.0,0.3061,cotton
Amravati_Maharashtra,Amravati,Maharashtra,20.9,77.7,65,35,90,7.09,45.3,1.75,2023,7652.9,37.74666666666667,22.078333333333333,29.9125,63.38,22.01833333333333,20,0.6230833333333333,0.026333333333333334,-0.013099,0.7221,0.5241,0.0039,0.4912,0.8033,1.0,0.3061,cotton
Amravati_Maharashtra,Amravati,Maharashtra,20.9,77.7,65,35,90,7.09,45.3,1.75,2023,7652.9,37.74666666666667,22.078333333333333,29.9125,63.38,22.01833333333333,20,0.6230833333333333,0.026333333333333334,-0.013099,0.7221,0.5241,0.0039,0.4912,0.8033,1.0,0.3061,cotton
Amravati_Maharashtra,Amravati,Maharashtra,20.9,77.7,65,35,90,7.09,45.3,1.75,2023,7652.9,37.74666666666667,22.078333333333333,29.9125,63.38,22.01833333333333,20,0.6230833333333333,0.026333333333333334,-0.013099,0.7221,0.5241,0.0039,0.4912,0.8033,1.0,0.3061,cotton
Amravati_Maharashtra,Amravati,Maharashtra,20.9,77.7,65,35,90,7.09,45.3,1.75,2023,7652.9,37.74666666666667,22.078333333333333,29.9125,63.38,22.01833333333333,20,0.6230833333333333,0.026333333333333334,-0.013099,0.7221,0.5241,0.0039,0.4912,0.8033,1.0,0.3061,cotton
Amravati_Maharashtra,Amravati,Maharashtra,20.9,77.7,73,33,92,7.16,44.6,1.6,2023,7652.9,37.74666666666667,22.078333333333333,29.9125,63.38,22.01833333333333,20,0.6230833333333333,0.026333333333333334,-0.013099,0.7221,0.5241,0.0039,0.5338,0.78,1.0,0.3326,cotton
Amravati_Maharashtra,Amravati,Maharashtra,20.9,77.7,73,33,92,7.16,44.6,1.6,2023,7652.9,37.74666666666667,22.078333333333333,29.9125,63.38,22.01833333333333,20,0.6230833333333333,0.026333333333333334,-0.013099,0.7221,0.5241,0.0039,0.5338,0.78,1.0,0.3326,cotton
Amravati_Maharashtra,Amravati,Maharashtra,20.9,77.7,73,33,92,7.16,44.6,1.6,2023,7652.9,37.74666666666667,22.078333333333333,29.9125,63.38,22.01833333333333,20,0.6230833333333333,0.026333333333333334,-0.013099,0.7221,0.5241,0.0039,0.5338,0.78,1.0,0.3326,cotton
Amravati_Maharashtra,Amravati,Maharashtra,20.9,77.7,73,33,92,7.16,44.6,1.6,2023,7652.9,37.74666666666667,22.078333333333333,29.9125,63.38,22.01833333333333,20,0.6230833333333333,0.026333333333333334,-0.013099,0.7221,0.5241,0.0039,0.5338,0.78,1.0,0.3326,cotton
Amravati_Maharashtra,Amravati,Maharashtra,20.9,77.7,73,33,92,7.16,44.6,1.6,2023,7652.9,37.74666666666667,22.078333333333333,29.9125,63.38,22.01833333333333,20,0.6230833333333333,0.026333333333333334,-0.013099,0.7221,0.5241,0.0039,0.5338,0.78,1.0,0.3326,cotton
Amravati_Maharashtra,Amravati,Maharashtra,20.9,77.7,76,42,90,7.08,41.3,1.72,2023,7652.9,37.74666666666667,22.078333333333333,29.9125,63.38,22.01833333333333,20,0.6230833333333333,0.026333333333333334,-0.013099,0.7221,0.5241,0.0039,0.616,0.8067,1.0,0.3838,cotton
Amravati_Maharashtra,Amravati,Maharashtra,20.9,77.7,76,42,90,7.08,41.3,1.72,2023,7652.9,37.74666666666667,22.078333333333333,29.9125,63.38,22.01833333333333,20,0.6230833333333333,0.026333333333333334,-0.013099,0.7221,0.5241,0.0039,0.616,0.8067,1.0,0.3838,cotton
Amravati_Maharashtra,Amravati,Maharashtra,20.9,77.7,76,42,90,7.08,41.3,1.72,2023,7652.9,37.74666666666667,22.078333333333333,29.9125,63.38,22.01833333333333,20,0.6230833333333333,0.026333333333333334,-0.013099,0.7221,0.5241,0.0039,0.616,0.8067,1.0,0.3838,cotton
Amravati_Maharashtra,Amravati,Maharashtra,20.9,77.7,76,42,90,7.08,41.3,1.72,2023,7652.9,37.74666666666667,22.078333333333333,29.9125,63.38,22.01833333333333,20,0.6230833333333333,0.026333333333333334,-0.013099,0.7221,0.5241,0.0039,0.616,0.8067,1.0,0.3838,cotton
Amravati_Maharashtra,Amravati,Maharashtra,20.9,77.7,76,42,90,7.08,41.3,1.72,2023,7652.9,37.74666666666667,22.078333333333333,29.9125,63.38,22.01833333333333,20,0.6230833333333333,0.026333333333333334,-0.013099,0.7221,0.5241,0.0039,0.616,0.8067,1.0,0.3838,cotton
Amravati_Maharashtra,Amravati,Maharashtra,20.9,77.7,77,41,93,7.31,43.8,1.81,2023,7652.9,37.74666666666667,22.078333333333333,29.9125,63.38,22.01833333333333,20,0.6230833333333333,0.026333333333333334,-0.013099,0.7221,0.5241,0.0039,0.6244,0.73,1.0,0.3891,cotton
Amravati_Maharashtra,Amravati,Maharashtra,20.9,77.7,77,41,93,7.31,43.8,1.81,2023,7652.9,37.74666666666667,22.078333333333333,29.9125,63.38,22.01833333333333,20,0.6230833333333333,0.026333333333333334,-0.013099,0.7221,0.5241,0.0039,0.6244,0.73,1.0,0.3891,cotton
Amravati_Maharashtra,Amravati,Maharashtra,20.9,77.7,77,41,93,7.31,43.8,1.81,2023,7652.9,37.74666666666667,22.078333333333333,29.9125,63.38,22.01833333333333,20,0.6230833333333333,0.026333333333333334,-0.013099,0.7221,0.5241,0.0039,0.6244,0.73,1.0,0.3891,cotton
Amravati_Maharashtra,Amravati,Maharashtra,20.9,77.7,77,41,93,7.31,43.8,1.81,2023,7652.9,37.74666666666667,22.078333333333333,29.9125,63.38,22.01833333333333,20,0.6230833333333333,0.026333333333333334,-0.013099,0.7221,0.5241,0.0039,0.6244,0.73,1.0,0.3891,cotton
Amravati_Maharashtra,Amravati,Maharashtra,20.9,77.7,77,41,93,7.31,43.8,1.81,2023,7652.9,37.74666666666667,22.078333333333333,29.9125,63.38,22.01833333333333,20,0.6230833333333333,0.026333333333333334,-0.013099,0.7221,0.5241,0.0039,0.6244,0.73,1.0,0.3891,cotton
Amravati_Maharashtra,Amravati,Maharashtra,20.9,77.7,63,40,100,7.33,45.1,1.89,2023,7652.9,37.74666666666667,22.078333333333333,29.9125,63.38,22.01833333333333,20,0.6230833333333333,0.026333333333333334,-0.013099,0.7221,0.5241,0.0039,0.5487,0.7233,1.0,0.3419,cotton
Amravati_Maharashtra,Amravati,Maharashtra,20.9,77.7,63,40,100,7.33,45.1,1.89,2023,7652.9,37.74666666666667,22.078333333333333,29.9125,63.38,22.01833333333333,20,0.6230833333333333,0.026333333333333334,-0.013099,0.7221,0.5241,0.0039,0.5487,0.7233,1.0,0.3419,cotton
Amravati_Maharashtra,Amravati,Maharashtra,20.9,77.7,63,40,100,7.33,45.1,1.89,2023,7652.9,37.74666666666667,22.078333333333333,29.9125,63.38,22.01833333333333,20,0.6230833333333333,0.026333333333333334,-0.013099,0.7221,0.5241,0.0039,0.5487,0.7233,1.0,0.3419,cotton
Amravati_Maharashtra,Amravati,Maharashtra,20.9,77.7,63,40,100,7.33,45.1,1.89,2023,7652.9,37.74666666666667,22.078333333333333,29.9125,63.38,22.01833333333333,20,0.6230833333333333,0.026333333333333334,-0.013099,0.7221,0.5241,0.0039,0.5487,0.7233,1.0,0.3419,cotton
Amravati_Maharashtra,Amravati,Maharashtra,20.9,77.7,63,40,100,7.33,45.1,1.89,2023,7652.9,37.74666666666667,22.078333333333333,29.9125,63.38,22.01833333333333,20,0.6230833333333333,0.026333333333333334,-0.013099,0.7221,0.5241,0.0039,0.5487,0.7233,1.0,0.3419,cotton
Kolhapur_Maharashtra,Kolhapur,Maharashtra,16.7,74.2,86,47,129,6.78,65.4,2.9,2023,9867.7,31.904999999999998,19.8,25.852500000000003,78.88166666666667,18.029999999999998,20,0.5863416666666666,0.02828333333333333,-0.013095,0.6853,0.4874,0.0026,0.8435,0.9067,1.0,0.4946,sugarcane
Kolhapur_Maharashtra,Kolhapur,Maharashtra,16.7,74.2,86,47,129,6.78,65.4,2.9,2023,9867.7,31.904999999999998,19.8,25.852500000000003,78.88166666666667,18.029999999999998,20,0.5863416666666666,0.02828333333333333,-0.013095,0.6853,0.4874,0.0026,0.8435,0.9067,1.0,0.4946,sugarcane
Kolhapur_Maharashtra,Kolhapur,Maharashtra,16.7,74.2,86,47,129,6.78,65.4,2.9,2023,9867.7,31.904999999999998,19.8,25.852500000000003,78.88166666666667,18.029999999999998,20,0.5863416666666666,0.02828333333333333,-0.013095,0.6853,0.4874,0.0026,0.8435,0.9067,1.0,0.4946,sugarcane
Kolhapur_Maharashtra,Kolhapur,Maharashtra,16.7,74.2,86,47,129,6.78,65.4,2.9,2023,9867.7,31.904999999999998,19.8,25.852500000000003,78.88166666666667,18.029999999999998,20,0.5863416666666666,0.02828333333333333,-0.013095,0.6853,0.4874,0.0026,0.8435,0.9067,1.0,0.4946,sugarcane
Kolhapur_Maharashtra,Kolhapur,Maharashtra,16.7,74.2,86,47,129,6.78,65.4,2.9,2023,9867.7,31.904999999999998,19.8,25.852500000000003,78.88166666666667,18.029999999999998,20,0.5863416666666666,0.02828333333333333,-0.013095,0.6853,0.4874,0.0026,0.8435,0.9067,1.0,0.4946,sugarcane
Kolhapur_Maharashtra,Kolhapur,Maharashtra,16.7,74.2,76,45,119,6.6,61.4,2.95,2023,9867.7,31.904999999999998,19.8,25.852500000000003,78.88166666666667,18.029999999999998,20,0.5863416666666666,0.02828333333333333,-0.013095,0.6853,0.4874,0.0026,0.7317,0.9667,1.0,0.429,sugarcane
Kolhapur_Maharashtra,Kolhapur,Maharashtra,16.7,74.2,76,45,119,6.6,61.4,2.95,2023,9867.7,31.904999999999998,19.8,25.852500000000003,78.88166666666667,18.029999999999998,20,0.5863416666666666,0.02828333333333333,-0.013095,0.6853,0.4874,0.0026,0.7317,0.9667,1.0,0.429,sugarcane
Kolhapur_Maharashtra,Kolhapur,Maharashtra,16.7,74.2,76,45,119,6.6,61.4,2.95,2023,9867.7,31.904999999999998,19.8,25.852500000000003,78.88166666666667,18.029999999999998,20,0.5863416666666666,0.02828333333333333,-0.013095,0.6853,0.4874,0.0026,0.7317,0.9667,1.0,0.429,sugarcane
Kolhapur_Maharashtra,Kolhapur,Maharashtra,16.7,74.2,76,45,119,6.6,61.4,2.95,2023,9867.7,31.904999999999998,19.8,25.852500000000003,78.88166666666667,18.029999999999998,20,0.5863416666666666,0.02828333333333333,-0.013095,0.6853,0.4874,0.0026,0.7317,0.9667,1.0,0.429,sugarcane
Kolhapur_Maharashtra,Kolhapur,Maharashtra,16.7,74.2,76,45,119,6.6,61.4,2.95,2023,9867.7,31.904999999999998,19.8,25.852500000000003,78.88166666666667,18.029999999999998,20,0.5863416666666666,0.02828333333333333,-0.013095,0.6853,0.4874,0.0026,0.7317,0.9667,1.0,0.429,sugarcane
Kolhapur_Maharashtra,Kolhapur,Maharashtra,16.7,74.2,73,40,129,6.55,62.3,2.81,2023,9867.7,31.904999999999998,19.8,25.852500000000003,78.88166666666667,18.029999999999998,20,0.5863416666666666,0.02828333333333333,-0.013095,0.6853,0.4874,0.0026,0.7058,0.9833,1.0,0.4138,sugarcane
Kolhapur_Maharashtra,Kolhapur,Maharashtra,16.7,74.2,73,40,129,6.55,62.3,2.81,2023,9867.7,31.904999999999998,19.8,25.852500000000003,78.88166666666667,18.029999999999998,20,0.5863416666666666,0.02828333333333333,-0.013095,0.6853,0.4874,0.0026,0.7058,0.9833,1.0,0.4138,sugarcane
Kolhapur_Maharashtra,Kolhapur,Maharashtra,16.7,74.2,73,40,129,6.55,62.3,2.81,2023,9867.7,31.904999999999998,19.8,25.852500000000003,78.88166666666667,18.029999999999998,20,0.5863416666666666,0.02828333333333333,-0.013095,0.6853,0.4874,0.0026,0.7058,0.9833,1.0,0.4138,sugarcane
Kolhapur_Maharashtra,Kolhapur,Maharashtra,16.7,74.2,73,40,129,6.55,62.3,2.81,2023,9867.7,31.904999999999998,19.8,25.852500000000003,78.88166666666667,18.029999999999998,20,0.5863416666666666,0.02828333333333333,-0.013095,0.6853,0.4874,0.0026,0.7058,0.9833,1.0,0.4138,sugarcane
Kolhapur_Maharashtra,Kolhapur,Maharashtra,16.7,74.2,73,40,129,6.55,62.3,2.81,2023,9867.7,31.904999999999998,19.8,25.852500000000003,78.88166666666667,18.029999999999998,20,0.5863416666666666,0.02828333333333333,-0.013095,0.6853,0.4874,0.0026,0.7058,0.9833,1.0,0.4138,sugarcane
Kolhapur_Maharashtra,Kolhapur,Maharashtra,16.7,74.2,76,42,129,6.7,62.8,2.81,2023,9867.7,31.904999999999998,19.8,25.852500000000003,78.88166666666667,18.029999999999998,20,0.5863416666666666,0.02828333333333333,-0.013095,0.6853,0.4874,0.0026,0.7405,0.9333,1.0,0.4342,sugarcane
Kolhapur_Maharashtra,Kolhapur,Maharashtra,16.7,74.2,76,42,129,6.7,62.8,2.81,2023,9867.7,31.904999999999998,19.8,25.852500000000003,78.88166666666667,18.029999999999998,20,0.5863416666666666,0.02828333333333333,-0.013095,0.6853,0.4874,0.0026,0.7405,0.9333,1.0,0.4342,sugarcane
Kolhapur_Maharashtra,Kolhapur,Maharashtra,16.7,74.2,76,42,129,6.7,62.8,2.81,2023,9867.7,31.904999999999998,19.8,25.852500000000003,78.88166666666667,18.029999999999998,20,0.5863416666666666,0.02828333333333333,-0.013095,0.6853,0.4874,0.0026,0.7405,0.9333,1.0,0.4342,sugarcane
Kolhapur_Maharashtra,Kolhapur,Maharashtra,16.7,74.2,76,42,129,6.7,62.8,2.81,2023,9867.7,31.904999999999998,19.8,25.852500000000003,78.88166666666667,18.029999999999998,20,0.5863416666666666,0.02828333333333333,-0.013095,0.6853,0.4874,0.0026,0.7405,0.9333,1.0,0.4342,sugarcane
Kolhapur_Maharashtra,Kolhapur,Maharashtra,16.7,74.2,76,42,129,6.7,62.8,2.81,2023,9867.7,31.904999999999998,19.8,25.852500000000003,78.88166666666667,18.029999999999998,20,0.5863416666666666,0.02828333333333333,-0.013095,0.6853,0.4874,0.0026,0.7405,0.9333,1.0,0.4342,sugarcane
Kolhapur_Maharashtra,Kolhapur,Maharashtra,16.7,74.2,80,43,126,6.43,62.5,3.01,2023,9867.7,31.904999999999998,19.8,25.852500000000003,78.88166666666667,18.029999999999998,20,0.5863416666666666,0.02828333333333333,-0.013095,0.6853,0.4874,0.0026,0.7644,0.9767,1.0,0.4482,sugarcane
Kolhapur_Maharashtra,Kolhapur,Maharashtra,16.7,74.2,80,43,126,6.43,62.5,3.01,2023,9867.7,31.904999999999998,19.8,25.852500000000003,78.88166666666667,18.029999999999998,20,0.5863416666666666,0.02828333333333333,-0.013095,0.6853,0.4874,0.0026,0.7644,0.9767,1.0,0.4482,sugarcane
Kolhapur_Maharashtra,Kolhapur,Maharashtra,16.7,74.2,80,43,126,6.43,62.5,3.01,2023,9867.7,31.904999999999998,19.8,25.852500000000003,78.88166666666667,18.029999999999998,20,0.5863416666666666,0.02828333333333333,-0.013095,0.6853,0.4874,0.0026,0.7644,0.9767,1.0,0.4482,sugarcane
Kolhapur_Maharashtra,Kolhapur,Maharashtra,16.7,74.2,80,43,126,6.43,62.5,3.01,2023,9867.7,31.904999999999998,19.8,25.852500000000003,78.88166666666667,18.029999999999998,20,0.5863416666666666,0.02828333333333333,-0.013095,0.6853,0.4874,0.0026,0.7644,0.9767,1.0,0.4482,sugarcane
Kolhapur_Maharashtra,Kolhapur,Maharashtra,16.7,74.2,80,43,126,6.43,62.5,3.01,2023,9867.7,31.904999999999998,19.8,25.852500000000003,78.88166666666667,18.029999999999998,20,0.5863416666666666,0.02828333333333333,-0.013095,0.6853,0.4874,0.0026,0.7644,0.9767,1.0,0.4482,sugarcane
Ludhiana_Punjab,Ludhiana,Punjab,30.9,75.8,84,54,145,7.62,58.2,2.28,2023,3807.3,34.97666666666667,10.129999999999999,22.553333333333335,54.343333333333334,20.15666666666667,20,0.6056416666666667,0.025974999999999998,-0.013095,0.7046,0.5067,0.0059,0.9355,0.6267,1.0,0.5666,wheat
Ludhiana_Punjab,Ludhiana,Punjab,30.9,75.8,84,54,145,7.62,58.2,2.28,2023,3807.3,34.97666666666667,10.129999999999999,22.553333333333335,54.343333333333334,20.15666666666667,20,0.6056416666666667,0.025974999999999998,-0.013095,0.7046,0.5067,0.0059,0.9355,0.6267,1.0,0.5666,wheat
Ludhiana_Punjab,Ludhiana,Punjab,30.9,75.8,84,54,145,7.62,58.2,2.28,2023,3807.3,34.97666666666667,10.129999999999999,22.553333333333335,54.343333333333334,20.15666666666667,20,0.6056416666666667,0.025974999999999998,-0.013095,0.7046,0.5067,0.0059,0.9355,0.6267,1.0,0.5666,wheat
Ludhiana_Punjab,Ludhiana,Punjab,30.9,75.8,84,54,145,7.62,58.2,2.28,2023,3807.3,34.97666666666667,10.129999999999999,22.553333333333335,54.343333333333334,20.15666666666667,20,0.6056416666666667,0.025974999999999998,-0.013095,0.7046,0.5067,0.0059,0.9355,0.6267,1.0,0.5666,wheat
Ludhiana_Punjab,Ludhiana,Punjab,30.9,75.8,84,54,145,7.62,58.2,2.28,2023,3807.3,34.97666666666667,10.129999999999999,22.553333333333335,54.343333333333334,20.15666666666667,20,0.6056416666666667,0.025974999999999998,-0.013095,0.7046,0.5067,0.0059,0.9355,0.6267,1.0,0.5666,wheat
Ludhiana_Punjab,Ludhiana,Punjab,30.9,75.8,85,51,131,7.67,59.2,2.4,2023,3807.3,34.97666666666667,10.129999999999999,22.553333333333335,54.343333333333334,20.15666666666667,20,0.6056416666666667,0.025974999999999998,-0.013095,0.7046,0.5067,0.0059,0.8742,0.61,1.0,0.5295,wheat
Ludhiana_Punjab,Ludhiana,Punjab,30.9,75.8,85,51,131,7.67,59.2,2.4,2023,3807.3,34.97666666666667,10.129999999999999,22.553333333333335,54.343333333333334,20.15666666666667,20,0.6056416666666667,0.025974999999999998,-0.013095,0.7046,0.5067,0.0059,0.8742,0.61,1.0,0.5295,wheat
Ludhiana_Punjab,Ludhiana,Punjab,30.9,75.8,85,51,131,7.67,59.2,2.4,2023,3807.3,34.97666666666667,10.129999999999999,22.553333333333335,54.343333333333334,20.15666666666667,20,0.6056416666666667,0.025974999999999998,-0.013095,0.7046,0.5067,0.0059,0.8742,0.61,1.0,0.5295,wheat
Ludhiana_Punjab,Ludhiana,Punjab,30.9,75.8,85,51,131,7.67,59.2,2.4,2023,3807.3,34.97666666666667,10.129999999999999,22.553333333333335,54.343333333333334,20.15666666666667,20,0.6056416666666667,0.025974999999999998,-0.013095,0.7046,0.5067,0.0059,0.8742,0.61,1.0,0.5295,wheat
Ludhiana_Punjab,Ludhiana,Punjab,30.9,75.8,85,51,131,7.67,59.2,2.4,2023,3807.3,34.97666666666667,10.129999999999999,22.553333333333335,54.343333333333334,20.15666666666667,20,0.6056416666666667,0.025974999999999998,-0.013095,0.7046,0.5067,0.0059,0.8742,0.61,1.0,0.5295,wheat
Ludhiana_Punjab,Ludhiana,Punjab,30.9,75.8,94,50,133,7.95,64.0,2.22,2023,3807.3,34.97666666666667,10.129999999999999,22.553333333333335,54.343333333333334,20.15666666666667,20,0.6056416666666667,0.025974999999999998,-0.013095,0.7046,0.5067,0.0059,0.9309,0.5167,1.0,0.5638,wheat
Ludhiana_Punjab,Ludhiana,Punjab,30.9,75.8,94,50,133,7.95,64.0,2.22,2023,3807.3,34.97666666666667,10.129999999999999,22.553333333333335,54.343333333333334,20.15666666666667,20,0.6056416666666667,0.025974999999999998,-0.013095,0.7046,0.5067,0.0059,0.9309,0.5167,1.0,0.5638,wheat
Ludhiana_Punjab,Ludhiana,Punjab,30.9,75.8,94,50,133,7.95,64.0,2.22,2023,3807.3,34.97666666666667,10.129999999999999,22.553333333333335,54.343333333333334,20.15666666666667,20,0.6056416666666667,0.025974999999999998,-0.013095,0.7046,0.5067,0.0059,0.9309,0.5167,1.0,0.5638,wheat
Ludhiana_Punjab,Ludhiana,Punjab,30.9,75.8,94,50,133,7.95,64.0,2.22,2023,3807.3,34.97666666666667,10.129999999999999,22.553333333333335,54.343333333333334,20.15666666666667,20,0.6056416666666667,0.025974999999999998,-0.013095,0.7046,0.5067,0.0059,0.9309,0.5167,1.0,0.5638,wheat
Ludhiana_Punjab,Ludhiana,Punjab,30.9,75.8,94,50,133,7.95,64.0,2.22,2023,3807.3,34.97666666666667,10.129999999999999,22.553333333333335,54.343333333333334,20.15666666666667,20,0.6056416666666667,0.025974999999999998,-0.013095,0.7046,0.5067,0.0059,0.9309,0.5167,1.0,0.5638,wheat
Ludhiana_Punjab,Ludhiana,Punjab,30.9,75.8,83,54,131,7.76,56.3,2.11,2023,3807.3,34.97666666666667,10.129999999999999,22.553333333333335,54.343333333333334,20.15666666666667,20,0.6056416666666667,0.025974999999999998,-0.013095,0.7046,0.5067,0.0059,0.8844,0.58,1.0,0.5356,wheat
Ludhiana_Punjab,Ludhiana,Punjab,30.9,75.8,83,54,131,7.76,56.3,2.11,2023,3807.3,34.97666666666667,10.129999999999999,22.553333333333335,54.343333333333334,20.15666666666667,20,0.6056416666666667,0.025974999999999998,-0.013095,0.7046,0.5067,0.0059,0.8844,0.58,1.0,0.5356,wheat
Ludhiana_Punjab,Ludhiana,Punjab,30.9,75.8,83,54,131,7.76,56.3,2.11,2023,3807.3,34.97666666666667,10.129999999999999,22.553333333333335,54.343333333333334,20.15666666666667,20,0.6056416666666667,0.025974999999999998,-0.013095,0.7046,0.5067,0.0059,0.8844,0.58,1.0,0.5356,wheat
Ludhiana_Punjab,Ludhiana,Punjab,30.9,75.8,83,54,131,7.76,56.3,2.11,2023,3807.3,34.97666666666667,10.129999999999999,22.553333333333335,54.343333333333334,20.15666666666667,20,0.6056416666666667,0.025974999999999998,-0.013095,0.7046,0.5067,0.0059,0.8844,0.58,1.0,0.5356,wheat
Ludhiana_Punjab,Ludhiana,Punjab,30.9,75.8,83,54,131,7.76,56.3,2.11,2023,3807.3,34.97666666666667,10.129999999999999,22.553333333333335,54.343333333333334,20.15666666666667,20,0.6056416666666667,0.025974999999999998,-0.013095,0.7046,0.5067,0.0059,0.8844,0.58,1.0,0.5356,wheat
Ludhiana_Punjab,Ludhiana,Punjab,30.9,75.8,93,51,140,7.93,64.8,2.26,2023,3807.3,34.97666666666667,10.129999999999999,22.553333333333335,54.343333333333334,20.15666666666667,20,0.6056416666666667,0.025974999999999998,-0.013095,0.7046,0.5067,0.0059,0.9545,0.5233,1.0,0.5781,wheat
Ludhiana_Punjab,Ludhiana,Punjab,30.9,75.8,93,51,140,7.93,64.8,2.26,2023,3807.3,34.97666666666667,10.129999999999999,22.553333333333335,54.343333333333334,20.15666666666667,20,0.6056416666666667,0.025974999999999998,-0.013095,0.7046,0.5067,0.0059,0.9545,0.5233,1.0,0.5781,wheat
Ludhiana_Punjab,Ludhiana,Punjab,30.9,75.8,93,51,140,7.93,64.8,2.26,2023,3807.3,34.97666666666667,10.129999999999999,22.553333333333335,54.343333333333334,20.15666666666667,20,0.6056416666666667,0.025974999999999998,-0.013095,0.7046,0.5067,0.0059,0.9545,0.5233,1.0,0.5781,wheat
Ludhiana_Punjab,Ludhiana,Punjab,30.9,75.8,93,51,140,7.93,64.8,2.26,2023,3807.3,34.97666666666667,10.129999999999999,22.553333333333335,54.343333333333334,20.15666666666667,20,0.6056416666666667,0.025974999999999998,-0.013095,0.7046,0.5067,0.0059,0.9545,0.5233,1.0,0.5781,wheat
Ludhiana_Punjab,Ludhiana,Punjab,30.9,75.8,93,51,140,7.93,64.8,2.26,2023,3807.3,34.97666666666667,10.129999999999999,22.553333333333335,54.343333333333334,20.15666666666667,20,0.6056416666666667,0.025974999999999998,-0.013095,0.7046,0.5067,0.0059,0.9545,0.5233,1.0,0.5781,wheat
Amritsar_Punjab,Amritsar,Punjab,31.6,74.9,88,49,140,7.55,58.8,2.39,2023,4006.6,35.65,10.818333333333333,23.234166666666667,56.27333333333333,20.013333333333332,20,0.6944750000000001,0.03625,-0.013098,0.7935,0.5955,0.0058,0.9069,0.65,1.0,0.6298,wheat
Amritsar_Punjab,Amritsar,Punjab,31.6,74.9,88,49,140,7.55,58.8,2.39,2023,4006.6,35.65,10.818333333333333,23.234166666666667,56.27333333333333,20.013333333333332,20,0.6944750000000001,0.03625,-0.013098,0.7935,0.5955,0.0058,0.9069,0.65,1.0,0.6298,wheat
Amritsar_Punjab,Amritsar,Punjab,31.6,74.9,88,49,140,7.55,58.8,2.39,2023,4006.6,35.65,10.818333333333333,23.234166666666667,56.27333333333333,20.013333333333332,20,0.6944750000000001,0.03625,-0.013098,0.7935,0.5955,0.0058,0.9069,0.65,1.0,0.6298,wheat
Amritsar_Punjab,Amritsar,Punjab,31.6,74.9,88,49,140,7.55,58.8,2.39,2023,4006.6,35.65,10.818333333333333,23.234166666666667,56.27333333333333,20.013333333333332,20,0.6944750000000001,0.03625,-0.013098,0.7935,0.5955,0.0058,0.9069,0.65,1.0,0.6298,wheat
Amritsar_Punjab,Amritsar,Punjab,31.6,74.9,88,49,140,7.55,58.8,2.39,2023,4006.6,35.65,10.818333333333333,23.234166666666667,56.27333333333333,20.013333333333332,20,0.6944750000000001,0.03625,-0.013098,0.7935,0.5955,0.0058,0.9069,0.65,1.0,0.6298,wheat
Amritsar_Punjab,Amritsar,Punjab,31.6,74.9,88,52,128,7.56,60.9,2.25,2023,4006.6,35.65,10.818333333333333,23.234166666666667,56.27333333333333,20.013333333333332,20,0.6944750000000001,0.03625,-0.013098,0.7935,0.5955,0.0058,0.8917,0.6467,1.0,0.6193,wheat
Amritsar_Punjab,Amritsar,Punjab,31.6,74.9,88,52,128,7.56,60.9,2.25,2023,4006.6,35.65,10.818333333333333,23.234166666666667,56.27333333333333,20.013333333333332,20,0.6944750000000001,0.03625,-0.013098,0.7935,0.5955,0.0058,0.8917,0.6467,1.0,0.6193,wheat
Amritsar_Punjab,Amritsar,Punjab,31.6,74.9,88,52,128,7.56,60.9,2.25,2023,4006.6,35.65,10.818333333333333,23.234166666666667,56.27333333333333,20.013333333333332,20,0.6944750000000001,0.03625,-0.013098,0.7935,0.5955,0.0058,0.8917,0.6467,1.0,0.6193,wheat
Amritsar_Punjab,Amritsar,Punjab,31.6,74.9,88,52,128,7.56,60.9,2.25,2023,4006.6,35.65,10.818333333333333,23.234166666666667,56.27333333333333,20.013333333333332,20,0.6944750000000001,0.03625,-0.013098,0.7935,0.5955,0.0058,0.8917,0.6467,1.0,0.6193,wheat
Amritsar_Punjab,Amritsar,Punjab,31.6,74.9,88,52,128,7.56,60.9,2.25,2023,4006.6,35.65,10.818333333333333,23.234166666666667,56.27333333333333,20.013333333333332,20,0.6944750000000001,0.03625,-0.013098,0.7935,0.5955,0.0058,0.8917,0.6467,1.0,0.6193,wheat
Amritsar_Punjab,Amritsar,Punjab,31.6,74.9,88,43,141,7.71,55.5,2.14,2023,4006.6,35.65,10.818333333333333,23.234166666666667,56.27333333333333,20.013333333333332,20,0.6944750000000001,0.03625,-0.013098,0.7935,0.5955,0.0058,0.8639,0.5967,1.0,0.6,wheat
Amritsar_Punjab,Amritsar,Punjab,31.6,74.9,88,43,141,7.71,55.5,2.14,2023,4006.6,35.65,10.818333333333333,23.234166666666667,56.27333333333333,20.013333333333332,20,0.6944750000000001,0.03625,-0.013098,0.7935,0.5955,0.0058,0.8639,0.5967,1.0,0.6,wheat
Amritsar_Punjab,Amritsar,Punjab,31.6,74.9,88,43,141,7.71,55.5,2.14,2023,4006.6,35.65,10.818333333333333,23.234166666666667,56.27333333333333,20.013333333333332,20,0.6944750000000001,0.03625,-0.013098,0.7935,0.5955,0.0058,0.8639,0.5967,1.0,0.6,wheat
Amritsar_Punjab,Amritsar,Punjab,31.6,74.9,88,43,141,7.71,55.5,2.14,2023,4006.6,35.65,10.818333333333333,23.234166666666667,56.27333333333333,20.013333333333332,20,0.6944750000000001,0.03625,-0.013098,0.7935,0.5955,0.0058,0.8639,0.5967,1.0,0.6,wheat
Amritsar_Punjab,Amritsar,Punjab,31.6,74.9,88,43,141,7.71,55.5,2.14,2023,4006.6,35.65,10.818333333333333,23.234166666666667,56.27333333333333,20.013333333333332,20,0.6944750000000001,0.03625,-0.013098,0.7935,0.5955,0.0058,0.8639,0.5967,1.0,0.6,wheat
Amritsar_Punjab,Amritsar,Punjab,31.6,74.9,86,44,142,7.56,57.7,2.22,2023,4006.6,35.65,10.818333333333333,23.234166666666667,56.27333333333333,20.013333333333332,20,0.6944750000000001,0.03625,-0.013098,0.7935,0.5955,0.0058,0.8619,0.6467,1.0,0.5986,wheat
Amritsar_Punjab,Amritsar,Punjab,31.6,74.9,86,44,142,7.56,57.7,2.22,2023,4006.6,35.65,10.818333333333333,23.234166666666667,56.27333333333333,20.013333333333332,20,0.6944750000000001,0.03625,-0.013098,0.7935,0.5955,0.0058,0.8619,0.6467,1.0,0.5986,wheat
Amritsar_Punjab,Amritsar,Punjab,31.6,74.9,86,44,142,7.56,57.7,2.22,2023,4006.6,35.65,10.818333333333333,23.234166666666667,56.27333333333333,20.013333333333332,20,0.6944750000000001,0.03625,-0.013098,0.7935,0.5955,0.0058,0.8619,0.6467,1.0,0.5986,wheat
Amritsar_Punjab,Amritsar,Punjab,31.6,74.9,86,44,142,7.56,57.7,2.22,2023,4006.6,35.65,10.818333333333333,23.234166666666667,56.27333333333333,20.013333333333332,20,0.6944750000000001,0.03625,-0.013098,0.7935,0.5955,0.0058,0.8619,0.6467,1.0,0.5986,wheat
Amritsar_Punjab,Amritsar,Punjab,31.6,74.9,86,44,142,7.56,57.7,2.22,2023,4006.6,35.65,10.818333333333333,23.234166666666667,56.27333333333333,20.013333333333332,20,0.6944750000000001,0.03625,-0.013098,0.7935,0.5955,0.0058,0.8619,0.6467,1.0,0.5986,wheat
Amritsar_Punjab,Amritsar,Punjab,31.6,74.9,83,44,142,7.77,62.3,2.4,2023,4006.6,35.65,10.818333333333333,23.234166666666667,56.27333333333333,20.013333333333332,20,0.6944750000000001,0.03625,-0.013098,0.7935,0.5955,0.0058,0.8425,0.5767,1.0,0.5851,wheat
Amritsar_Punjab,Amritsar,Punjab,31.6,74.9,83,44,142,7.77,62.3,2.4,2023,4006.6,35.65,10.818333333333333,23.234166666666667,56.27333333333333,20.013333333333332,20,0.6944750000000001,0.03625,-0.013098,0.7935,0.5955,0.0058,0.8425,0.5767,1.0,0.5851,wheat
Amritsar_Punjab,Amritsar,Punjab,31.6,74.9,83,44,142,7.77,62.3,2.4,2023,4006.6,35.65,10.818333333333333,23.234166666666667,56.27333333333333,20.013333333333332,20,0.6944750000000001,0.03625,-0.013098,0.7935,0.5955,0.0058,0.8425,0.5767,1.0,0.5851,wheat
Amritsar_Punjab,Amritsar,Punjab,31.6,74.9,83,44,142,7.77,62.3,2.4,2023,4006.6,35.65,10.818333333333333,23.234166666666667,56.27333333333333,20.013333333333332,20,0.6944750000000001,0.03625,-0.013098,0.7935,0.5955,0.0058,0.8425,0.5767,1.0,0.5851,wheat
Amritsar_Punjab,Amritsar,Punjab,31.6,74.9,83,44,142,7.77,62.3,2.4,2023,4006.6,35.65,10.818333333333333,23.234166666666667,56.27333333333333,20.013333333333332,20,0.6944750000000001,0.03625,-0.013098,0.7935,0.5955,0.0058,0.8425,0.5767,1.0,0.5851,wheat
Patiala_Punjab,Patiala,Punjab,30.3,76.4,79,46,133,7.58,57.8,2.47,2023,4122.8,34.635,11.816666666666666,23.225833333333334,57.86,18.993333333333332,20,0.5619,0.03094166666666667,-0.013104,0.6609,0.4629,0.0056,0.8034,0.64,1.0,0.4514,rice
Patiala_Punjab,Patiala,Punjab,30.3,76.4,79,46,133,7.58,57.8,2.47,2023,4122.8,34.635,11.816666666666666,23.225833333333334,57.86,18.993333333333332,20,0.5619,0.03094166666666667,-0.013104,0.6609,0.4629,0.0056,0.8034,0.64,1.0,0.4514,rice
Patiala_Punjab,Patiala,Punjab,30.3,76.4,79,46,133,7.58,57.8,2.47,2023,4122.8,34.635,11.816666666666666,23.225833333333334,57.86,18.993333333333332,20,0.5619,0.03094166666666667,-0.013104,0.6609,0.4629,0.0056,0.8034,0.64,1.0,0.4514,rice
Patiala_Punjab,Patiala,Punjab,30.3,76.4,79,46,133,7.58,57.8,2.47,2023,4122.8,34.635,11.816666666666666,23.225833333333334,57.86,18.993333333333332,20,0.5619,0.03094166666666667,-0.013104,0.6609,0.4629,0.0056,0.8034,0.64,1.0,0.4514,rice
Patiala_Punjab,Patiala,Punjab,30.3,76.4,79,46,133,7.58,57.8,2.47,2023,4122.8,34.635,11.816666666666666,23.225833333333334,57.86,18.993333333333332,20,0.5619,0.03094166666666667,-0.013104,0.6609,0.4629,0.0056,0.8034,0.64,1.0,0.4514,rice
Patiala_Punjab,Patiala,Punjab,30.3,76.4,92,41,130,7.58,59.6,2.5,2023,4122.8,34.635,11.816666666666666,23.225833333333334,57.86,18.993333333333332,20,0.5619,0.03094166666666667,-0.013104,0.6609,0.4629,0.0056,0.8392,0.64,1.0,0.4715,rice
Patiala_Punjab,Patiala,Punjab,30.3,76.4,92,41,130,7.58,59.6,2.5,2023,4122.8,34.635,11.816666666666666,23.225833333333334,57.86,18.993333333333332,20,0.5619,0.03094166666666667,-0.013104,0.6609,0.4629,0.0056,0.8392,0.64,1.0,0.4715,rice
Patiala_Punjab,Patiala,Punjab,30.3,76.4,92,41,130,7.58,59.6,2.5,2023,4122.8,34.635,11.816666666666666,23.225833333333334,57.86,18.993333333333332,20,0.5619,0.03094166666666667,-0.013104,0.6609,0.4629,0.0056,0.8392,0.64,1.0,0.4715,rice
Patiala_Punjab,Patiala,Punjab,30.3,76.4,92,41,130,7.58,59.6,2.5,2023,4122.8,34.635,11.816666666666666,23.225833333333334,57.86,18.993333333333332,20,0.5619,0.03094166666666667,-0.013104,0.6609,0.4629,0.0056,0.8392,0.64,1.0,0.4715,rice
Patiala_Punjab,Patiala,Punjab,30.3,76.4,92,41,130,7.58,59.6,2.5,2023,4122.8,34.635,11.816666666666666,23.225833333333334,57.86,18.993333333333332,20,0.5619,0.03094166666666667,-0.013104,0.6609,0.4629,0.0056,0.8392,0.64,1.0,0.4715,rice
Patiala_Punjab,Patiala,Punjab,30.3,76.4,82,44,138,7.53,58.1,2.58,2023,4122.8,34.635,11.816666666666666,23.225833333333334,57.86,18.993333333333332,20,0.5619,0.03094166666666667,-0.013104,0.6609,0.4629,0.0056,0.8233,0.6567,1.0,0.4626,rice
Patiala_Punjab,Patiala,Punjab,30.3,76.4,82,44,138,7.53,58.1,2.58,2023,4122.8,34.635,11.816666666666666,23.225833333333334,57.86,18.993333333333332,20,0.5619,0.03094166666666667,-0.013104,0.6609,0.4629,0.0056,0.8233,0.6567,1.0,0.4626,rice
Patiala_Punjab,Patiala,Punjab,30.3,76.4,82,44,138,7.53,58.1,2.58,2023,4122.8,34.635,11.816666666666666,23.225833333333334,57.86,18.993333333333332,20,0.5619,0.03094166666666667,-0.013104,0.6609,0.4629,0.0056,0.8233,0.6567,1.0,0.4626,rice
Patiala_Punjab,Patiala,Punjab,30.3,76.4,82,44,138,7.53,58.1,2.58,2023,4122.8,34.635,11.816666666666666,23.225833333333334,57.86,18.993333333333332,20,0.5619,0.03094166666666667,-0.013104,0.6609,0.4629,0.0056,0.8233,0.6567,1.0,0.4626,rice
Patiala_Punjab,Patiala,Punjab,30.3,76.4,82,44,138,7.53,58.1,2.58,2023,4122.8,34.635,11.816666666666666,23.225833333333334,57.86,18.993333333333332,20,0.5619,0.03094166666666667,-0.013104,0.6609,0.4629,0.0056,0.8233,0.6567,1.0,0.4626,rice
Patiala_Punjab,Patiala,Punjab,30.3,76.4,90,44,125,7.54,58.5,2.44,2023,4122.8,34.635,11.816666666666666,23.225833333333334,57.86,18.993333333333332,20,0.5619,0.03094166666666667,-0.013104,0.6609,0.4629,0.0056,0.8334,0.6533,1.0,0.4683,rice
Patiala_Punjab,Patiala,Punjab,30.3,76.4,90,44,125,7.54,58.5,2.44,2023,4122.8,34.635,11.816666666666666,23.225833333333334,57.86,18.993333333333332,20,0.5619,0.03094166666666667,-0.013104,0.6609,0.4629,0.0056,0.8334,0.6533,1.0,0.4683,rice
Patiala_Punjab,Patiala,Punjab,30.3,76.4,90,44,125,7.54,58.5,2.44,2023,4122.8,34.635,11.816666666666666,23.225833333333334,57.86,18.993333333333332,20,0.5619,0.03094166666666667,-0.013104,0.6609,0.4629,0.0056,0.8334,0.6533,1.0,0.4683,rice
Patiala_Punjab,Patiala,Punjab,30.3,76.4,90,44,125,7.54,58.5,2.44,2023,4122.8,34.635,11.816666666666666,23.225833333333334,57.86,18.993333333333332,20,0.5619,0.03094166666666667,-0.013104,0.6609,0.4629,0.0056,0.8334,0.6533,1.0,0.4683,rice
Patiala_Punjab,Patiala,Punjab,30.3,76.4,90,44,125,7.54,58.5,2.44,2023,4122.8,34.635,11.816666666666666,23.225833333333334,57.86,18.993333333333332,20,0.5619,0.03094166666666667,-0.013104,0.6609,0.4629,0.0056,0.8334,0.6533,1.0,0.4683,rice
Patiala_Punjab,Patiala,Punjab,30.3,76.4,87,41,122,7.79,64.9,2.44,2023,4122.8,34.635,11.816666666666666,23.225833333333334,57.86,18.993333333333332,20,0.5619,0.03094166666666667,-0.013104,0.6609,0.4629,0.0056,0.7814,0.57,1.0,0.4391,rice
Patiala_Punjab,Patiala,Punjab,30.3,76.4,87,41,122,7.79,64.9,2.44,2023,4122.8,34.635,11.816666666666666,23.225833333333334,57.86,18.993333333333332,20,0.5619,0.03094166666666667,-0.013104,0.6609,0.4629,0.0056,0.7814,0.57,1.0,0.4391,rice
Patiala_Punjab,Patiala,Punjab,30.3,76.4,87,41,122,7.79,64.9,2.44,2023,4122.8,34.635,11.816666666666666,23.225833333333334,57.86,18.993333333333332,20,0.5619,0.03094166666666667,-0.013104,0.6609,0.4629,0.0056,0.7814,0.57,1.0,0.4391,rice
Patiala_Punjab,Patiala,Punjab,30.3,76.4,87,41,122,7.79,64.9,2.44,2023,4122.8,34.635,11.816666666666666,23.225833333333334,57.86,18.993333333333332,20,0.5619,0.03094166666666667,-0.013104,0.6609,0.4629,0.0056,0.7814,0.57,1.0,0.4391,rice
Patiala_Punjab,Patiala,Punjab,30.3,76.4,87,41,122,7.79,64.9,2.44,2023,4122.8,34.635,11.816666666666666,23.225833333333334,57.86,18.993333333333332,20,0.5619,0.03094166666666667,-0.013104,0.6609,0.4629,0.0056,0.7814,0.57,1.0,0.4391,rice
Gurdaspur_Punjab,Gurdaspur,Punjab,32.0,75.4,84,49,134,7.57,59.4,2.48,2023,6107.1,33.876666666666665,10.236666666666668,22.05666666666667,59.60166666666667,18.948333333333334,20,0.4471,0.033008333333333334,-0.013104,0.5461,0.3481,0.0036,0.8619,0.6433,1.0,0.3854,rice
Gurdaspur_Punjab,Gurdaspur,Punjab,32.0,75.4,84,49,134,7.57,59.4,2.48,2023,6107.1,33.876666666666665,10.236666666666668,22.05666666666667,59.60166666666667,18.948333333333334,20,0.4471,0.033008333333333334,-0.013104,0.5461,0.3481,0.0036,0.8619,0.6433,1.0,0.3854,rice
Gurdaspur_Punjab,Gurdaspur,Punjab,32.0,75.4,84,49,134,7.57,59.4,2.48,2023,6107.1,33.876666666666665,10.236666666666668,22.05666666666667,59.60166666666667,18.948333333333334,20,0.4471,0.033008333333333334,-0.013104,0.5461,0.3481,0.0036,0.8619,0.6433,1.0,0.3854,rice
Gurdaspur_Punjab,Gurdaspur,Punjab,32.0,75.4,84,49,134,7.57,59.4,2.48,2023,6107.1,33.876666666666665,10.236666666666668,22.05666666666667,59.60166666666667,18.948333333333334,20,0.4471,0.033008333333333334,-0.013104,0.5461,0.3481,0.0036,0.8619,0.6433,1.0,0.3854,rice
Gurdaspur_Punjab,Gurdaspur,Punjab,32.0,75.4,84,49,134,7.57,59.4,2.48,2023,6107.1,33.876666666666665,10.236666666666668,22.05666666666667,59.60166666666667,18.948333333333334,20,0.4471,0.033008333333333334,-0.013104,0.5461,0.3481,0.0036,0.8619,0.6433,1.0,0.3854,rice
Gurdaspur_Punjab,Gurdaspur,Punjab,32.0,75.4,86,42,126,7.4,59.2,2.12,2023,6107.1,33.876666666666665,10.236666666666668,22.05666666666667,59.60166666666667,18.948333333333334,20,0.4471,0.033008333333333334,-0.013104,0.5461,0.3481,0.0036,0.7954,0.7,1.0,0.3556,rice
Gurdaspur_Punjab,Gurdaspur,Punjab,32.0,75.4,86,42,126,7.4,59.2,2.12,2023,6107.1,33.876666666666665,10.236666666666668,22.05666666666667,59.60166666666667,18.948333333333334,20,0.4471,0.033008333333333334,-0.013104,0.5461,0.3481,0.0036,0.7954,0.7,1.0,0.3556,rice
Gurdaspur_Punjab,Gurdaspur,Punjab,32.0,75.4,86,42,126,7.4,59.2,2.12,2023,6107.1,33.876666666666665,10.236666666666668,22.05666666666667,59.60166666666667,18.948333333333334,20,0.4471,0.033008333333333334,-0.013104,0.5461,0.3481,0.0036,0.7954,0.7,1.0,0.3556,rice
Gurdaspur_Punjab,Gurdaspur,Punjab,32.0,75.4,86,42,126,7.4,59.2,2.12,2023,6107.1,33.876666666666665,10.236666666666668,22.05666666666667,59.60166666666667,18.948333333333334,20,0.4471,0.033008333333333334,-0.013104,0.5461,0.3481,0.0036,0.7954,0.7,1.0,0.3556,rice
Gurdaspur_Punjab,Gurdaspur,Punjab,32.0,75.4,86,42,126,7.4,59.2,2.12,2023,6107.1,33.876666666666665,10.236666666666668,22.05666666666667,59.60166666666667,18.948333333333334,20,0.4471,0.033008333333333334,-0.013104,0.5461,0.3481,0.0036,0.7954,0.7,1.0,0.3556,rice
Gurdaspur_Punjab,Gurdaspur,Punjab,32.0,75.4,83,51,136,7.48,63.2,2.45,2023,6107.1,33.876666666666665,10.236666666666668,22.05666666666667,59.60166666666667,18.948333333333334,20,0.4471,0.033008333333333334,-0.013104,0.5461,0.3481,0.0036,0.8772,0.6733,1.0,0.3922,rice
Gurdaspur_Punjab,Gurdaspur,Punjab,32.0,75.4,83,51,136,7.48,63.2,2.45,2023,6107.1,33.876666666666665,10.236666666666668,22.05666666666667,59.60166666666667,18.948333333333334,20,0.4471,0.033008333333333334,-0.013104,0.5461,0.3481,0.0036,0.8772,0.6733,1.0,0.3922,rice
Gurdaspur_Punjab,Gurdaspur,Punjab,32.0,75.4,83,51,136,7.48,63.2,2.45,2023,6107.1,33.876666666666665,10.236666666666668,22.05666666666667,59.60166666666667,18.948333333333334,20,0.4471,0.033008333333333334,-0.013104,0.5461,0.3481,0.0036,0.8772,0.6733,1.0,0.3922,rice
Gurdaspur_Punjab,Gurdaspur,Punjab,32.0,75.4,83,51,136,7.48,63.2,2.45,2023,6107.1,33.876666666666665,10.236666666666668,22.05666666666667,59.60166666666667,18.948333333333334,20,0.4471,0.033008333333333334,-0.013104,0.5461,0.3481,0.0036,0.8772,0.6733,1.0,0.3922,rice
Gurdaspur_Punjab,Gurdaspur,Punjab,32.0,75.4,83,51,136,7.48,63.2,2.45,2023,6107.1,33.876666666666665,10.236666666666668,22.05666666666667,59.60166666666667,18.948333333333334,20,0.4471,0.033008333333333334,-0.013104,0.5461,0.3481,0.0036,0.8772,0.6733,1.0,0.3922,rice
Gurdaspur_Punjab,Gurdaspur,Punjab,32.0,75.4,94,45,127,7.58,55.8,2.45,2023,6107.1,33.876666666666665,10.236666666666668,22.05666666666667,59.60166666666667,18.948333333333334,20,0.4471,0.033008333333333334,-0.013104,0.5461,0.3481,0.0036,0.8733,0.64,1.0,0.3905,rice
Gurdaspur_Punjab,Gurdaspur,Punjab,32.0,75.4,94,45,127,7.58,55.8,2.45,2023,6107.1,33.876666666666665,10.236666666666668,22.05666666666667,59.60166666666667,18.948333333333334,20,0.4471,0.033008333333333334,-0.013104,0.5461,0.3481,0.0036,0.8733,0.64,1.0,0.3905,rice
Gurdaspur_Punjab,Gurdaspur,Punjab,32.0,75.4,94,45,127,7.58,55.8,2.45,2023,6107.1,33.876666666666665,10.236666666666668,22.05666666666667,59.60166666666667,18.948333333333334,20,0.4471,0.033008333333333334,-0.013104,0.5461,0.3481,0.0036,0.8733,0.64,1.0,0.3905,rice
Gurdaspur_Punjab,Gurdaspur,Punjab,32.0,75.4,94,45,127,7.58,55.8,2.45,2023,6107.1,33.876666666666665,10.236666666666668,22.05666666666667,59.60166666666667,18.948333333333334,20,0.4471,0.033008333333333334,-0.013104,0.5461,0.3481,0.0036,0.8733,0.64,1.0,0.3905,rice
Gurdaspur_Punjab,Gurdaspur,Punjab,32.0,75.4,94,45,127,7.58,55.8,2.45,2023,6107.1,33.876666666666665,10.236666666666668,22.05666666666667,59.60166666666667,18.948333333333334,20,0.4471,0.033008333333333334,-0.013104,0.5461,0.3481,0.0036,0.8733,0.64,1.0,0.3905,rice
Gurdaspur_Punjab,Gurdaspur,Punjab,32.0,75.4,81,50,137,7.5,57.6,2.23,2023,6107.1,33.876666666666665,10.236666666666668,22.05666666666667,59.60166666666667,18.948333333333334,20,0.4471,0.033008333333333334,-0.013104,0.5461,0.3481,0.0036,0.8598,0.6667,1.0,0.3844,rice
Gurdaspur_Punjab,Gurdaspur,Punjab,32.0,75.4,81,50,137,7.5,57.6,2.23,2023,6107.1,33.876666666666665,10.236666666666668,22.05666666666667,59.60166666666667,18.948333333333334,20,0.4471,0.033008333333333334,-0.013104,0.5461,0.3481,0.0036,0.8598,0.6667,1.0,0.3844,rice
Gurdaspur_Punjab,Gurdaspur,Punjab,32.0,75.4,81,50,137,7.5,57.6,2.23,2023,6107.1,33.876666666666665,10.236666666666668,22.05666666666667,59.60166666666667,18.948333333333334,20,0.4471,0.033008333333333334,-0.013104,0.5461,0.3481,0.0036,0.8598,0.6667,1.0,0.3844,rice
Gurdaspur_Punjab,Gurdaspur,Punjab,32.0,75.4,81,50,137,7.5,57.6,2.23,2023,6107.1,33.876666666666665,10.236666666666668,22.05666666666667,59.60166666666667,18.948333333333334,20,0.4471,0.033008333333333334,-0.013104,0.5461,0.3481,0.0036,0.8598,0.6667,1.0,0.3844,rice
Gurdaspur_Punjab,Gurdaspur,Punjab,32.0,75.4,81,50,137,7.5,57.6,2.23,2023,6107.1,33.876666666666665,10.236666666666668,22.05666666666667,59.60166666666667,18.948333333333334,20,0.4471,0.033008333333333334,-0.013104,0.5461,0.3481,0.0036,0.8598,0.6667,1.0,0.3844,rice
Bhatinda_Punjab,Bhatinda,Punjab,30.2,74.9,83,40,116,8.19,39.4,1.73,2023,2746.1,37.958333333333336,10.021666666666667,23.990000000000002,45.32666666666667,21.790000000000003,20,0.5048583333333333,0.028458333333333335,-0.013095,0.6038,0.4059,0.0087,0.7288,0.4367,1.0,0.3679,cotton
Bhatinda_Punjab,Bhatinda,Punjab,30.2,74.9,83,40,116,8.19,39.4,1.73,2023,2746.1,37.958333333333336,10.021666666666667,23.990000000000002,45.32666666666667,21.790000000000003,20,0.5048583333333333,0.028458333333333335,-0.013095,0.6038,0.4059,0.0087,0.7288,0.4367,1.0,0.3679,cotton
Bhatinda_Punjab,Bhatinda,Punjab,30.2,74.9,83,40,116,8.19,39.4,1.73,2023,2746.1,37.958333333333336,10.021666666666667,23.990000000000002,45.32666666666667,21.790000000000003,20,0.5048583333333333,0.028458333333333335,-0.013095,0.6038,0.4059,0.0087,0.7288,0.4367,1.0,0.3679,cotton
Bhatinda_Punjab,Bhatinda,Punjab,30.2,74.9,83,40,116,8.19,39.4,1.73,2023,2746.1,37.958333333333336,10.021666666666667,23.990000000000002,45.32666666666667,21.790000000000003,20,0.5048583333333333,0.028458333333333335,-0.013095,0.6038,0.4059,0.0087,0.7288,0.4367,1.0,0.3679,cotton
Bhatinda_Punjab,Bhatinda,Punjab,30.2,74.9,83,40,116,8.19,39.4,1.73,2023,2746.1,37.958333333333336,10.021666666666667,23.990000000000002,45.32666666666667,21.790000000000003,20,0.5048583333333333,0.028458333333333335,-0.013095,0.6038,0.4059,0.0087,0.7288,0.4367,1.0,0.3679,cotton
Bhatinda_Punjab,Bhatinda,Punjab,30.2,74.9,74,46,121,8.09,41.9,1.99,2023,2746.1,37.958333333333336,10.021666666666667,23.990000000000002,45.32666666666667,21.790000000000003,20,0.5048583333333333,0.028458333333333335,-0.013095,0.6038,0.4059,0.0087,0.7328,0.47,1.0,0.37,cotton
Bhatinda_Punjab,Bhatinda,Punjab,30.2,74.9,74,46,121,8.09,41.9,1.99,2023,2746.1,37.958333333333336,10.021666666666667,23.990000000000002,45.32666666666667,21.790000000000003,20,0.5048583333333333,0.028458333333333335,-0.013095,0.6038,0.4059,0.0087,0.7328,0.47,1.0,0.37,cotton
Bhatinda_Punjab,Bhatinda,Punjab,30.2,74.9,74,46,121,8.09,41.9,1.99,2023,2746.1,37.958333333333336,10.021666666666667,23.990000000000002,45.32666666666667,21.790000000000003,20,0.5048583333333333,0.028458333333333335,-0.013095,0.6038,0.4059,0.0087,0.7328,0.47,1.0,0.37,cotton
Bhatinda_Punjab,Bhatinda,Punjab,30.2,74.9,74,46,121,8.09,41.9,1.99,2023,2746.1,37.958333333333336,10.021666666666667,23.990000000000002,45.32666666666667,21.790000000000003,20,0.5048583333333333,0.028458333333333335,-0.013095,0.6038,0.4059,0.0087,0.7328,0.47,1.0,0.37,cotton
Bhatinda_Punjab,Bhatinda,Punjab,30.2,74.9,74,46,121,8.09,41.9,1.99,2023,2746.1,37.958333333333336,10.021666666666667,23.990000000000002,45.32666666666667,21.790000000000003,20,0.5048583333333333,0.028458333333333335,-0.013095,0.6038,0.4059,0.0087,0.7328,0.47,1.0,0.37,cotton
Bhatinda_Punjab,Bhatinda,Punjab,30.2,74.9,84,42,128,7.97,39.6,1.92,2023,2746.1,37.958333333333336,10.021666666666667,23.990000000000002,45.32666666666667,21.790000000000003,20,0.5048583333333333,0.028458333333333335,-0.013095,0.6038,0.4059,0.0087,0.7889,0.51,1.0,0.3983,cotton
Bhatinda_Punjab,Bhatinda,Punjab,30.2,74.9,84,42,128,7.97,39.6,1.92,2023,2746.1,37.958333333333336,10.021666666666667,23.990000000000002,45.32666666666667,21.790000000000003,20,0.5048583333333333,0.028458333333333335,-0.013095,0.6038,0.4059,0.0087,0.7889,0.51,1.0,0.3983,cotton
Bhatinda_Punjab,Bhatinda,Punjab,30.2,74.9,84,42,128,7.97,39.6,1.92,2023,2746.1,37.958333333333336,10.021666666666667,23.990000000000002,45.32666666666667,21.790000000000003,20,0.5048583333333333,0.028458333333333335,-0.013095,0.6038,0.4059,0.0087,0.7889,0.51,1.0,0.3983,cotton
Bhatinda_Punjab,Bhatinda,Punjab,30.2,74.9,84,42,128,7.97,39.6,1.92,2023,2746.1,37.958333333333336,10.021666666666667,23.990000000000002,45.32666666666667,21.790000000000003,20,0.5048583333333333,0.028458333333333335,-0.013095,0.6038,0.4059,0.0087,0.7889,0.51,1.0,0.3983,cotton
Bhatinda_Punjab,Bhatinda,Punjab,30.2,74.9,84,42,128,7.97,39.6,1.92,2023,2746.1,37.958333333333336,10.021666666666667,23.990000000000002,45.32666666666667,21.790000000000003,20,0.5048583333333333,0.028458333333333335,-0.013095,0.6038,0.4059,0.0087,0.7889,0.51,1.0,0.3983,cotton
Bhatinda_Punjab,Bhatinda,Punjab,30.2,74.9,78,43,118,8.14,35.2,1.62,2023,2746.1,37.958333333333336,10.021666666666667,23.990000000000002,45.32666666666667,21.790000000000003,20,0.5048583333333333,0.028458333333333335,-0.013095,0.6038,0.4059,0.0087,0.726,0.4533,1.0,0.3665,cotton
Bhatinda_Punjab,Bhatinda,Punjab,30.2,74.9,78,43,118,8.14,35.2,1.62,2023,2746.1,37.958333333333336,10.021666666666667,23.990000000000002,45.32666666666667,21.790000000000003,20,0.5048583333333333,0.028458333333333335,-0.013095,0.6038,0.4059,0.0087,0.726,0.4533,1.0,0.3665,cotton
Bhatinda_Punjab,Bhatinda,Punjab,30.2,74.9,78,43,118,8.14,35.2,1.62,2023,2746.1,37.958333333333336,10.021666666666667,23.990000000000002,45.32666666666667,21.790000000000003,20,0.5048583333333333,0.028458333333333335,-0.013095,0.6038,0.4059,0.0087,0.726,0.4533,1.0,0.3665,cotton
Bhatinda_Punjab,Bhatinda,Punjab,30.2,74.9,78,43,118,8.14,35.2,1.62,2023,2746.1,37.958333333333336,10.021666666666667,23.990000000000002,45.32666666666667,21.790000000000003,20,0.5048583333333333,0.028458333333333335,-0.013095,0.6038,0.4059,0.0087,0.726,0.4533,1.0,0.3665,cotton
Bhatinda_Punjab,Bhatinda,Punjab,30.2,74.9,78,43,118,8.14,35.2,1.62,2023,2746.1,37.958333333333336,10.021666666666667,23.990000000000002,45.32666666666667,21.790000000000003,20,0.5048583333333333,0.028458333333333335,-0.013095,0.6038,0.4059,0.0087,0.726,0.4533,1.0,0.3665,cotton
Bhatinda_Punjab,Bhatinda,Punjab,30.2,74.9,73,41,113,7.88,40.2,1.79,2023,2746.1,37.958333333333336,10.021666666666667,23.990000000000002,45.32666666666667,21.790000000000003,20,0.5048583333333333,0.028458333333333335,-0.013095,0.6038,0.4059,0.0087,0.6624,0.54,1.0,0.3344,cotton
Bhatinda_Punjab,Bhatinda,Punjab,30.2,74.9,73,41,113,7.88,40.2,1.79,2023,2746.1,37.958333333333336,10.021666666666667,23.990000000000002,45.32666666666667,21.790000000000003,20,0.5048583333333333,0.028458333333333335,-0.013095,0.6038,0.4059,0.0087,0.6624,0.54,1.0,0.3344,cotton
Bhatinda_Punjab,Bhatinda,Punjab,30.2,74.9,73,41,113,7.88,40.2,1.79,2023,2746.1,37.958333333333336,10.021666666666667,23.990000000000002,45.32666666666667,21.790000000000003,20,0.5048583333333333,0.028458333333333335,-0.013095,0.6038,0.4059,0.0087,0.6624,0.54,1.0,0.3344,cotton
Bhatinda_Punjab,Bhatinda,Punjab,30.2,74.9,73,41,113,7.88,40.2,1.79,2023,2746.1,37.958333333333336,10.021666666666667,23.990000000000002,45.32666666666667,21.790000000000003,20,0.5048583333333333,0.028458333333333335,-0.013095,0.6038,0.4059,0.0087,0.6624,0.54,1.0,0.3344,cotton
Bhatinda_Punjab,Bhatinda,Punjab,30.2,74.9,73,41,113,7.88,40.2,1.79,2023,2746.1,37.958333333333336,10.021666666666667,23.990000000000002,45.32666666666667,21.790000000000003,20,0.5048583333333333,0.028458333333333335,-0.013095,0.6038,0.4059,0.0087,0.6624,0.54,1.0,0.3344,cotton
Guntur_Andhra_Pradesh,Guntur,Andhra Pradesh,16.3,80.4,75,42,117,6.91,61.6,2.59,2023,7356.0,35.809999999999995,22.89333333333333,29.351666666666667,71.555,21.115000000000002,20,0.46901666666666664,0.02909166666666667,-0.013099,0.568,0.37,0.004,0.6957,0.8633,1.0,0.3263,cotton
Guntur_Andhra_Pradesh,Guntur,Andhra Pradesh,16.3,80.4,75,42,117,6.91,61.6,2.59,2023,7356.0,35.809999999999995,22.89333333333333,29.351666666666667,71.555,21.115000000000002,20,0.46901666666666664,0.02909166666666667,-0.013099,0.568,0.37,0.004,0.6957,0.8633,1.0,0.3263,cotton
Guntur_Andhra_Pradesh,Guntur,Andhra Pradesh,16.3,80.4,75,42,117,6.91,61.6,2.59,2023,7356.0,35.809999999999995,22.89333333333333,29.351666666666667,71.555,21.115000000000002,20,0.46901666666666664,0.02909166666666667,-0.013099,0.568,0.37,0.004,0.6957,0.8633,1.0,0.3263,cotton
Guntur_Andhra_Pradesh,Guntur,Andhra Pradesh,16.3,80.4,75,42,117,6.91,61.6,2.59,2023,7356.0,35.809999999999995,22.89333333333333,29.351666666666667,71.555,21.115000000000002,20,0.46901666666666664,0.02909166666666667,-0.013099,0.568,0.37,0.004,0.6957,0.8633,1.0,0.3263,cotton
Guntur_Andhra_Pradesh,Guntur,Andhra Pradesh,16.3,80.4,75,42,117,6.91,61.6,2.59,2023,7356.0,35.809999999999995,22.89333333333333,29.351666666666667,71.555,21.115000000000002,20,0.46901666666666664,0.02909166666666667,-0.013099,0.568,0.37,0.004,0.6957,0.8633,1.0,0.3263,cotton
Guntur_Andhra_Pradesh,Guntur,Andhra Pradesh,16.3,80.4,69,41,123,6.91,64.8,2.35,2023,7356.0,35.809999999999995,22.89333333333333,29.351666666666667,71.555,21.115000000000002,20,0.46901666666666664,0.02909166666666667,-0.013099,0.568,0.37,0.004,0.6685,0.8633,1.0,0.3135,cotton
Guntur_Andhra_Pradesh,Guntur,Andhra Pradesh,16.3,80.4,69,41,123,6.91,64.8,2.35,2023,7356.0,35.809999999999995,22.89333333333333,29.351666666666667,71.555,21.115000000000002,20,0.46901666666666664,0.02909166666666667,-0.013099,0.568,0.37,0.004,0.6685,0.8633,1.0,0.3135,cotton
Guntur_Andhra_Pradesh,Guntur,Andhra Pradesh,16.3,80.4,69,41,123,6.91,64.8,2.35,2023,7356.0,35.809999999999995,22.89333333333333,29.351666666666667,71.555,21.115000000000002,20,0.46901666666666664,0.02909166666666667,-0.013099,0.568,0.37,0.004,0.6685,0.8633,1.0,0.3135,cotton
Guntur_Andhra_Pradesh,Guntur,Andhra Pradesh,16.3,80.4,69,41,123,6.91,64.8,2.35,2023,7356.0,35.809999999999995,22.89333333333333,29.351666666666667,71.555,21.115000000000002,20,0.46901666666666664,0.02909166666666667,-0.013099,0.568,0.37,0.004,0.6685,0.8633,1.0,0.3135,cotton
Guntur_Andhra_Pradesh,Guntur,Andhra Pradesh,16.3,80.4,69,41,123,6.91,64.8,2.35,2023,7356.0,35.809999999999995,22.89333333333333,29.351666666666667,71.555,21.115000000000002,20,0.46901666666666664,0.02909166666666667,-0.013099,0.568,0.37,0.004,0.6685,0.8633,1.0,0.3135,cotton
Guntur_Andhra_Pradesh,Guntur,Andhra Pradesh,16.3,80.4,75,46,121,7.19,58.4,2.34,2023,7356.0,35.809999999999995,22.89333333333333,29.351666666666667,71.555,21.115000000000002,20,0.46901666666666664,0.02909166666666667,-0.013099,0.568,0.37,0.004,0.7393,0.77,1.0,0.3467,cotton
Guntur_Andhra_Pradesh,Guntur,Andhra Pradesh,16.3,80.4,75,46,121,7.19,58.4,2.34,2023,7356.0,35.809999999999995,22.89333333333333,29.351666666666667,71.555,21.115000000000002,20,0.46901666666666664,0.02909166666666667,-0.013099,0.568,0.37,0.004,0.7393,0.77,1.0,0.3467,cotton
Guntur_Andhra_Pradesh,Guntur,Andhra Pradesh,16.3,80.4,75,46,121,7.19,58.4,2.34,2023,7356.0,35.809999999999995,22.89333333333333,29.351666666666667,71.555,21.115000000000002,20,0.46901666666666664,0.02909166666666667,-0.013099,0.568,0.37,0.004,0.7393,0.77,1.0,0.3467,cotton
Guntur_Andhra_Pradesh,Guntur,Andhra Pradesh,16.3,80.4,75,46,121,7.19,58.4,2.34,2023,7356.0,35.809999999999995,22.89333333333333,29.351666666666667,71.555,21.115000000000002,20,0.46901666666666664,0.02909166666666667,-0.013099,0.568,0.37,0.004,0.7393,0.77,1.0,0.3467,cotton
Guntur_Andhra_Pradesh,Guntur,Andhra Pradesh,16.3,80.4,75,46,121,7.19,58.4,2.34,2023,7356.0,35.809999999999995,22.89333333333333,29.351666666666667,71.555,21.115000000000002,20,0.46901666666666664,0.02909166666666667,-0.013099,0.568,0.37,0.004,0.7393,0.77,1.0,0.3467,cotton
Guntur_Andhra_Pradesh,Guntur,Andhra Pradesh,16.3,80.4,68,40,116,6.92,55.0,2.59,2023,7356.0,35.809999999999995,22.89333333333333,29.351666666666667,71.555,21.115000000000002,20,0.46901666666666664,0.02909166666666667,-0.013099,0.568,0.37,0.004,0.632,0.86,1.0,0.2964,cotton
Guntur_Andhra_Pradesh,Guntur,Andhra Pradesh,16.3,80.4,68,40,116,6.92,55.0,2.59,2023,7356.0,35.809999999999995,22.89333333333333,29.351666666666667,71.555,21.115000000000002,20,0.46901666666666664,0.02909166666666667,-0.013099,0.568,0.37,0.004,0.632,0.86,1.0,0.2964,cotton
Guntur_Andhra_Pradesh,Guntur,Andhra Pradesh,16.3,80.4,68,40,116,6.92,55.0,2.59,2023,7356.0,35.809999999999995,22.89333333333333,29.351666666666667,71.555,21.115000000000002,20,0.46901666666666664,0.02909166666666667,-0.013099,0.568,0.37,0.004,0.632,0.86,1.0,0.2964,cotton
Guntur_Andhra_Pradesh,Guntur,Andhra Pradesh,16.3,80.4,68,40,116,6.92,55.0,2.59,2023,7356.0,35.809999999999995,22.89333333333333,29.351666666666667,71.555,21.115000000000002,20,0.46901666666666664,0.02909166666666667,-0.013099,0.568,0.37,0.004,0.632,0.86,1.0,0.2964,cotton
Guntur_Andhra_Pradesh,Guntur,Andhra Pradesh,16.3,80.4,68,40,116,6.92,55.0,2.59,2023,7356.0,35.809999999999995,22.89333333333333,29.351666666666667,71.555,21.115000000000002,20,0.46901666666666664,0.02909166666666667,-0.013099,0.568,0.37,0.004,0.632,0.86,1.0,0.2964,cotton
Guntur_Andhra_Pradesh,Guntur,Andhra Pradesh,16.3,80.4,81,46,118,7.07,56.8,2.53,2023,7356.0,35.809999999999995,22.89333333333333,29.351666666666667,71.555,21.115000000000002,20,0.46901666666666664,0.02909166666666667,-0.013099,0.568,0.37,0.004,0.7684,0.81,1.0,0.3604,cotton
Guntur_Andhra_Pradesh,Guntur,Andhra Pradesh,16.3,80.4,81,46,118,7.07,56.8,2.53,2023,7356.0,35.809999999999995,22.89333333333333,29.351666666666667,71.555,21.115000000000002,20,0.46901666666666664,0.02909166666666667,-0.013099,0.568,0.37,0.004,0.7684,0.81,1.0,0.3604,cotton
Guntur_Andhra_Pradesh,Guntur,Andhra Pradesh,16.3,80.4,81,46,118,7.07,56.8,2.53,2023,7356.0,35.809999999999995,22.89333333333333,29.351666666666667,71.555,21.115000000000002,20,0.46901666666666664,0.02909166666666667,-0.013099,0.568,0.37,0.004,0.7684,0.81,1.0,0.3604,cotton
Guntur_Andhra_Pradesh,Guntur,Andhra Pradesh,16.3,80.4,81,46,118,7.07,56.8,2.53,2023,7356.0,35.809999999999995,22.89333333333333,29.351666666666667,71.555,21.115000000000002,20,0.46901666666666664,0.02909166666666667,-0.013099,0.568,0.37,0.004,0.7684,0.81,1.0,0.3604,cotton
Guntur_Andhra_Pradesh,Guntur,Andhra Pradesh,16.3,80.4,81,46,118,7.07,56.8,2.53,2023,7356.0,35.809999999999995,22.89333333333333,29.351666666666667,71.555,21.115000000000002,20,0.46901666666666664,0.02909166666666667,-0.013099,0.568,0.37,0.004,0.7684,0.81,1.0,0.3604,cotton
Krishna_Andhra_Pradesh,Krishna,Andhra Pradesh,16.6,80.9,86,40,115,6.81,68.6,2.57,2023,8288.5,35.336666666666666,22.946666666666665,29.141666666666666,74.99,18.86,20,0.6367583333333333,0.035658333333333334,-0.013095,0.7357,0.5378,0.0035,0.745,0.8967,1.0,0.4744,rice
Krishna_Andhra_Pradesh,Krishna,Andhra Pradesh,16.6,80.9,86,40,115,6.81,68.6,2.57,2023,8288.5,35.336666666666666,22.946666666666665,29.141666666666666,74.99,18.86,20,0.6367583333333333,0.035658333333333334,-0.013095,0.7357,0.5378,0.0035,0.745,0.8967,1.0,0.4744,rice
Krishna_Andhra_Pradesh,Krishna,Andhra Pradesh,16.6,80.9,86,40,115,6.81,68.6,2.57,2023,8288.5,35.336666666666666,22.946666666666665,29.141666666666666,74.99,18.86,20,0.6367583333333333,0.035658333333333334,-0.013095,0.7357,0.5378,0.0035,0.745,0.8967,1.0,0.4744,rice
Krishna_Andhra_Pradesh,Krishna,Andhra Pradesh,16.6,80.9,86,40,115,6.81,68.6,2.57,2023,8288.5,35.336666666666666,22.946666666666665,29.141666666666666,74.99,18.86,20,0.6367583333333333,0.035658333333333334,-0.013095,0.7357,0.5378,0.0035,0.745,0.8967,1.0,0.4744,rice
Krishna_Andhra_Pradesh,Krishna,Andhra Pradesh,16.6,80.9,86,40,115,6.81,68.6,2.57,2023,8288.5,35.336666666666666,22.946666666666665,29.141666666666666,74.99,18.86,20,0.6367583333333333,0.035658333333333334,-0.013095,0.7357,0.5378,0.0035,0.745,0.8967,1.0,0.4744,rice
Krishna_Andhra_Pradesh,Krishna,Andhra Pradesh,16.6,80.9,74,45,124,6.73,63.2,2.66,2023,8288.5,35.336666666666666,22.946666666666665,29.141666666666666,74.99,18.86,20,0.6367583333333333,0.035658333333333334,-0.013095,0.7357,0.5378,0.0035,0.7347,0.9233,1.0,0.4678,rice
Krishna_Andhra_Pradesh,Krishna,Andhra Pradesh,16.6,80.9,74,45,124,6.73,63.2,2.66,2023,8288.5,35.336666666666666,22.946666666666665,29.141666666666666,74.99,18.86,20,0.6367583333333333,0.035658333333333334,-0.013095,0.7357,0.5378,0.0035,0.7347,0.9233,1.0,0.4678,rice
Krishna_Andhra_Pradesh,Krishna,Andhra Pradesh,16.6,80.9,74,45,124,6.73,63.2,2.66,2023,8288.5,35.336666666666666,22.946666666666665,29.141666666666666,74.99,18.86,20,0.6367583333333333,0.035658333333333334,-0.013095,0.7357,0.5378,0.0035,0.7347,0.9233,1.0,0.4678,rice
Krishna_Andhra_Pradesh,Krishna,Andhra Pradesh,16.6,80.9,74,45,124,6.73,63.2,2.66,2023,8288.5,35.336666666666666,22.946666666666665,29.141666666666666,74.99,18.86,20,0.6367583333333333,0.035658333333333334,-0.013095,0.7357,0.5378,0.0035,0.7347,0.9233,1.0,0.4678,rice
Krishna_Andhra_Pradesh,Krishna,Andhra Pradesh,16.6,80.9,74,45,124,6.73,63.2,2.66,2023,8288.5,35.336666666666666,22.946666666666665,29.141666666666666,74.99,18.86,20,0.6367583333333333,0.035658333333333334,-0.013095,0.7357,0.5378,0.0035,0.7347,0.9233,1.0,0.4678,rice
Krishna_Andhra_Pradesh,Krishna,Andhra Pradesh,16.6,80.9,74,48,126,6.62,70.2,2.72,2023,8288.5,35.336666666666666,22.946666666666665,29.141666666666666,74.99,18.86,20,0.6367583333333333,0.035658333333333334,-0.013095,0.7357,0.5378,0.0035,0.7642,0.96,1.0,0.4866,rice
Krishna_Andhra_Pradesh,Krishna,Andhra Pradesh,16.6,80.9,74,48,126,6.62,70.2,2.72,2023,8288.5,35.336666666666666,22.946666666666665,29.141666666666666,74.99,18.86,20,0.6367583333333333,0.035658333333333334,-0.013095,0.7357,0.5378,0.0035,0.7642,0.96,1.0,0.4866,rice
Krishna_Andhra_Pradesh,Krishna,Andhra Pradesh,16.6,80.9,74,48,126,6.62,70.2,2.72,2023,8288.5,35.336666666666666,22.946666666666665,29.141666666666666,74.99,18.86,20,0.6367583333333333,0.035658333333333334,-0.013095,0.7357,0.5378,0.0035,0.7642,0.96,1.0,0.4866,rice
Krishna_Andhra_Pradesh,Krishna,Andhra Pradesh,16.6,80.9,74,48,126,6.62,70.2,2.72,2023,8288.5,35.336666666666666,22.946666666666665,29.141666666666666,74.99,18.86,20,0.6367583333333333,0.035658333333333334,-0.013095,0.7357,0.5378,0.0035,0.7642,0.96,1.0,0.4866,rice
Krishna_Andhra_Pradesh,Krishna,Andhra Pradesh,16.6,80.9,74,48,126,6.62,70.2,2.72,2023,8288.5,35.336666666666666,22.946666666666665,29.141666666666666,74.99,18.86,20,0.6367583333333333,0.035658333333333334,-0.013095,0.7357,0.5378,0.0035,0.7642,0.96,1.0,0.4866,rice
Krishna_Andhra_Pradesh,Krishna,Andhra Pradesh,16.6,80.9,74,46,117,6.73,68.1,2.88,2023,8288.5,35.336666666666666,22.946666666666665,29.141666666666666,74.99,18.86,20,0.6367583333333333,0.035658333333333334,-0.013095,0.7357,0.5378,0.0035,0.7201,0.9233,1.0,0.4585,rice
Krishna_Andhra_Pradesh,Krishna,Andhra Pradesh,16.6,80.9,74,46,117,6.73,68.1,2.88,2023,8288.5,35.336666666666666,22.946666666666665,29.141666666666666,74.99,18.86,20,0.6367583333333333,0.035658333333333334,-0.013095,0.7357,0.5378,0.0035,0.7201,0.9233,1.0,0.4585,rice
Krishna_Andhra_Pradesh,Krishna,Andhra Pradesh,16.6,80.9,74,46,117,6.73,68.1,2.88,2023,8288.5,35.336666666666666,22.946666666666665,29.141666666666666,74.99,18.86,20,0.6367583333333333,0.035658333333333334,-0.013095,0.7357,0.5378,0.0035,0.7201,0.9233,1.0,0.4585,rice
Krishna_Andhra_Pradesh,Krishna,Andhra Pradesh,16.6,80.9,74,46,117,6.73,68.1,2.88,2023,8288.5,35.336666666666666,22.946666666666665,29.141666666666666,74.99,18.86,20,0.6367583333333333,0.035658333333333334,-0.013095,0.7357,0.5378,0.0035,0.7201,0.9233,1.0,0.4585,rice
Krishna_Andhra_Pradesh,Krishna,Andhra Pradesh,16.6,80.9,74,46,117,6.73,68.1,2.88,2023,8288.5,35.336666666666666,22.946666666666665,29.141666666666666,74.99,18.86,20,0.6367583333333333,0.035658333333333334,-0.013095,0.7357,0.5378,0.0035,0.7201,0.9233,1.0,0.4585,rice
Krishna_Andhra_Pradesh,Krishna,Andhra Pradesh,16.6,80.9,74,41,124,6.68,67.9,2.88,2023,8288.5,35.336666666666666,22.946666666666665,29.141666666666666,74.99,18.86,20,0.6367583333333333,0.035658333333333334,-0.013095,0.7357,0.5378,0.0035,0.7039,0.94,1.0,0.4482,rice
Krishna_Andhra_Pradesh,Krishna,Andhra Pradesh,16.6,80.9,74,41,124,6.68,67.9,2.88,2023,8288.5,35.336666666666666,22.946666666666665,29.141666666666666,74.99,18.86,20,0.6367583333333333,0.035658333333333334,-0.013095,0.7357,0.5378,0.0035,0.7039,0.94,1.0,0.4482,rice
Krishna_Andhra_Pradesh,Krishna,Andhra Pradesh,16.6,80.9,74,41,124,6.68,67.9,2.88,2023,8288.5,35.336666666666666,22.946666666666665,29.141666666666666,74.99,18.86,20,0.6367583333333333,0.035658333333333334,-0.013095,0.7357,0.5378,0.0035,0.7039,0.94,1.0,0.4482,rice
Krishna_Andhra_Pradesh,Krishna,Andhra Pradesh,16.6,80.9,74,41,124,6.68,67.9,2.88,2023,8288.5,35.336666666666666,22.946666666666665,29.141666666666666,74.99,18.86,20,0.6367583333333333,0.035658333333333334,-0.013095,0.7357,0.5378,0.0035,0.7039,0.94,1.0,0.4482,rice
Krishna_Andhra_Pradesh,Krishna,Andhra Pradesh,16.6,80.9,74,41,124,6.68,67.9,2.88,2023,8288.5,35.336666666666666,22.946666666666665,29.141666666666666,74.99,18.86,20,0.6367583333333333,0.035658333333333334,-0.013095,0.7357,0.5378,0.0035,0.7039,0.94,1.0,0.4482,rice
Kurnool_Andhra_Pradesh,Kurnool,Andhra Pradesh,15.8,78.0,61,40,101,7.33,38.8,1.73,2023,5032.8,37.733333333333334,23.18,30.456666666666667,58.24166666666667,22.743333333333332,20,0.41315833333333335,0.02896666666666667,-0.013095,0.5121,0.3142,0.0061,0.539,0.7233,1.0,0.2227,groundnut
Kurnool_Andhra_Pradesh,Kurnool,Andhra Pradesh,15.8,78.0,61,40,101,7.33,38.8,1.73,2023,5032.8,37.733333333333334,23.18,30.456666666666667,58.24166666666667,22.743333333333332,20,0.41315833333333335,0.02896666666666667,-0.013095,0.5121,0.3142,0.0061,0.539,0.7233,1.0,0.2227,groundnut
Kurnool_Andhra_Pradesh,Kurnool,Andhra Pradesh,15.8,78.0,61,40,101,7.33,38.8,1.73,2023,5032.8,37.733333333333334,23.18,30.456666666666667,58.24166666666667,22.743333333333332,20,0.41315833333333335,0.02896666666666667,-0.013095,0.5121,0.3142,0.0061,0.539,0.7233,1.0,0.2227,groundnut
Kurnool_Andhra_Pradesh,Kurnool,Andhra Pradesh,15.8,78.0,61,40,101,7.33,38.8,1.73,2023,5032.8,37.733333333333334,23.18,30.456666666666667,58.24166666666667,22.743333333333332,20,0.41315833333333335,0.02896666666666667,-0.013095,0.5121,0.3142,0.0061,0.539,0.7233,1.0,0.2227,groundnut
Kurnool_Andhra_Pradesh,Kurnool,Andhra Pradesh,15.8,78.0,61,40,101,7.33,38.8,1.73,2023,5032.8,37.733333333333334,23.18,30.456666666666667,58.24166666666667,22.743333333333332,20,0.41315833333333335,0.02896666666666667,-0.013095,0.5121,0.3142,0.0061,0.539,0.7233,1.0,0.2227,groundnut
Kurnool_Andhra_Pradesh,Kurnool,Andhra Pradesh,15.8,78.0,72,37,93,7.36,43.8,1.59,2023,5032.8,37.733333333333334,23.18,30.456666666666667,58.24166666666667,22.743333333333332,20,0.41315833333333335,0.02896666666666667,-0.013095,0.5121,0.3142,0.0061,0.5613,0.7133,1.0,0.2319,groundnut
Kurnool_Andhra_Pradesh,Kurnool,Andhra Pradesh,15.8,78.0,72,37,93,7.36,43.8,1.59,2023,5032.8,37.733333333333334,23.18,30.456666666666667,58.24166666666667,22.743333333333332,20,0.41315833333333335,0.02896666666666667,-0.013095,0.5121,0.3142,0.0061,0.5613,0.7133,1.0,0.2319,groundnut
Kurnool_Andhra_Pradesh,Kurnool,Andhra Pradesh,15.8,78.0,72,37,93,7.36,43.8,1.59,2023,5032.8,37.733333333333334,23.18,30.456666666666667,58.24166666666667,22.743333333333332,20,0.41315833333333335,0.02896666666666667,-0.013095,0.5121,0.3142,0.0061,0.5613,0.7133,1.0,0.2319,groundnut
Kurnool_Andhra_Pradesh,Kurnool,Andhra Pradesh,15.8,78.0,72,37,93,7.36,43.8,1.59,2023,5032.8,37.733333333333334,23.18,30.456666666666667,58.24166666666667,22.743333333333332,20,0.41315833333333335,0.02896666666666667,-0.013095,0.5121,0.3142,0.0061,0.5613,0.7133,1.0,0.2319,groundnut
Kurnool_Andhra_Pradesh,Kurnool,Andhra Pradesh,15.8,78.0,72,37,93,7.36,43.8,1.59,2023,5032.8,37.733333333333334,23.18,30.456666666666667,58.24166666666667,22.743333333333332,20,0.41315833333333335,0.02896666666666667,-0.013095,0.5121,0.3142,0.0061,0.5613,0.7133,1.0,0.2319,groundnut
Kurnool_Andhra_Pradesh,Kurnool,Andhra Pradesh,15.8,78.0,66,37,93,7.26,44.1,1.6,2023,5032.8,37.733333333333334,23.18,30.456666666666667,58.24166666666667,22.743333333333332,20,0.41315833333333335,0.02896666666666667,-0.013095,0.5121,0.3142,0.0061,0.5226,0.7467,1.0,0.2159,groundnut
Kurnool_Andhra_Pradesh,Kurnool,Andhra Pradesh,15.8,78.0,66,37,93,7.26,44.1,1.6,2023,5032.8,37.733333333333334,23.18,30.456666666666667,58.24166666666667,22.743333333333332,20,0.41315833333333335,0.02896666666666667,-0.013095,0.5121,0.3142,0.0061,0.5226,0.7467,1.0,0.2159,groundnut
Kurnool_Andhra_Pradesh,Kurnool,Andhra Pradesh,15.8,78.0,66,37,93,7.26,44.1,1.6,2023,5032.8,37.733333333333334,23.18,30.456666666666667,58.24166666666667,22.743333333333332,20,0.41315833333333335,0.02896666666666667,-0.013095,0.5121,0.3142,0.0061,0.5226,0.7467,1.0,0.2159,groundnut
Kurnool_Andhra_Pradesh,Kurnool,Andhra Pradesh,15.8,78.0,66,37,93,7.26,44.1,1.6,2023,5032.8,37.733333333333334,23.18,30.456666666666667,58.24166666666667,22.743333333333332,20,0.41315833333333335,0.02896666666666667,-0.013095,0.5121,0.3142,0.0061,0.5226,0.7467,1.0,0.2159,groundnut
Kurnool_Andhra_Pradesh,Kurnool,Andhra Pradesh,15.8,78.0,66,37,93,7.26,44.1,1.6,2023,5032.8,37.733333333333334,23.18,30.456666666666667,58.24166666666667,22.743333333333332,20,0.41315833333333335,0.02896666666666667,-0.013095,0.5121,0.3142,0.0061,0.5226,0.7467,1.0,0.2159,groundnut
Kurnool_Andhra_Pradesh,Kurnool,Andhra Pradesh,15.8,78.0,66,36,104,7.36,40.2,1.69,2023,5032.8,37.733333333333334,23.18,30.456666666666667,58.24166666666667,22.743333333333332,20,0.41315833333333335,0.02896666666666667,-0.013095,0.5121,0.3142,0.0061,0.55,0.7133,1.0,0.2272,groundnut
Kurnool_Andhra_Pradesh,Kurnool,Andhra Pradesh,15.8,78.0,66,36,104,7.36,40.2,1.69,2023,5032.8,37.733333333333334,23.18,30.456666666666667,58.24166666666667,22.743333333333332,20,0.41315833333333335,0.02896666666666667,-0.013095,0.5121,0.3142,0.0061,0.55,0.7133,1.0,0.2272,groundnut
Kurnool_Andhra_Pradesh,Kurnool,Andhra Pradesh,15.8,78.0,66,36,104,7.36,40.2,1.69,2023,5032.8,37.733333333333334,23.18,30.456666666666667,58.24166666666667,22.743333333333332,20,0.41315833333333335,0.02896666666666667,-0.013095,0.5121,0.3142,0.0061,0.55,0.7133,1.0,0.2272,groundnut
Kurnool_Andhra_Pradesh,Kurnool,Andhra Pradesh,15.8,78.0,66,36,104,7.36,40.2,1.69,2023,5032.8,37.733333333333334,23.18,30.456666666666667,58.24166666666667,22.743333333333332,20,0.41315833333333335,0.02896666666666667,-0.013095,0.5121,0.3142,0.0061,0.55,0.7133,1.0,0.2272,groundnut
Kurnool_Andhra_Pradesh,Kurnool,Andhra Pradesh,15.8,78.0,66,36,104,7.36,40.2,1.69,2023,5032.8,37.733333333333334,23.18,30.456666666666667,58.24166666666667,22.743333333333332,20,0.41315833333333335,0.02896666666666667,-0.013095,0.5121,0.3142,0.0061,0.55,0.7133,1.0,0.2272,groundnut
Kurnool_Andhra_Pradesh,Kurnool,Andhra Pradesh,15.8,78.0,58,32,100,7.26,39.6,1.67,2023,5032.8,37.733333333333334,23.18,30.456666666666667,58.24166666666667,22.743333333333332,20,0.41315833333333335,0.02896666666666667,-0.013095,0.5121,0.3142,0.0061,0.4549,0.7467,1.0,0.1879,groundnut
Kurnool_Andhra_Pradesh,Kurnool,Andhra Pradesh,15.8,78.0,58,32,100,7.26,39.6,1.67,2023,5032.8,37.733333333333334,23.18,30.456666666666667,58.24166666666667,22.743333333333332,20,0.41315833333333335,0.02896666666666667,-0.013095,0.5121,0.3142,0.0061,0.4549,0.7467,1.0,0.1879,groundnut
Kurnool_Andhra_Pradesh,Kurnool,Andhra Pradesh,15.8,78.0,58,32,100,7.26,39.6,1.67,2023,5032.8,37.733333333333334,23.18,30.456666666666667,58.24166666666667,22.743333333333332,20,0.41315833333333335,0.02896666666666667,-0.013095,0.5121,0.3142,0.0061,0.4549,0.7467,1.0,0.1879,groundnut
Kurnool_Andhra_Pradesh,Kurnool,Andhra Pradesh,15.8,78.0,58,32,100,7.26,39.6,1.67,2023,5032.8,37.733333333333334,23.18,30.456666666666667,58.24166666666667,22.743333333333332,20,0.41315833333333335,0.02896666666666667,-0.013095,0.5121,0.3142,0.0061,0.4549,0.7467,1.0,0.1879,groundnut
Kurnool_Andhra_Pradesh,Kurnool,Andhra Pradesh,15.8,78.0,58,32,100,7.26,39.6,1.67,2023,5032.8,37.733333333333334,23.18,30.456666666666667,58.24166666666667,22.743333333333332,20,0.41315833333333335,0.02896666666666667,-0.013095,0.5121,0.3142,0.0061,0.4549,0.7467,1.0,0.1879,groundnut
Anantapur_Andhra_Pradesh,Anantapur,Andhra Pradesh,14.7,77.6,64,25,91,7.75,31.5,1.48,2023,4520.5,39.016666666666666,22.975,30.995833333333334,51.940000000000005,23.903333333333332,20,0.5382416666666666,0.029975,-0.013095,0.6372,0.4393,0.0069,0.411,0.5833,1.0,0.2212,groundnut
Anantapur_Andhra_Pradesh,Anantapur,Andhra Pradesh,14.7,77.6,64,25,91,7.75,31.5,1.48,2023,4520.5,39.016666666666666,22.975,30.995833333333334,51.940000000000005,23.903333333333332,20,0.5382416666666666,0.029975,-0.013095,0.6372,0.4393,0.0069,0.411,0.5833,1.0,0.2212,groundnut
Anantapur_Andhra_Pradesh,Anantapur,Andhra Pradesh,14.7,77.6,64,25,91,7.75,31.5,1.48,2023,4520.5,39.016666666666666,22.975,30.995833333333334,51.940000000000005,23.903333333333332,20,0.5382416666666666,0.029975,-0.013095,0.6372,0.4393,0.0069,0.411,0.5833,1.0,0.2212,groundnut
Anantapur_Andhra_Pradesh,Anantapur,Andhra Pradesh,14.7,77.6,64,25,91,7.75,31.5,1.48,2023,4520.5,39.016666666666666,22.975,30.995833333333334,51.940000000000005,23.903333333333332,20,0.5382416666666666,0.029975,-0.013095,0.6372,0.4393,0.0069,0.411,0.5833,1.0,0.2212,groundnut
Anantapur_Andhra_Pradesh,Anantapur,Andhra Pradesh,14.7,77.6,64,25,91,7.75,31.5,1.48,2023,4520.5,39.016666666666666,22.975,30.995833333333334,51.940000000000005,23.903333333333332,20,0.5382416666666666,0.029975,-0.013095,0.6372,0.4393,0.0069,0.411,0.5833,1.0,0.2212,groundnut
Anantapur_Andhra_Pradesh,Anantapur,Andhra Pradesh,14.7,77.6,53,25,92,7.78,37.9,1.44,2023,4520.5,39.016666666666666,22.975,30.995833333333334,51.940000000000005,23.903333333333332,20,0.5382416666666666,0.029975,-0.013095,0.6372,0.4393,0.0069,0.3433,0.5733,1.0,0.1848,groundnut
Anantapur_Andhra_Pradesh,Anantapur,Andhra Pradesh,14.7,77.6,53,25,92,7.78,37.9,1.44,2023,4520.5,39.016666666666666,22.975,30.995833333333334,51.940000000000005,23.903333333333332,20,0.5382416666666666,0.029975,-0.013095,0.6372,0.4393,0.0069,0.3433,0.5733,1.0,0.1848,groundnut
Anantapur_Andhra_Pradesh,Anantapur,Andhra Pradesh,14.7,77.6,53,25,92,7.78,37.9,1.44,2023,4520.5,39.016666666666666,22.975,30.995833333333334,51.940000000000005,23.903333333333332,20,0.5382416666666666,0.029975,-0.013095,0.6372,0.4393,0.0069,0.3433,0.5733,1.0,0.1848,groundnut
Anantapur_Andhra_Pradesh,Anantapur,Andhra Pradesh,14.7,77.6,53,25,92,7.78,37.9,1.44,2023,4520.5,39.016666666666666,22.975,30.995833333333334,51.940000000000005,23.903333333333332,20,0.5382416666666666,0.029975,-0.013095,0.6372,0.4393,0.0069,0.3433,0.5733,1.0,0.1848,groundnut
Anantapur_Andhra_Pradesh,Anantapur,Andhra Pradesh,14.7,77.6,53,25,92,7.78,37.9,1.44,2023,4520.5,39.016666666666666,22.975,30.995833333333334,51.940000000000005,23.903333333333332,20,0.5382416666666666,0.029975,-0.013095,0.6372,0.4393,0.0069,0.3433,0.5733,1.0,0.1848,groundnut
Anantapur_Andhra_Pradesh,Anantapur,Andhra Pradesh,14.7,77.6,51,30,81,7.76,30.1,1.28,2023,4520.5,39.016666666666666,22.975,30.995833333333334,51.940000000000005,23.903333333333332,20,0.5382416666666666,0.029975,-0.013095,0.6372,0.4393,0.0069,0.3337,0.58,1.0,0.1796,groundnut
Anantapur_Andhra_Pradesh,Anantapur,Andhra Pradesh,14.7,77.6,51,30,81,7.76,30.1,1.28,2023,4520.5,39.016666666666666,22.975,30.995833333333334,51.940000000000005,23.903333333333332,20,0.5382416666666666,0.029975,-0.013095,0.6372,0.4393,0.0069,0.3337,0.58,1.0,0.1796,groundnut
Anantapur_Andhra_Pradesh,Anantapur,Andhra Pradesh,14.7,77.6,51,30,81,7.76,30.1,1.28,2023,4520.5,39.016666666666666,22.975,30.995833333333334,51.940000000000005,23.903333333333332,20,0.5382416666666666,0.029975,-0.013095,0.6372,0.4393,0.0069,0.3337,0.58,1.0,0.1796,groundnut
Anantapur_Andhra_Pradesh,Anantapur,Andhra Pradesh,14.7,77.6,51,30,81,7.76,30.1,1.28,2023,4520.5,39.016666666666666,22.975,30.995833333333334,51.940000000000005,23.903333333333332,20,0.5382416666666666,0.029975,-0.013095,0.6372,0.4393,0.0069,0.3337,0.58,1.0,0.1796,groundnut
Anantapur_Andhra_Pradesh,Anantapur,Andhra Pradesh,14.7,77.6,51,30,81,7.76,30.1,1.28,2023,4520.5,39.016666666666666,22.975,30.995833333333334,51.940000000000005,23.903333333333332,20,0.5382416666666666,0.029975,-0.013095,0.6372,0.4393,0.0069,0.3337,0.58,1.0,0.1796,groundnut
Anantapur_Andhra_Pradesh,Anantapur,Andhra Pradesh,14.7,77.6,52,32,87,7.8,37.7,1.28,2023,4520.5,39.016666666666666,22.975,30.995833333333334,51.940000000000005,23.903333333333332,20,0.5382416666666666,0.029975,-0.013095,0.6372,0.4393,0.0069,0.3747,0.5667,1.0,0.2017,groundnut
Anantapur_Andhra_Pradesh,Anantapur,Andhra Pradesh,14.7,77.6,52,32,87,7.8,37.7,1.28,2023,4520.5,39.016666666666666,22.975,30.995833333333334,51.940000000000005,23.903333333333332,20,0.5382416666666666,0.029975,-0.013095,0.6372,0.4393,0.0069,0.3747,0.5667,1.0,0.2017,groundnut
Anantapur_Andhra_Pradesh,Anantapur,Andhra Pradesh,14.7,77.6,52,32,87,7.8,37.7,1.28,2023,4520.5,39.016666666666666,22.975,30.995833333333334,51.940000000000005,23.903333333333332,20,0.5382416666666666,0.029975,-0.013095,0.6372,0.4393,0.0069,0.3747,0.5667,1.0,0.2017,groundnut
Anantapur_Andhra_Pradesh,Anantapur,Andhra Pradesh,14.7,77.6,52,32,87,7.8,37.7,1.28,2023,4520.5,39.016666666666666,22.975,30.995833333333334,51.940000000000005,23.903333333333332,20,0.5382416666666666,0.029975,-0.013095,0.6372,0.4393,0.0069,0.3747,0.5667,1.0,0.2017,groundnut
Anantapur_Andhra_Pradesh,Anantapur,Andhra Pradesh,14.7,77.6,52,32,87,7.8,37.7,1.28,2023,4520.5,39.016666666666666,22.975,30.995833333333334,51.940000000000005,23.903333333333332,20,0.5382416666666666,0.029975,-0.013095,0.6372,0.4393,0.0069,0.3747,0.5667,1.0,0.2017,groundnut
Anantapur_Andhra_Pradesh,Anantapur,Andhra Pradesh,14.7,77.6,50,26,88,7.76,33.2,1.42,2023,4520.5,39.016666666666666,22.975,30.995833333333334,51.940000000000005,23.903333333333332,20,0.5382416666666666,0.029975,-0.013095,0.6372,0.4393,0.0069,0.3188,0.58,1.0,0.1716,groundnut
Anantapur_Andhra_Pradesh,Anantapur,Andhra Pradesh,14.7,77.6,50,26,88,7.76,33.2,1.42,2023,4520.5,39.016666666666666,22.975,30.995833333333334,51.940000000000005,23.903333333333332,20,0.5382416666666666,0.029975,-0.013095,0.6372,0.4393,0.0069,0.3188,0.58,1.0,0.1716,groundnut
Anantapur_Andhra_Pradesh,Anantapur,Andhra Pradesh,14.7,77.6,50,26,88,7.76,33.2,1.42,2023,4520.5,39.016666666666666,22.975,30.995833333333334,51.940000000000005,23.903333333333332,20,0.5382416666666666,0.029975,-0.013095,0.6372,0.4393,0.0069,0.3188,0.58,1.0,0.1716,groundnut
Anantapur_Andhra_Pradesh,Anantapur,Andhra Pradesh,14.7,77.6,50,26,88,7.76,33.2,1.42,2023,4520.5,39.016666666666666,22.975,30.995833333333334,51.940000000000005,23.903333333333332,20,0.5382416666666666,0.029975,-0.013095,0.6372,0.4393,0.0069,0.3188,0.58,1.0,0.1716,groundnut
Anantapur_Andhra_Pradesh,Anantapur,Andhra Pradesh,14.7,77.6,50,26,88,7.76,33.2,1.42,2023,4520.5,39.016666666666666,22.975,30.995833333333334,51.940000000000005,23.903333333333332,20,0.5382416666666666,0.029975,-0.013095,0.6372,0.4393,0.0069,0.3188,0.58,1.0,0.1716,groundnut
Nellore_Andhra_Pradesh,Nellore,Andhra Pradesh,14.4,79.9,80,45,120,6.72,60.8,2.7,2023,8386.5,34.88666666666666,24.16166666666667,29.524166666666666,76.08,20.001666666666665,20,0.47724166666666673,0.03245833333333333,-0.013095,0.5762,0.3783,0.0035,0.7607,0.9267,1.0,0.363,rice
Nellore_Andhra_Pradesh,Nellore,Andhra Pradesh,14.4,79.9,80,45,120,6.72,60.8,2.7,2023,8386.5,34.88666666666666,24.16166666666667,29.524166666666666,76.08,20.001666666666665,20,0.47724166666666673,0.03245833333333333,-0.013095,0.5762,0.3783,0.0035,0.7607,0.9267,1.0,0.363,rice
Nellore_Andhra_Pradesh,Nellore,Andhra Pradesh,14.4,79.9,80,45,120,6.72,60.8,2.7,2023,8386.5,34.88666666666666,24.16166666666667,29.524166666666666,76.08,20.001666666666665,20,0.47724166666666673,0.03245833333333333,-0.013095,0.5762,0.3783,0.0035,0.7607,0.9267,1.0,0.363,rice
Nellore_Andhra_Pradesh,Nellore,Andhra Pradesh,14.4,79.9,80,45,120,6.72,60.8,2.7,2023,8386.5,34.88666666666666,24.16166666666667,29.524166666666666,76.08,20.001666666666665,20,0.47724166666666673,0.03245833333333333,-0.013095,0.5762,0.3783,0.0035,0.7607,0.9267,1.0,0.363,rice
Nellore_Andhra_Pradesh,Nellore,Andhra Pradesh,14.4,79.9,80,45,120,6.72,60.8,2.7,2023,8386.5,34.88666666666666,24.16166666666667,29.524166666666666,76.08,20.001666666666665,20,0.47724166666666673,0.03245833333333333,-0.013095,0.5762,0.3783,0.0035,0.7607,0.9267,1.0,0.363,rice
Nellore_Andhra_Pradesh,Nellore,Andhra Pradesh,14.4,79.9,77,43,124,6.74,64.3,2.44,2023,8386.5,34.88666666666666,24.16166666666667,29.524166666666666,76.08,20.001666666666665,20,0.47724166666666673,0.03245833333333333,-0.013095,0.5762,0.3783,0.0035,0.7387,0.92,1.0,0.3525,rice
Nellore_Andhra_Pradesh,Nellore,Andhra Pradesh,14.4,79.9,77,43,124,6.74,64.3,2.44,2023,8386.5,34.88666666666666,24.16166666666667,29.524166666666666,76.08,20.001666666666665,20,0.47724166666666673,0.03245833333333333,-0.013095,0.5762,0.3783,0.0035,0.7387,0.92,1.0,0.3525,rice
Nellore_Andhra_Pradesh,Nellore,Andhra Pradesh,14.4,79.9,77,43,124,6.74,64.3,2.44,2023,8386.5,34.88666666666666,24.16166666666667,29.524166666666666,76.08,20.001666666666665,20,0.47724166666666673,0.03245833333333333,-0.013095,0.5762,0.3783,0.0035,0.7387,0.92,1.0,0.3525,rice
Nellore_Andhra_Pradesh,Nellore,Andhra Pradesh,14.4,79.9,77,43,124,6.74,64.3,2.44,2023,8386.5,34.88666666666666,24.16166666666667,29.524166666666666,76.08,20.001666666666665,20,0.47724166666666673,0.03245833333333333,-0.013095,0.5762,0.3783,0.0035,0.7387,0.92,1.0,0.3525,rice
Nellore_Andhra_Pradesh,Nellore,Andhra Pradesh,14.4,79.9,77,43,124,6.74,64.3,2.44,2023,8386.5,34.88666666666666,24.16166666666667,29.524166666666666,76.08,20.001666666666665,20,0.47724166666666673,0.03245833333333333,-0.013095,0.5762,0.3783,0.0035,0.7387,0.92,1.0,0.3525,rice
Nellore_Andhra_Pradesh,Nellore,Andhra Pradesh,14.4,79.9,82,37,109,6.87,69.6,2.54,2023,8386.5,34.88666666666666,24.16166666666667,29.524166666666666,76.08,20.001666666666665,20,0.47724166666666673,0.03245833333333333,-0.013095,0.5762,0.3783,0.0035,0.6769,0.8767,1.0,0.323,rice
Nellore_Andhra_Pradesh,Nellore,Andhra Pradesh,14.4,79.9,82,37,109,6.87,69.6,2.54,2023,8386.5,34.88666666666666,24.16166666666667,29.524166666666666,76.08,20.001666666666665,20,0.47724166666666673,0.03245833333333333,-0.013095,0.5762,0.3783,0.0035,0.6769,0.8767,1.0,0.323,rice
Nellore_Andhra_Pradesh,Nellore,Andhra Pradesh,14.4,79.9,82,37,109,6.87,69.6,2.54,2023,8386.5,34.88666666666666,24.16166666666667,29.524166666666666,76.08,20.001666666666665,20,0.47724166666666673,0.03245833333333333,-0.013095,0.5762,0.3783,0.0035,0.6769,0.8767,1.0,0.323,rice
Nellore_Andhra_Pradesh,Nellore,Andhra Pradesh,14.4,79.9,82,37,109,6.87,69.6,2.54,2023,8386.5,34.88666666666666,24.16166666666667,29.524166666666666,76.08,20.001666666666665,20,0.47724166666666673,0.03245833333333333,-0.013095,0.5762,0.3783,0.0035,0.6769,0.8767,1.0,0.323,rice
Nellore_Andhra_Pradesh,Nellore,Andhra Pradesh,14.4,79.9,82,37,109,6.87,69.6,2.54,2023,8386.5,34.88666666666666,24.16166666666667,29.524166666666666,76.08,20.001666666666665,20,0.47724166666666673,0.03245833333333333,-0.013095,0.5762,0.3783,0.0035,0.6769,0.8767,1.0,0.323,rice
Nellore_Andhra_Pradesh,Nellore,Andhra Pradesh,14.4,79.9,72,41,114,6.99,65.0,2.66,2023,8386.5,34.88666666666666,24.16166666666667,29.524166666666666,76.08,20.001666666666665,20,0.47724166666666673,0.03245833333333333,-0.013095,0.5762,0.3783,0.0035,0.6591,0.8367,1.0,0.3145,rice
Nellore_Andhra_Pradesh,Nellore,Andhra Pradesh,14.4,79.9,72,41,114,6.99,65.0,2.66,2023,8386.5,34.88666666666666,24.16166666666667,29.524166666666666,76.08,20.001666666666665,20,0.47724166666666673,0.03245833333333333,-0.013095,0.5762,0.3783,0.0035,0.6591,0.8367,1.0,0.3145,rice
Nellore_Andhra_Pradesh,Nellore,Andhra Pradesh,14.4,79.9,72,41,114,6.99,65.0,2.66,2023,8386.5,34.88666666666666,24.16166666666667,29.524166666666666,76.08,20.001666666666665,20,0.47724166666666673,0.03245833333333333,-0.013095,0.5762,0.3783,0.0035,0.6591,0.8367,1.0,0.3145,rice
Nellore_Andhra_Pradesh,Nellore,Andhra Pradesh,14.4,79.9,72,41,114,6.99,65.0,2.66,2023,8386.5,34.88666666666666,24.16166666666667,29.524166666666666,76.08,20.001666666666665,20,0.47724166666666673,0.03245833333333333,-0.013095,0.5762,0.3783,0.0035,0.6591,0.8367,1.0,0.3145,rice
Nellore_Andhra_Pradesh,Nellore,Andhra Pradesh,14.4,79.9,72,41,114,6.99,65.0,2.66,2023,8386.5,34.88666666666666,24.16166666666667,29.524166666666666,76.08,20.001666666666665,20,0.47724166666666673,0.03245833333333333,-0.013095,0.5762,0.3783,0.0035,0.6591,0.8367,1.0,0.3145,rice
Nellore_Andhra_Pradesh,Nellore,Andhra Pradesh,14.4,79.9,76,42,117,6.88,63.3,2.48,2023,8386.5,34.88666666666666,24.16166666666667,29.524166666666666,76.08,20.001666666666665,20,0.47724166666666673,0.03245833333333333,-0.013095,0.5762,0.3783,0.0035,0.7022,0.8733,1.0,0.3351,rice
Nellore_Andhra_Pradesh,Nellore,Andhra Pradesh,14.4,79.9,76,42,117,6.88,63.3,2.48,2023,8386.5,34.88666666666666,24.16166666666667,29.524166666666666,76.08,20.001666666666665,20,0.47724166666666673,0.03245833333333333,-0.013095,0.5762,0.3783,0.0035,0.7022,0.8733,1.0,0.3351,rice
Nellore_Andhra_Pradesh,Nellore,Andhra Pradesh,14.4,79.9,76,42,117,6.88,63.3,2.48,2023,8386.5,34.88666666666666,24.16166666666667,29.524166666666666,76.08,20.001666666666665,20,0.47724166666666673,0.03245833333333333,-0.013095,0.5762,0.3783,0.0035,0.7022,0.8733,1.0,0.3351,rice
Nellore_Andhra_Pradesh,Nellore,Andhra Pradesh,14.4,79.9,76,42,117,6.88,63.3,2.48,2023,8386.5,34.88666666666666,24.16166666666667,29.524166666666666,76.08,20.001666666666665,20,0.47724166666666673,0.03245833333333333,-0.013095,0.5762,0.3783,0.0035,0.7022,0.8733,1.0,0.3351,rice
Nellore_Andhra_Pradesh,Nellore,Andhra Pradesh,14.4,79.9,76,42,117,6.88,63.3,2.48,2023,8386.5,34.88666666666666,24.16166666666667,29.524166666666666,76.08,20.001666666666665,20,0.47724166666666673,0.03245833333333333,-0.013095,0.5762,0.3783,0.0035,0.7022,0.8733,1.0,0.3351,rice
Mysuru_Karnataka,Mysuru,Karnataka,12.3,76.6,68,41,103,6.87,57.3,2.49,2023,6382.9,32.91,19.06,25.985,67.89666666666668,18.896666666666665,20,0.5705,0.031625,-0.013104,0.6695,0.4715,0.0041,0.5982,0.8767,1.0,0.3413,sugarcane
Mysuru_Karnataka,Mysuru,Karnataka,12.3,76.6,68,41,103,6.87,57.3,2.49,2023,6382.9,32.91,19.06,25.985,67.89666666666668,18.896666666666665,20,0.5705,0.031625,-0.013104,0.6695,0.4715,0.0041,0.5982,0.8767,1.0,0.3413,sugarcane
Mysuru_Karnataka,Mysuru,Karnataka,12.3,76.6,68,41,103,6.87,57.3,2.49,2023,6382.9,32.91,19.06,25.985,67.89666666666668,18.896666666666665,20,0.5705,0.031625,-0.013104,0.6695,0.4715,0.0041,0.5982,0.8767,1.0,0.3413,sugarcane
Mysuru_Karnataka,Mysuru,Karnataka,12.3,76.6,68,41,103,6.87,57.3,2.49,2023,6382.9,32.91,19.06,25.985,67.89666666666668,18.896666666666665,20,0.5705,0.031625,-0.013104,0.6695,0.4715,0.0041,0.5982,0.8767,1.0,0.3413,sugarcane
Mysuru_Karnataka,Mysuru,Karnataka,12.3,76.6,68,41,103,6.87,57.3,2.49,2023,6382.9,32.91,19.06,25.985,67.89666666666668,18.896666666666665,20,0.5705,0.031625,-0.013104,0.6695,0.4715,0.0041,0.5982,0.8767,1.0,0.3413,sugarcane
Mysuru_Karnataka,Mysuru,Karnataka,12.3,76.6,67,44,100,6.87,55.0,2.16,2023,6382.9,32.91,19.06,25.985,67.89666666666668,18.896666666666665,20,0.5705,0.031625,-0.013104,0.6695,0.4715,0.0041,0.6053,0.8767,1.0,0.3453,sugarcane
Mysuru_Karnataka,Mysuru,Karnataka,12.3,76.6,67,44,100,6.87,55.0,2.16,2023,6382.9,32.91,19.06,25.985,67.89666666666668,18.896666666666665,20,0.5705,0.031625,-0.013104,0.6695,0.4715,0.0041,0.6053,0.8767,1.0,0.3453,sugarcane
Mysuru_Karnataka,Mysuru,Karnataka,12.3,76.6,67,44,100,6.87,55.0,2.16,2023,6382.9,32.91,19.06,25.985,67.89666666666668,18.896666666666665,20,0.5705,0.031625,-0.013104,0.6695,0.4715,0.0041,0.6053,0.8767,1.0,0.3453,sugarcane
Mysuru_Karnataka,Mysuru,Karnataka,12.3,76.6,67,44,100,6.87,55.0,2.16,2023,6382.9,32.91,19.06,25.985,67.89666666666668,18.896666666666665,20,0.5705,0.031625,-0.013104,0.6695,0.4715,0.0041,0.6053,0.8767,1.0,0.3453,sugarcane
Mysuru_Karnataka,Mysuru,Karnataka,12.3,76.6,67,44,100,6.87,55.0,2.16,2023,6382.9,32.91,19.06,25.985,67.89666666666668,18.896666666666665,20,0.5705,0.031625,-0.013104,0.6695,0.4715,0.0041,0.6053,0.8767,1.0,0.3453,sugarcane
Mysuru_Karnataka,Mysuru,Karnataka,12.3,76.6,72,41,115,6.84,53.3,2.48,2023,6382.9,32.91,19.06,25.985,67.89666666666668,18.896666666666665,20,0.5705,0.031625,-0.013104,0.6695,0.4715,0.0041,0.6623,0.8867,1.0,0.3778,sugarcane
Mysuru_Karnataka,Mysuru,Karnataka,12.3,76.6,72,41,115,6.84,53.3,2.48,2023,6382.9,32.91,19.06,25.985,67.89666666666668,18.896666666666665,20,0.5705,0.031625,-0.013104,0.6695,0.4715,0.0041,0.6623,0.8867,1.0,0.3778,sugarcane
Mysuru_Karnataka,Mysuru,Karnataka,12.3,76.6,72,41,115,6.84,53.3,2.48,2023,6382.9,32.91,19.06,25.985,67.89666666666668,18.896666666666665,20,0.5705,0.031625,-0.013104,0.6695,0.4715,0.0041,0.6623,0.8867,1.0,0.3778,sugarcane
Mysuru_Karnataka,Mysuru,Karnataka,12.3,76.6,72,41,115,6.84,53.3,2.48,2023,6382.9,32.91,19.06,25.985,67.89666666666668,18.896666666666665,20,0.5705,0.031625,-0.013104,0.6695,0.4715,0.0041,0.6623,0.8867,1.0,0.3778,sugarcane
Mysuru_Karnataka,Mysuru,Karnataka,12.3,76.6,72,41,115,6.84,53.3,2.48,2023,6382.9,32.91,19.06,25.985,67.89666666666668,18.896666666666665,20,0.5705,0.031625,-0.013104,0.6695,0.4715,0.0041,0.6623,0.8867,1.0,0.3778,sugarcane
Mysuru_Karnataka,Mysuru,Karnataka,12.3,76.6,75,44,116,6.61,62.5,2.13,2023,6382.9,32.91,19.06,25.985,67.89666666666668,18.896666666666665,20,0.5705,0.031625,-0.013104,0.6695,0.4715,0.0041,0.7079,0.9633,1.0,0.4039,sugarcane
Mysuru_Karnataka,Mysuru,Karnataka,12.3,76.6,75,44,116,6.61,62.5,2.13,2023,6382.9,32.91,19.06,25.985,67.89666666666668,18.896666666666665,20,0.5705,0.031625,-0.013104,0.6695,0.4715,0.0041,0.7079,0.9633,1.0,0.4039,sugarcane
Mysuru_Karnataka,Mysuru,Karnataka,12.3,76.6,75,44,116,6.61,62.5,2.13,2023,6382.9,32.91,19.06,25.985,67.89666666666668,18.896666666666665,20,0.5705,0.031625,-0.013104,0.6695,0.4715,0.0041,0.7079,0.9633,1.0,0.4039,sugarcane
Mysuru_Karnataka,Mysuru,Karnataka,12.3,76.6,75,44,116,6.61,62.5,2.13,2023,6382.9,32.91,19.06,25.985,67.89666666666668,18.896666666666665,20,0.5705,0.031625,-0.013104,0.6695,0.4715,0.0041,0.7079,0.9633,1.0,0.4039,sugarcane
Mysuru_Karnataka,Mysuru,Karnataka,12.3,76.6,75,44,116,6.61,62.5,2.13,2023,6382.9,32.91,19.06,25.985,67.89666666666668,18.896666666666665,20,0.5705,0.031625,-0.013104,0.6695,0.4715,0.0041,0.7079,0.9633,1.0,0.4039,sugarcane
Mysuru_Karnataka,Mysuru,Karnataka,12.3,76.6,67,37,111,6.59,53.1,2.41,2023,6382.9,32.91,19.06,25.985,67.89666666666668,18.896666666666665,20,0.5705,0.031625,-0.013104,0.6695,0.4715,0.0041,0.5865,0.97,1.0,0.3346,sugarcane
Mysuru_Karnataka,Mysuru,Karnataka,12.3,76.6,67,37,111,6.59,53.1,2.41,2023,6382.9,32.91,19.06,25.985,67.89666666666668,18.896666666666665,20,0.5705,0.031625,-0.013104,0.6695,0.4715,0.0041,0.5865,0.97,1.0,0.3346,sugarcane
Mysuru_Karnataka,Mysuru,Karnataka,12.3,76.6,67,37,111,6.59,53.1,2.41,2023,6382.9,32.91,19.06,25.985,67.89666666666668,18.896666666666665,20,0.5705,0.031625,-0.013104,0.6695,0.4715,0.0041,0.5865,0.97,1.0,0.3346,sugarcane
Mysuru_Karnataka,Mysuru,Karnataka,12.3,76.6,67,37,111,6.59,53.1,2.41,2023,6382.9,32.91,19.06,25.985,67.89666666666668,18.896666666666665,20,0.5705,0.031625,-0.013104,0.6695,0.4715,0.0041,0.5865,0.97,1.0,0.3346,sugarcane
Mysuru_Karnataka,Mysuru,Karnataka,12.3,76.6,67,37,111,6.59,53.1,2.41,2023,6382.9,32.91,19.06,25.985,67.89666666666668,18.896666666666665,20,0.5705,0.031625,-0.013104,0.6695,0.4715,0.0041,0.5865,0.97,1.0,0.3346,sugarcane
Belagavi_Karnataka,Belagavi,Karnataka,15.8,74.5,79,48,116,6.76,57.5,2.62,2023,7718.3,31.805,17.935,24.87,71.13166666666666,17.878333333333334,20,0.3006583333333333,0.032758333333333334,-0.013095,0.3996,0.2017,0.0032,0.7645,0.9133,1.0,0.2299,sugarcane
Belagavi_Karnataka,Belagavi,Karnataka,15.8,74.5,79,48,116,6.76,57.5,2.62,2023,7718.3,31.805,17.935,24.87,71.13166666666666,17.878333333333334,20,0.3006583333333333,0.032758333333333334,-0.013095,0.3996,0.2017,0.0032,0.7645,0.9133,1.0,0.2299,sugarcane
Belagavi_Karnataka,Belagavi,Karnataka,15.8,74.5,79,48,116,6.76,57.5,2.62,2023,7718.3,31.805,17.935,24.87,71.13166666666666,17.878333333333334,20,0.3006583333333333,0.032758333333333334,-0.013095,0.3996,0.2017,0.0032,0.7645,0.9133,1.0,0.2299,sugarcane
Belagavi_Karnataka,Belagavi,Karnataka,15.8,74.5,79,48,116,6.76,57.5,2.62,2023,7718.3,31.805,17.935,24.87,71.13166666666666,17.878333333333334,20,0.3006583333333333,0.032758333333333334,-0.013095,0.3996,0.2017,0.0032,0.7645,0.9133,1.0,0.2299,sugarcane
Belagavi_Karnataka,Belagavi,Karnataka,15.8,74.5,79,48,116,6.76,57.5,2.62,2023,7718.3,31.805,17.935,24.87,71.13166666666666,17.878333333333334,20,0.3006583333333333,0.032758333333333334,-0.013095,0.3996,0.2017,0.0032,0.7645,0.9133,1.0,0.2299,sugarcane
Belagavi_Karnataka,Belagavi,Karnataka,15.8,74.5,72,43,119,6.6,58.5,2.33,2023,7718.3,31.805,17.935,24.87,71.13166666666666,17.878333333333334,20,0.3006583333333333,0.032758333333333334,-0.013095,0.3996,0.2017,0.0032,0.6905,0.9667,1.0,0.2076,sugarcane
Belagavi_Karnataka,Belagavi,Karnataka,15.8,74.5,72,43,119,6.6,58.5,2.33,2023,7718.3,31.805,17.935,24.87,71.13166666666666,17.878333333333334,20,0.3006583333333333,0.032758333333333334,-0.013095,0.3996,0.2017,0.0032,0.6905,0.9667,1.0,0.2076,sugarcane
Belagavi_Karnataka,Belagavi,Karnataka,15.8,74.5,72,43,119,6.6,58.5,2.33,2023,7718.3,31.805,17.935,24.87,71.13166666666666,17.878333333333334,20,0.3006583333333333,0.032758333333333334,-0.013095,0.3996,0.2017,0.0032,0.6905,0.9667,1.0,0.2076,sugarcane
Belagavi_Karnataka,Belagavi,Karnataka,15.8,74.5,72,43,119,6.6,58.5,2.33,2023,7718.3,31.805,17.935,24.87,71.13166666666666,17.878333333333334,20,0.3006583333333333,0.032758333333333334,-0.013095,0.3996,0.2017,0.0032,0.6905,0.9667,1.0,0.2076,sugarcane
Belagavi_Karnataka,Belagavi,Karnataka,15.8,74.5,72,43,119,6.6,58.5,2.33,2023,7718.3,31.805,17.935,24.87,71.13166666666666,17.878333333333334,20,0.3006583333333333,0.032758333333333334,-0.013095,0.3996,0.2017,0.0032,0.6905,0.9667,1.0,0.2076,sugarcane
Belagavi_Karnataka,Belagavi,Karnataka,15.8,74.5,79,46,121,6.99,63.1,2.62,2023,7718.3,31.805,17.935,24.87,71.13166666666666,17.878333333333334,20,0.3006583333333333,0.032758333333333334,-0.013095,0.3996,0.2017,0.0032,0.7651,0.8367,1.0,0.23,sugarcane
Belagavi_Karnataka,Belagavi,Karnataka,15.8,74.5,79,46,121,6.99,63.1,2.62,2023,7718.3,31.805,17.935,24.87,71.13166666666666,17.878333333333334,20,0.3006583333333333,0.032758333333333334,-0.013095,0.3996,0.2017,0.0032,0.7651,0.8367,1.0,0.23,sugarcane
Belagavi_Karnataka,Belagavi,Karnataka,15.8,74.5,79,46,121,6.99,63.1,2.62,2023,7718.3,31.805,17.935,24.87,71.13166666666666,17.878333333333334,20,0.3006583333333333,0.032758333333333334,-0.013095,0.3996,0.2017,0.0032,0.7651,0.8367,1.0,0.23,sugarcane
Belagavi_Karnataka,Belagavi,Karnataka,15.8,74.5,79,46,121,6.99,63.1,2.62,2023,7718.3,31.805,17.935,24.87,71.13166666666666,17.878333333333334,20,0.3006583333333333,0.032758333333333334,-0.013095,0.3996,0.2017,0.0032,0.7651,0.8367,1.0,0.23,sugarcane
Belagavi_Karnataka,Belagavi,Karnataka,15.8,74.5,79,46,121,6.99,63.1,2.62,2023,7718.3,31.805,17.935,24.87,71.13166666666666,17.878333333333334,20,0.3006583333333333,0.032758333333333334,-0.013095,0.3996,0.2017,0.0032,0.7651,0.8367,1.0,0.23,sugarcane
Belagavi_Karnataka,Belagavi,Karnataka,15.8,74.5,83,43,117,6.83,61.0,2.41,2023,7718.3,31.805,17.935,24.87,71.13166666666666,17.878333333333334,20,0.3006583333333333,0.032758333333333334,-0.013095,0.3996,0.2017,0.0032,0.7551,0.89,1.0,0.227,sugarcane
Belagavi_Karnataka,Belagavi,Karnataka,15.8,74.5,83,43,117,6.83,61.0,2.41,2023,7718.3,31.805,17.935,24.87,71.13166666666666,17.878333333333334,20,0.3006583333333333,0.032758333333333334,-0.013095,0.3996,0.2017,0.0032,0.7551,0.89,1.0,0.227,sugarcane
Belagavi_Karnataka,Belagavi,Karnataka,15.8,74.5,83,43,117,6.83,61.0,2.41,2023,7718.3,31.805,17.935,24.87,71.13166666666666,17.878333333333334,20,0.3006583333333333,0.032758333333333334,-0.013095,0.3996,0.2017,0.0032,0.7551,0.89,1.0,0.227,sugarcane
Belagavi_Karnataka,Belagavi,Karnataka,15.8,74.5,83,43,117,6.83,61.0,2.41,2023,7718.3,31.805,17.935,24.87,71.13166666666666,17.878333333333334,20,0.3006583333333333,0.032758333333333334,-0.013095,0.3996,0.2017,0.0032,0.7551,0.89,1.0,0.227,sugarcane
Belagavi_Karnataka,Belagavi,Karnataka,15.8,74.5,83,43,117,6.83,61.0,2.41,2023,7718.3,31.805,17.935,24.87,71.13166666666666,17.878333333333334,20,0.3006583333333333,0.032758333333333334,-0.013095,0.3996,0.2017,0.0032,0.7551,0.89,1.0,0.227,sugarcane
Belagavi_Karnataka,Belagavi,Karnataka,15.8,74.5,81,44,105,6.74,67.0,2.61,2023,7718.3,31.805,17.935,24.87,71.13166666666666,17.878333333333334,20,0.3006583333333333,0.032758333333333334,-0.013095,0.3996,0.2017,0.0032,0.7115,0.92,1.0,0.2139,sugarcane
Belagavi_Karnataka,Belagavi,Karnataka,15.8,74.5,81,44,105,6.74,67.0,2.61,2023,7718.3,31.805,17.935,24.87,71.13166666666666,17.878333333333334,20,0.3006583333333333,0.032758333333333334,-0.013095,0.3996,0.2017,0.0032,0.7115,0.92,1.0,0.2139,sugarcane
Belagavi_Karnataka,Belagavi,Karnataka,15.8,74.5,81,44,105,6.74,67.0,2.61,2023,7718.3,31.805,17.935,24.87,71.13166666666666,17.878333333333334,20,0.3006583333333333,0.032758333333333334,-0.013095,0.3996,0.2017,0.0032,0.7115,0.92,1.0,0.2139,sugarcane
Belagavi_Karnataka,Belagavi,Karnataka,15.8,74.5,81,44,105,6.74,67.0,2.61,2023,7718.3,31.805,17.935,24.87,71.13166666666666,17.878333333333334,20,0.3006583333333333,0.032758333333333334,-0.013095,0.3996,0.2017,0.0032,0.7115,0.92,1.0,0.2139,sugarcane
Belagavi_Karnataka,Belagavi,Karnataka,15.8,74.5,81,44,105,6.74,67.0,2.61,2023,7718.3,31.805,17.935,24.87,71.13166666666666,17.878333333333334,20,0.3006583333333333,0.032758333333333334,-0.013095,0.3996,0.2017,0.0032,0.7115,0.92,1.0,0.2139,sugarcane
Dharwad_Karnataka,Dharwad,Karnataka,15.4,75.0,64,39,97,7.11,47.3,1.87,2023,6099.4,33.075,18.995,26.035,63.641666666666666,20.053333333333335,20,0.6377583333333333,0.029516666666666667,-0.013095,0.7367,0.5388,0.0043,0.5379,0.7967,1.0,0.3431,cotton
Dharwad_Karnataka,Dharwad,Karnataka,15.4,75.0,64,39,97,7.11,47.3,1.87,2023,6099.4,33.075,18.995,26.035,63.641666666666666,20.053333333333335,20,0.6377583333333333,0.029516666666666667,-0.013095,0.7367,0.5388,0.0043,0.5379,0.7967,1.0,0.3431,cotton
Dharwad_Karnataka,Dharwad,Karnataka,15.4,75.0,64,39,97,7.11,47.3,1.87,2023,6099.4,33.075,18.995,26.035,63.641666666666666,20.053333333333335,20,0.6377583333333333,0.029516666666666667,-0.013095,0.7367,0.5388,0.0043,0.5379,0.7967,1.0,0.3431,cotton
Dharwad_Karnataka,Dharwad,Karnataka,15.4,75.0,64,39,97,7.11,47.3,1.87,2023,6099.4,33.075,18.995,26.035,63.641666666666666,20.053333333333335,20,0.6377583333333333,0.029516666666666667,-0.013095,0.7367,0.5388,0.0043,0.5379,0.7967,1.0,0.3431,cotton
Dharwad_Karnataka,Dharwad,Karnataka,15.4,75.0,64,39,97,7.11,47.3,1.87,2023,6099.4,33.075,18.995,26.035,63.641666666666666,20.053333333333335,20,0.6377583333333333,0.029516666666666667,-0.013095,0.7367,0.5388,0.0043,0.5379,0.7967,1.0,0.3431,cotton
Dharwad_Karnataka,Dharwad,Karnataka,15.4,75.0,64,41,109,7.09,50.4,2.17,2023,6099.4,33.075,18.995,26.035,63.641666666666666,20.053333333333335,20,0.6377583333333333,0.029516666666666667,-0.013095,0.7367,0.5388,0.0043,0.5916,0.8033,1.0,0.3773,cotton
Dharwad_Karnataka,Dharwad,Karnataka,15.4,75.0,64,41,109,7.09,50.4,2.17,2023,6099.4,33.075,18.995,26.035,63.641666666666666,20.053333333333335,20,0.6377583333333333,0.029516666666666667,-0.013095,0.7367,0.5388,0.0043,0.5916,0.8033,1.0,0.3773,cotton
Dharwad_Karnataka,Dharwad,Karnataka,15.4,75.0,64,41,109,7.09,50.4,2.17,2023,6099.4,33.075,18.995,26.035,63.641666666666666,20.053333333333335,20,0.6377583333333333,0.029516666666666667,-0.013095,0.7367,0.5388,0.0043,0.5916,0.8033,1.0,0.3773,cotton
Dharwad_Karnataka,Dharwad,Karnataka,15.4,75.0,64,41,109,7.09,50.4,2.17,2023,6099.4,33.075,18.995,26.035,63.641666666666666,20.053333333333335,20,0.6377583333333333,0.029516666666666667,-0.013095,0.7367,0.5388,0.0043,0.5916,0.8033,1.0,0.3773,cotton
Dharwad_Karnataka,Dharwad,Karnataka,15.4,75.0,64,41,109,7.09,50.4,2.17,2023,6099.4,33.075,18.995,26.035,63.641666666666666,20.053333333333335,20,0.6377583333333333,0.029516666666666667,-0.013095,0.7367,0.5388,0.0043,0.5916,0.8033,1.0,0.3773,cotton
Dharwad_Karnataka,Dharwad,Karnataka,15.4,75.0,74,42,102,7.07,50.5,2.02,2023,6099.4,33.075,18.995,26.035,63.641666666666666,20.053333333333335,20,0.6377583333333333,0.029516666666666667,-0.013095,0.7367,0.5388,0.0043,0.6414,0.81,1.0,0.4091,cotton
Dharwad_Karnataka,Dharwad,Karnataka,15.4,75.0,74,42,102,7.07,50.5,2.02,2023,6099.4,33.075,18.995,26.035,63.641666666666666,20.053333333333335,20,0.6377583333333333,0.029516666666666667,-0.013095,0.7367,0.5388,0.0043,0.6414,0.81,1.0,0.4091,cotton
Dharwad_Karnataka,Dharwad,Karnataka,15.4,75.0,74,42,102,7.07,50.5,2.02,2023,6099.4,33.075,18.995,26.035,63.641666666666666,20.053333333333335,20,0.6377583333333333,0.029516666666666667,-0.013095,0.7367,0.5388,0.0043,0.6414,0.81,1.0,0.4091,cotton
Dharwad_Karnataka,Dharwad,Karnataka,15.4,75.0,74,42,102,7.07,50.5,2.02,2023,6099.4,33.075,18.995,26.035,63.641666666666666,20.053333333333335,20,0.6377583333333333,0.029516666666666667,-0.013095,0.7367,0.5388,0.0043,0.6414,0.81,1.0,0.4091,cotton
Dharwad_Karnataka,Dharwad,Karnataka,15.4,75.0,74,42,102,7.07,50.5,2.02,2023,6099.4,33.075,18.995,26.035,63.641666666666666,20.053333333333335,20,0.6377583333333333,0.029516666666666667,-0.013095,0.7367,0.5388,0.0043,0.6414,0.81,1.0,0.4091,cotton
Dharwad_Karnataka,Dharwad,Karnataka,15.4,75.0,71,37,105,7.1,48.1,2.1,2023,6099.4,33.075,18.995,26.035,63.641666666666666,20.053333333333335,20,0.6377583333333333,0.029516666666666667,-0.013095,0.7367,0.5388,0.0043,0.5932,0.8,1.0,0.3783,cotton
Dharwad_Karnataka,Dharwad,Karnataka,15.4,75.0,71,37,105,7.1,48.1,2.1,2023,6099.4,33.075,18.995,26.035,63.641666666666666,20.053333333333335,20,0.6377583333333333,0.029516666666666667,-0.013095,0.7367,0.5388,0.0043,0.5932,0.8,1.0,0.3783,cotton
Dharwad_Karnataka,Dharwad,Karnataka,15.4,75.0,71,37,105,7.1,48.1,2.1,2023,6099.4,33.075,18.995,26.035,63.641666666666666,20.053333333333335,20,0.6377583333333333,0.029516666666666667,-0.013095,0.7367,0.5388,0.0043,0.5932,0.8,1.0,0.3783,cotton
Dharwad_Karnataka,Dharwad,Karnataka,15.4,75.0,71,37,105,7.1,48.1,2.1,2023,6099.4,33.075,18.995,26.035,63.641666666666666,20.053333333333335,20,0.6377583333333333,0.029516666666666667,-0.013095,0.7367,0.5388,0.0043,0.5932,0.8,1.0,0.3783,cotton
Dharwad_Karnataka,Dharwad,Karnataka,15.4,75.0,71,37,105,7.1,48.1,2.1,2023,6099.4,33.075,18.995,26.035,63.641666666666666,20.053333333333335,20,0.6377583333333333,0.029516666666666667,-0.013095,0.7367,0.5388,0.0043,0.5932,0.8,1.0,0.3783,cotton
Dharwad_Karnataka,Dharwad,Karnataka,15.4,75.0,63,36,105,6.91,50.0,1.99,2023,6099.4,33.075,18.995,26.035,63.641666666666666,20.053333333333335,20,0.6377583333333333,0.029516666666666667,-0.013095,0.7367,0.5388,0.0043,0.5339,0.8633,1.0,0.3405,cotton
Dharwad_Karnataka,Dharwad,Karnataka,15.4,75.0,63,36,105,6.91,50.0,1.99,2023,6099.4,33.075,18.995,26.035,63.641666666666666,20.053333333333335,20,0.6377583333333333,0.029516666666666667,-0.013095,0.7367,0.5388,0.0043,0.5339,0.8633,1.0,0.3405,cotton
Dharwad_Karnataka,Dharwad,Karnataka,15.4,75.0,63,36,105,6.91,50.0,1.99,2023,6099.4,33.075,18.995,26.035,63.641666666666666,20.053333333333335,20,0.6377583333333333,0.029516666666666667,-0.013095,0.7367,0.5388,0.0043,0.5339,0.8633,1.0,0.3405,cotton
Dharwad_Karnataka,Dharwad,Karnataka,15.4,75.0,63,36,105,6.91,50.0,1.99,2023,6099.4,33.075,18.995,26.035,63.641666666666666,20.053333333333335,20,0.6377583333333333,0.029516666666666667,-0.013095,0.7367,0.5388,0.0043,0.5339,0.8633,1.0,0.3405,cotton
Dharwad_Karnataka,Dharwad,Karnataka,15.4,75.0,63,36,105,6.91,50.0,1.99,2023,6099.4,33.075,18.995,26.035,63.641666666666666,20.053333333333335,20,0.6377583333333333,0.029516666666666667,-0.013095,0.7367,0.5388,0.0043,0.5339,0.8633,1.0,0.3405,cotton
Tumkur_Karnataka,Tumkur,Karnataka,13.3,77.1,71,32,89,7.17,48.6,1.76,2023,5834.5,33.891666666666666,19.976666666666667,26.934166666666666,62.733333333333334,20.029999999999998,20,0.31485833333333335,0.028691666666666667,-0.013095,0.4138,0.2159,0.0046,0.5037,0.7767,1.0,0.1586,groundnut
Tumkur_Karnataka,Tumkur,Karnataka,13.3,77.1,71,32,89,7.17,48.6,1.76,2023,5834.5,33.891666666666666,19.976666666666667,26.934166666666666,62.733333333333334,20.029999999999998,20,0.31485833333333335,0.028691666666666667,-0.013095,0.4138,0.2159,0.0046,0.5037,0.7767,1.0,0.1586,groundnut
Tumkur_Karnataka,Tumkur,Karnataka,13.3,77.1,71,32,89,7.17,48.6,1.76,2023,5834.5,33.891666666666666,19.976666666666667,26.934166666666666,62.733333333333334,20.029999999999998,20,0.31485833333333335,0.028691666666666667,-0.013095,0.4138,0.2159,0.0046,0.5037,0.7767,1.0,0.1586,groundnut
Tumkur_Karnataka,Tumkur,Karnataka,13.3,77.1,71,32,89,7.17,48.6,1.76,2023,5834.5,33.891666666666666,19.976666666666667,26.934166666666666,62.733333333333334,20.029999999999998,20,0.31485833333333335,0.028691666666666667,-0.013095,0.4138,0.2159,0.0046,0.5037,0.7767,1.0,0.1586,groundnut
Tumkur_Karnataka,Tumkur,Karnataka,13.3,77.1,71,32,89,7.17,48.6,1.76,2023,5834.5,33.891666666666666,19.976666666666667,26.934166666666666,62.733333333333334,20.029999999999998,20,0.31485833333333335,0.028691666666666667,-0.013095,0.4138,0.2159,0.0046,0.5037,0.7767,1.0,0.1586,groundnut
Tumkur_Karnataka,Tumkur,Karnataka,13.3,77.1,66,34,85,6.91,51.2,1.7,2023,5834.5,33.891666666666666,19.976666666666667,26.934166666666666,62.733333333333334,20.029999999999998,20,0.31485833333333335,0.028691666666666667,-0.013095,0.4138,0.2159,0.0046,0.474,0.8633,1.0,0.1492,groundnut
Tumkur_Karnataka,Tumkur,Karnataka,13.3,77.1,66,34,85,6.91,51.2,1.7,2023,5834.5,33.891666666666666,19.976666666666667,26.934166666666666,62.733333333333334,20.029999999999998,20,0.31485833333333335,0.028691666666666667,-0.013095,0.4138,0.2159,0.0046,0.474,0.8633,1.0,0.1492,groundnut
Tumkur_Karnataka,Tumkur,Karnataka,13.3,77.1,66,34,85,6.91,51.2,1.7,2023,5834.5,33.891666666666666,19.976666666666667,26.934166666666666,62.733333333333334,20.029999999999998,20,0.31485833333333335,0.028691666666666667,-0.013095,0.4138,0.2159,0.0046,0.474,0.8633,1.0,0.1492,groundnut
Tumkur_Karnataka,Tumkur,Karnataka,13.3,77.1,66,34,85,6.91,51.2,1.7,2023,5834.5,33.891666666666666,19.976666666666667,26.934166666666666,62.733333333333334,20.029999999999998,20,0.31485833333333335,0.028691666666666667,-0.013095,0.4138,0.2159,0.0046,0.474,0.8633,1.0,0.1492,groundnut
Tumkur_Karnataka,Tumkur,Karnataka,13.3,77.1,66,34,85,6.91,51.2,1.7,2023,5834.5,33.891666666666666,19.976666666666667,26.934166666666666,62.733333333333334,20.029999999999998,20,0.31485833333333335,0.028691666666666667,-0.013095,0.4138,0.2159,0.0046,0.474,0.8633,1.0,0.1492,groundnut
Tumkur_Karnataka,Tumkur,Karnataka,13.3,77.1,65,32,88,7.12,46.7,1.75,2023,5834.5,33.891666666666666,19.976666666666667,26.934166666666666,62.733333333333334,20.029999999999998,20,0.31485833333333335,0.028691666666666667,-0.013095,0.4138,0.2159,0.0046,0.4618,0.7933,1.0,0.1454,groundnut
Tumkur_Karnataka,Tumkur,Karnataka,13.3,77.1,65,32,88,7.12,46.7,1.75,2023,5834.5,33.891666666666666,19.976666666666667,26.934166666666666,62.733333333333334,20.029999999999998,20,0.31485833333333335,0.028691666666666667,-0.013095,0.4138,0.2159,0.0046,0.4618,0.7933,1.0,0.1454,groundnut
Tumkur_Karnataka,Tumkur,Karnataka,13.3,77.1,65,32,88,7.12,46.7,1.75,2023,5834.5,33.891666666666666,19.976666666666667,26.934166666666666,62.733333333333334,20.029999999999998,20,0.31485833333333335,0.028691666666666667,-0.013095,0.4138,0.2159,0.0046,0.4618,0.7933,1.0,0.1454,groundnut
Tumkur_Karnataka,Tumkur,Karnataka,13.3,77.1,65,32,88,7.12,46.7,1.75,2023,5834.5,33.891666666666666,19.976666666666667,26.934166666666666,62.733333333333334,20.029999999999998,20,0.31485833333333335,0.028691666666666667,-0.013095,0.4138,0.2159,0.0046,0.4618,0.7933,1.0,0.1454,groundnut
Tumkur_Karnataka,Tumkur,Karnataka,13.3,77.1,65,32,88,7.12,46.7,1.75,2023,5834.5,33.891666666666666,19.976666666666667,26.934166666666666,62.733333333333334,20.029999999999998,20,0.31485833333333335,0.028691666666666667,-0.013095,0.4138,0.2159,0.0046,0.4618,0.7933,1.0,0.1454,groundnut
Tumkur_Karnataka,Tumkur,Karnataka,13.3,77.1,71,33,91,7.09,44.4,1.82,2023,5834.5,33.891666666666666,19.976666666666667,26.934166666666666,62.733333333333334,20.029999999999998,20,0.31485833333333335,0.028691666666666667,-0.013095,0.4138,0.2159,0.0046,0.5177,0.8033,1.0,0.163,groundnut
Tumkur_Karnataka,Tumkur,Karnataka,13.3,77.1,71,33,91,7.09,44.4,1.82,2023,5834.5,33.891666666666666,19.976666666666667,26.934166666666666,62.733333333333334,20.029999999999998,20,0.31485833333333335,0.028691666666666667,-0.013095,0.4138,0.2159,0.0046,0.5177,0.8033,1.0,0.163,groundnut
Tumkur_Karnataka,Tumkur,Karnataka,13.3,77.1,71,33,91,7.09,44.4,1.82,2023,5834.5,33.891666666666666,19.976666666666667,26.934166666666666,62.733333333333334,20.029999999999998,20,0.31485833333333335,0.028691666666666667,-0.013095,0.4138,0.2159,0.0046,0.5177,0.8033,1.0,0.163,groundnut
Tumkur_Karnataka,Tumkur,Karnataka,13.3,77.1,71,33,91,7.09,44.4,1.82,2023,5834.5,33.891666666666666,19.976666666666667,26.934166666666666,62.733333333333334,20.029999999999998,20,0.31485833333333335,0.028691666666666667,-0.013095,0.4138,0.2159,0.0046,0.5177,0.8033,1.0,0.163,groundnut
Tumkur_Karnataka,Tumkur,Karnataka,13.3,77.1,71,33,91,7.09,44.4,1.82,2023,5834.5,33.891666666666666,19.976666666666667,26.934166666666666,62.733333333333334,20.029999999999998,20,0.31485833333333335,0.028691666666666667,-0.013095,0.4138,0.2159,0.0046,0.5177,0.8033,1.0,0.163,groundnut
Tumkur_Karnataka,Tumkur,Karnataka,13.3,77.1,64,33,85,6.88,44.7,1.77,2023,5834.5,33.891666666666666,19.976666666666667,26.934166666666666,62.733333333333334,20.029999999999998,20,0.31485833333333335,0.028691666666666667,-0.013095,0.4138,0.2159,0.0046,0.4534,0.8733,1.0,0.1428,groundnut
Tumkur_Karnataka,Tumkur,Karnataka,13.3,77.1,64,33,85,6.88,44.7,1.77,2023,5834.5,33.891666666666666,19.976666666666667,26.934166666666666,62.733333333333334,20.029999999999998,20,0.31485833333333335,0.028691666666666667,-0.013095,0.4138,0.2159,0.0046,0.4534,0.8733,1.0,0.1428,groundnut
Tumkur_Karnataka,Tumkur,Karnataka,13.3,77.1,64,33,85,6.88,44.7,1.77,2023,5834.5,33.891666666666666,19.976666666666667,26.934166666666666,62.733333333333334,20.029999999999998,20,0.31485833333333335,0.028691666666666667,-0.013095,0.4138,0.2159,0.0046,0.4534,0.8733,1.0,0.1428,groundnut
Tumkur_Karnataka,Tumkur,Karnataka,13.3,77.1,64,33,85,6.88,44.7,1.77,2023,5834.5,33.891666666666666,19.976666666666667,26.934166666666666,62.733333333333334,20.029999999999998,20,0.31485833333333335,0.028691666666666667,-0.013095,0.4138,0.2159,0.0046,0.4534,0.8733,1.0,0.1428,groundnut
Tumkur_Karnataka,Tumkur,Karnataka,13.3,77.1,64,33,85,6.88,44.7,1.77,2023,5834.5,33.891666666666666,19.976666666666667,26.934166666666666,62.733333333333334,20.029999999999998,20,0.31485833333333335,0.028691666666666667,-0.013095,0.4138,0.2159,0.0046,0.4534,0.8733,1.0,0.1428,groundnut
Hassan_Karnataka,Hassan,Karnataka,13.0,76.1,71,38,100,6.47,62.7,2.25,2023,7247.3,32.343333333333334,17.955,25.149166666666666,69.565,18.06,20,0.3980416666666667,0.034124999999999996,-0.013095,0.497,0.2991,0.0035,0.5849,0.99,1.0,0.2328,rice
Hassan_Karnataka,Hassan,Karnataka,13.0,76.1,71,38,100,6.47,62.7,2.25,2023,7247.3,32.343333333333334,17.955,25.149166666666666,69.565,18.06,20,0.3980416666666667,0.034124999999999996,-0.013095,0.497,0.2991,0.0035,0.5849,0.99,1.0,0.2328,rice
Hassan_Karnataka,Hassan,Karnataka,13.0,76.1,71,38,100,6.47,62.7,2.25,2023,7247.3,32.343333333333334,17.955,25.149166666666666,69.565,18.06,20,0.3980416666666667,0.034124999999999996,-0.013095,0.497,0.2991,0.0035,0.5849,0.99,1.0,0.2328,rice
Hassan_Karnataka,Hassan,Karnataka,13.0,76.1,71,38,100,6.47,62.7,2.25,2023,7247.3,32.343333333333334,17.955,25.149166666666666,69.565,18.06,20,0.3980416666666667,0.034124999999999996,-0.013095,0.497,0.2991,0.0035,0.5849,0.99,1.0,0.2328,rice
Hassan_Karnataka,Hassan,Karnataka,13.0,76.1,71,38,100,6.47,62.7,2.25,2023,7247.3,32.343333333333334,17.955,25.149166666666666,69.565,18.06,20,0.3980416666666667,0.034124999999999996,-0.013095,0.497,0.2991,0.0035,0.5849,0.99,1.0,0.2328,rice
Hassan_Karnataka,Hassan,Karnataka,13.0,76.1,72,43,99,6.48,61.3,2.59,2023,7247.3,32.343333333333334,17.955,25.149166666666666,69.565,18.06,20,0.3980416666666667,0.034124999999999996,-0.013095,0.497,0.2991,0.0035,0.6266,0.9933,1.0,0.2494,rice
Hassan_Karnataka,Hassan,Karnataka,13.0,76.1,72,43,99,6.48,61.3,2.59,2023,7247.3,32.343333333333334,17.955,25.149166666666666,69.565,18.06,20,0.3980416666666667,0.034124999999999996,-0.013095,0.497,0.2991,0.0035,0.6266,0.9933,1.0,0.2494,rice
Hassan_Karnataka,Hassan,Karnataka,13.0,76.1,72,43,99,6.48,61.3,2.59,2023,7247.3,32.343333333333334,17.955,25.149166666666666,69.565,18.06,20,0.3980416666666667,0.034124999999999996,-0.013095,0.497,0.2991,0.0035,0.6266,0.9933,1.0,0.2494,rice
Hassan_Karnataka,Hassan,Karnataka,13.0,76.1,72,43,99,6.48,61.3,2.59,2023,7247.3,32.343333333333334,17.955,25.149166666666666,69.565,18.06,20,0.3980416666666667,0.034124999999999996,-0.013095,0.497,0.2991,0.0035,0.6266,0.9933,1.0,0.2494,rice
Hassan_Karnataka,Hassan,Karnataka,13.0,76.1,72,43,99,6.48,61.3,2.59,2023,7247.3,32.343333333333334,17.955,25.149166666666666,69.565,18.06,20,0.3980416666666667,0.034124999999999996,-0.013095,0.497,0.2991,0.0035,0.6266,0.9933,1.0,0.2494,rice
Hassan_Karnataka,Hassan,Karnataka,13.0,76.1,70,40,114,6.7,56.1,2.39,2023,7247.3,32.343333333333334,17.955,25.149166666666666,69.565,18.06,20,0.3980416666666667,0.034124999999999996,-0.013095,0.497,0.2991,0.0035,0.6385,0.9333,1.0,0.2541,rice
Hassan_Karnataka,Hassan,Karnataka,13.0,76.1,70,40,114,6.7,56.1,2.39,2023,7247.3,32.343333333333334,17.955,25.149166666666666,69.565,18.06,20,0.3980416666666667,0.034124999999999996,-0.013095,0.497,0.2991,0.0035,0.6385,0.9333,1.0,0.2541,rice
Hassan_Karnataka,Hassan,Karnataka,13.0,76.1,70,40,114,6.7,56.1,2.39,2023,7247.3,32.343333333333334,17.955,25.149166666666666,69.565,18.06,20,0.3980416666666667,0.034124999999999996,-0.013095,0.497,0.2991,0.0035,0.6385,0.9333,1.0,0.2541,rice
Hassan_Karnataka,Hassan,Karnataka,13.0,76.1,70,40,114,6.7,56.1,2.39,2023,7247.3,32.343333333333334,17.955,25.149166666666666,69.565,18.06,20,0.3980416666666667,0.034124999999999996,-0.013095,0.497,0.2991,0.0035,0.6385,0.9333,1.0,0.2541,rice
Hassan_Karnataka,Hassan,Karnataka,13.0,76.1,70,40,114,6.7,56.1,2.39,2023,7247.3,32.343333333333334,17.955,25.149166666666666,69.565,18.06,20,0.3980416666666667,0.034124999999999996,-0.013095,0.497,0.2991,0.0035,0.6385,0.9333,1.0,0.2541,rice
Hassan_Karnataka,Hassan,Karnataka,13.0,76.1,68,38,110,6.6,61.4,2.32,2023,7247.3,32.343333333333334,17.955,25.149166666666666,69.565,18.06,20,0.3980416666666667,0.034124999999999996,-0.013095,0.497,0.2991,0.0035,0.5975,0.9667,1.0,0.2378,rice
Hassan_Karnataka,Hassan,Karnataka,13.0,76.1,68,38,110,6.6,61.4,2.32,2023,7247.3,32.343333333333334,17.955,25.149166666666666,69.565,18.06,20,0.3980416666666667,0.034124999999999996,-0.013095,0.497,0.2991,0.0035,0.5975,0.9667,1.0,0.2378,rice
Hassan_Karnataka,Hassan,Karnataka,13.0,76.1,68,38,110,6.6,61.4,2.32,2023,7247.3,32.343333333333334,17.955,25.149166666666666,69.565,18.06,20,0.3980416666666667,0.034124999999999996,-0.013095,0.497,0.2991,0.0035,0.5975,0.9667,1.0,0.2378,rice
Hassan_Karnataka,Hassan,Karnataka,13.0,76.1,68,38,110,6.6,61.4,2.32,2023,7247.3,32.343333333333334,17.955,25.149166666666666,69.565,18.06,20,0.3980416666666667,0.034124999999999996,-0.013095,0.497,0.2991,0.0035,0.5975,0.9667,1.0,0.2378,rice
Hassan_Karnataka,Hassan,Karnataka,13.0,76.1,68,38,110,6.6,61.4,2.32,2023,7247.3,32.343333333333334,17.955,25.149166666666666,69.565,18.06,20,0.3980416666666667,0.034124999999999996,-0.013095,0.497,0.2991,0.0035,0.5975,0.9667,1.0,0.2378,rice
Hassan_Karnataka,Hassan,Karnataka,13.0,76.1,75,44,95,6.58,63.4,2.4,2023,7247.3,32.343333333333334,17.955,25.149166666666666,69.565,18.06,20,0.3980416666666667,0.034124999999999996,-0.013095,0.497,0.2991,0.0035,0.6409,0.9733,1.0,0.2551,rice
Hassan_Karnataka,Hassan,Karnataka,13.0,76.1,75,44,95,6.58,63.4,2.4,2023,7247.3,32.343333333333334,17.955,25.149166666666666,69.565,18.06,20,0.3980416666666667,0.034124999999999996,-0.013095,0.497,0.2991,0.0035,0.6409,0.9733,1.0,0.2551,rice
Hassan_Karnataka,Hassan,Karnataka,13.0,76.1,75,44,95,6.58,63.4,2.4,2023,7247.3,32.343333333333334,17.955,25.149166666666666,69.565,18.06,20,0.3980416666666667,0.034124999999999996,-0.013095,0.497,0.2991,0.0035,0.6409,0.9733,1.0,0.2551,rice
Hassan_Karnataka,Hassan,Karnataka,13.0,76.1,75,44,95,6.58,63.4,2.4,2023,7247.3,32.343333333333334,17.955,25.149166666666666,69.565,18.06,20,0.3980416666666667,0.034124999999999996,-0.013095,0.497,0.2991,0.0035,0.6409,0.9733,1.0,0.2551,rice
Hassan_Karnataka,Hassan,Karnataka,13.0,76.1,75,44,95,6.58,63.4,2.4,2023,7247.3,32.343333333333334,17.955,25.149166666666666,69.565,18.06,20,0.3980416666666667,0.034124999999999996,-0.013095,0.497,0.2991,0.0035,0.6409,0.9733,1.0,0.2551,rice
Wayanad_Kerala,Wayanad,Kerala,11.6,76.1,84,52,121,5.65,78.8,3.57,2023,20115.0,30.016666666666666,18.131666666666668,24.074166666666667,88.90166666666667,14.761666666666667,20,0.33903333333333335,0.027999999999999997,-0.013097,0.438,0.24,0.0012,0.8435,0.7167,1.0,0.286,banana
Wayanad_Kerala,Wayanad,Kerala,11.6,76.1,84,52,121,5.65,78.8,3.57,2023,20115.0,30.016666666666666,18.131666666666668,24.074166666666667,88.90166666666667,14.761666666666667,20,0.33903333333333335,0.027999999999999997,-0.013097,0.438,0.24,0.0012,0.8435,0.7167,1.0,0.286,banana
Wayanad_Kerala,Wayanad,Kerala,11.6,76.1,84,52,121,5.65,78.8,3.57,2023,20115.0,30.016666666666666,18.131666666666668,24.074166666666667,88.90166666666667,14.761666666666667,20,0.33903333333333335,0.027999999999999997,-0.013097,0.438,0.24,0.0012,0.8435,0.7167,1.0,0.286,banana
Wayanad_Kerala,Wayanad,Kerala,11.6,76.1,84,52,121,5.65,78.8,3.57,2023,20115.0,30.016666666666666,18.131666666666668,24.074166666666667,88.90166666666667,14.761666666666667,20,0.33903333333333335,0.027999999999999997,-0.013097,0.438,0.24,0.0012,0.8435,0.7167,1.0,0.286,banana
Wayanad_Kerala,Wayanad,Kerala,11.6,76.1,84,52,121,5.65,78.8,3.57,2023,20115.0,30.016666666666666,18.131666666666668,24.074166666666667,88.90166666666667,14.761666666666667,20,0.33903333333333335,0.027999999999999997,-0.013097,0.438,0.24,0.0012,0.8435,0.7167,1.0,0.286,banana
Wayanad_Kerala,Wayanad,Kerala,11.6,76.1,80,51,130,5.92,76.3,3.51,2023,20115.0,30.016666666666666,18.131666666666668,24.074166666666667,88.90166666666667,14.761666666666667,20,0.33903333333333335,0.027999999999999997,-0.013097,0.438,0.24,0.0012,0.8387,0.8067,1.0,0.2843,banana
Wayanad_Kerala,Wayanad,Kerala,11.6,76.1,80,51,130,5.92,76.3,3.51,2023,20115.0,30.016666666666666,18.131666666666668,24.074166666666667,88.90166666666667,14.761666666666667,20,0.33903333333333335,0.027999999999999997,-0.013097,0.438,0.24,0.0012,0.8387,0.8067,1.0,0.2843,banana
Wayanad_Kerala,Wayanad,Kerala,11.6,76.1,80,51,130,5.92,76.3,3.51,2023,20115.0,30.016666666666666,18.131666666666668,24.074166666666667,88.90166666666667,14.761666666666667,20,0.33903333333333335,0.027999999999999997,-0.013097,0.438,0.24,0.0012,0.8387,0.8067,1.0,0.2843,banana
Wayanad_Kerala,Wayanad,Kerala,11.6,76.1,80,51,130,5.92,76.3,3.51,2023,20115.0,30.016666666666666,18.131666666666668,24.074166666666667,88.90166666666667,14.761666666666667,20,0.33903333333333335,0.027999999999999997,-0.013097,0.438,0.24,0.0012,0.8387,0.8067,1.0,0.2843,banana
Wayanad_Kerala,Wayanad,Kerala,11.6,76.1,80,51,130,5.92,76.3,3.51,2023,20115.0,30.016666666666666,18.131666666666668,24.074166666666667,88.90166666666667,14.761666666666667,20,0.33903333333333335,0.027999999999999997,-0.013097,0.438,0.24,0.0012,0.8387,0.8067,1.0,0.2843,banana
Wayanad_Kerala,Wayanad,Kerala,11.6,76.1,80,48,120,5.97,78.3,3.35,2023,20115.0,30.016666666666666,18.131666666666668,24.074166666666667,88.90166666666667,14.761666666666667,20,0.33903333333333335,0.027999999999999997,-0.013097,0.438,0.24,0.0012,0.7837,0.8233,1.0,0.2657,banana
Wayanad_Kerala,Wayanad,Kerala,11.6,76.1,80,48,120,5.97,78.3,3.35,2023,20115.0,30.016666666666666,18.131666666666668,24.074166666666667,88.90166666666667,14.761666666666667,20,0.33903333333333335,0.027999999999999997,-0.013097,0.438,0.24,0.0012,0.7837,0.8233,1.0,0.2657,banana
Wayanad_Kerala,Wayanad,Kerala,11.6,76.1,80,48,120,5.97,78.3,3.35,2023,20115.0,30.016666666666666,18.131666666666668,24.074166666666667,88.90166666666667,14.761666666666667,20,0.33903333333333335,0.027999999999999997,-0.013097,0.438,0.24,0.0012,0.7837,0.8233,1.0,0.2657,banana
Wayanad_Kerala,Wayanad,Kerala,11.6,76.1,80,48,120,5.97,78.3,3.35,2023,20115.0,30.016666666666666,18.131666666666668,24.074166666666667,88.90166666666667,14.761666666666667,20,0.33903333333333335,0.027999999999999997,-0.013097,0.438,0.24,0.0012,0.7837,0.8233,1.0,0.2657,banana
Wayanad_Kerala,Wayanad,Kerala,11.6,76.1,80,48,120,5.97,78.3,3.35,2023,20115.0,30.016666666666666,18.131666666666668,24.074166666666667,88.90166666666667,14.761666666666667,20,0.33903333333333335,0.027999999999999997,-0.013097,0.438,0.24,0.0012,0.7837,0.8233,1.0,0.2657,banana
Wayanad_Kerala,Wayanad,Kerala,11.6,76.1,85,45,125,5.68,81.0,3.34,2023,20115.0,30.016666666666666,18.131666666666668,24.074166666666667,88.90166666666667,14.761666666666667,20,0.33903333333333335,0.027999999999999997,-0.013097,0.438,0.24,0.0012,0.8089,0.7267,1.0,0.2742,banana
Wayanad_Kerala,Wayanad,Kerala,11.6,76.1,85,45,125,5.68,81.0,3.34,2023,20115.0,30.016666666666666,18.131666666666668,24.074166666666667,88.90166666666667,14.761666666666667,20,0.33903333333333335,0.027999999999999997,-0.013097,0.438,0.24,0.0012,0.8089,0.7267,1.0,0.2742,banana
Wayanad_Kerala,Wayanad,Kerala,11.6,76.1,85,45,125,5.68,81.0,3.34,2023,20115.0,30.016666666666666,18.131666666666668,24.074166666666667,88.90166666666667,14.761666666666667,20,0.33903333333333335,0.027999999999999997,-0.013097,0.438,0.24,0.0012,0.8089,0.7267,1.0,0.2742,banana
Wayanad_Kerala,Wayanad,Kerala,11.6,76.1,85,45,125,5.68,81.0,3.34,2023,20115.0,30.016666666666666,18.131666666666668,24.074166666666667,88.90166666666667,14.761666666666667,20,0.33903333333333335,0.027999999999999997,-0.013097,0.438,0.24,0.0012,0.8089,0.7267,1.0,0.2742,banana
Wayanad_Kerala,Wayanad,Kerala,11.6,76.1,85,45,125,5.68,81.0,3.34,2023,20115.0,30.016666666666666,18.131666666666668,24.074166666666667,88.90166666666667,14.761666666666667,20,0.33903333333333335,0.027999999999999997,-0.013097,0.438,0.24,0.0012,0.8089,0.7267,1.0,0.2742,banana
Wayanad_Kerala,Wayanad,Kerala,11.6,76.1,88,44,121,5.83,84.3,3.51,2023,20115.0,30.016666666666666,18.131666666666668,24.074166666666667,88.90166666666667,14.761666666666667,20,0.33903333333333335,0.027999999999999997,-0.013097,0.438,0.24,0.0012,0.8078,0.7767,1.0,0.2739,banana
Wayanad_Kerala,Wayanad,Kerala,11.6,76.1,88,44,121,5.83,84.3,3.51,2023,20115.0,30.016666666666666,18.131666666666668,24.074166666666667,88.90166666666667,14.761666666666667,20,0.33903333333333335,0.027999999999999997,-0.013097,0.438,0.24,0.0012,0.8078,0.7767,1.0,0.2739,banana
Wayanad_Kerala,Wayanad,Kerala,11.6,76.1,88,44,121,5.83,84.3,3.51,2023,20115.0,30.016666666666666,18.131666666666668,24.074166666666667,88.90166666666667,14.761666666666667,20,0.33903333333333335,0.027999999999999997,-0.013097,0.438,0.24,0.0012,0.8078,0.7767,1.0,0.2739,banana
Wayanad_Kerala,Wayanad,Kerala,11.6,76.1,88,44,121,5.83,84.3,3.51,2023,20115.0,30.016666666666666,18.131666666666668,24.074166666666667,88.90166666666667,14.761666666666667,20,0.33903333333333335,0.027999999999999997,-0.013097,0.438,0.24,0.0012,0.8078,0.7767,1.0,0.2739,banana
Wayanad_Kerala,Wayanad,Kerala,11.6,76.1,88,44,121,5.83,84.3,3.51,2023,20115.0,30.016666666666666,18.131666666666668,24.074166666666667,88.90166666666667,14.761666666666667,20,0.33903333333333335,0.027999999999999997,-0.013097,0.438,0.24,0.0012,0.8078,0.7767,1.0,0.2739,banana
Palakkad_Kerala,Palakkad,Kerala,10.8,76.6,82,48,122,6.36,73.5,3.07,2023,16331.6,32.03,19.801666666666666,25.915833333333335,82.72,15.976666666666667,20,0.6431416666666666,0.029925000000000004,-0.013095,0.7421,0.5442,0.0016,0.803,0.9533,1.0,0.5164,rice
Palakkad_Kerala,Palakkad,Kerala,10.8,76.6,82,48,122,6.36,73.5,3.07,2023,16331.6,32.03,19.801666666666666,25.915833333333335,82.72,15.976666666666667,20,0.6431416666666666,0.029925000000000004,-0.013095,0.7421,0.5442,0.0016,0.803,0.9533,1.0,0.5164,rice
Palakkad_Kerala,Palakkad,Kerala,10.8,76.6,82,48,122,6.36,73.5,3.07,2023,16331.6,32.03,19.801666666666666,25.915833333333335,82.72,15.976666666666667,20,0.6431416666666666,0.029925000000000004,-0.013095,0.7421,0.5442,0.0016,0.803,0.9533,1.0,0.5164,rice
Palakkad_Kerala,Palakkad,Kerala,10.8,76.6,82,48,122,6.36,73.5,3.07,2023,16331.6,32.03,19.801666666666666,25.915833333333335,82.72,15.976666666666667,20,0.6431416666666666,0.029925000000000004,-0.013095,0.7421,0.5442,0.0016,0.803,0.9533,1.0,0.5164,rice
Palakkad_Kerala,Palakkad,Kerala,10.8,76.6,82,48,122,6.36,73.5,3.07,2023,16331.6,32.03,19.801666666666666,25.915833333333335,82.72,15.976666666666667,20,0.6431416666666666,0.029925000000000004,-0.013095,0.7421,0.5442,0.0016,0.803,0.9533,1.0,0.5164,rice
Palakkad_Kerala,Palakkad,Kerala,10.8,76.6,84,46,129,6.09,69.6,3.0,2023,16331.6,32.03,19.801666666666666,25.915833333333335,82.72,15.976666666666667,20,0.6431416666666666,0.029925000000000004,-0.013095,0.7421,0.5442,0.0016,0.8229,0.8633,1.0,0.5292,rice
Palakkad_Kerala,Palakkad,Kerala,10.8,76.6,84,46,129,6.09,69.6,3.0,2023,16331.6,32.03,19.801666666666666,25.915833333333335,82.72,15.976666666666667,20,0.6431416666666666,0.029925000000000004,-0.013095,0.7421,0.5442,0.0016,0.8229,0.8633,1.0,0.5292,rice
Palakkad_Kerala,Palakkad,Kerala,10.8,76.6,84,46,129,6.09,69.6,3.0,2023,16331.6,32.03,19.801666666666666,25.915833333333335,82.72,15.976666666666667,20,0.6431416666666666,0.029925000000000004,-0.013095,0.7421,0.5442,0.0016,0.8229,0.8633,1.0,0.5292,rice
Palakkad_Kerala,Palakkad,Kerala,10.8,76.6,84,46,129,6.09,69.6,3.0,2023,16331.6,32.03,19.801666666666666,25.915833333333335,82.72,15.976666666666667,20,0.6431416666666666,0.029925000000000004,-0.013095,0.7421,0.5442,0.0016,0.8229,0.8633,1.0,0.5292,rice
Palakkad_Kerala,Palakkad,Kerala,10.8,76.6,84,46,129,6.09,69.6,3.0,2023,16331.6,32.03,19.801666666666666,25.915833333333335,82.72,15.976666666666667,20,0.6431416666666666,0.029925000000000004,-0.013095,0.7421,0.5442,0.0016,0.8229,0.8633,1.0,0.5292,rice
Palakkad_Kerala,Palakkad,Kerala,10.8,76.6,74,46,119,6.16,70.8,3.06,2023,16331.6,32.03,19.801666666666666,25.915833333333335,82.72,15.976666666666667,20,0.6431416666666666,0.029925000000000004,-0.013095,0.7421,0.5442,0.0016,0.7265,0.8867,1.0,0.4672,rice
Palakkad_Kerala,Palakkad,Kerala,10.8,76.6,74,46,119,6.16,70.8,3.06,2023,16331.6,32.03,19.801666666666666,25.915833333333335,82.72,15.976666666666667,20,0.6431416666666666,0.029925000000000004,-0.013095,0.7421,0.5442,0.0016,0.7265,0.8867,1.0,0.4672,rice
Palakkad_Kerala,Palakkad,Kerala,10.8,76.6,74,46,119,6.16,70.8,3.06,2023,16331.6,32.03,19.801666666666666,25.915833333333335,82.72,15.976666666666667,20,0.6431416666666666,0.029925000000000004,-0.013095,0.7421,0.5442,0.0016,0.7265,0.8867,1.0,0.4672,rice
Palakkad_Kerala,Palakkad,Kerala,10.8,76.6,74,46,119,6.16,70.8,3.06,2023,16331.6,32.03,19.801666666666666,25.915833333333335,82.72,15.976666666666667,20,0.6431416666666666,0.029925000000000004,-0.013095,0.7421,0.5442,0.0016,0.7265,0.8867,1.0,0.4672,rice
Palakkad_Kerala,Palakkad,Kerala,10.8,76.6,74,46,119,6.16,70.8,3.06,2023,16331.6,32.03,19.801666666666666,25.915833333333335,82.72,15.976666666666667,20,0.6431416666666666,0.029925000000000004,-0.013095,0.7421,0.5442,0.0016,0.7265,0.8867,1.0,0.4672,rice
Palakkad_Kerala,Palakkad,Kerala,10.8,76.6,77,46,120,6.11,70.0,3.01,2023,16331.6,32.03,19.801666666666666,25.915833333333335,82.72,15.976666666666667,20,0.6431416666666666,0.029925000000000004,-0.013095,0.7421,0.5442,0.0016,0.749,0.87,1.0,0.4817,rice
Palakkad_Kerala,Palakkad,Kerala,10.8,76.6,77,46,120,6.11,70.0,3.01,2023,16331.6,32.03,19.801666666666666,25.915833333333335,82.72,15.976666666666667,20,0.6431416666666666,0.029925000000000004,-0.013095,0.7421,0.5442,0.0016,0.749,0.87,1.0,0.4817,rice
Palakkad_Kerala,Palakkad,Kerala,10.8,76.6,77,46,120,6.11,70.0,3.01,2023,16331.6,32.03,19.801666666666666,25.915833333333335,82.72,15.976666666666667,20,0.6431416666666666,0.029925000000000004,-0.013095,0.7421,0.5442,0.0016,0.749,0.87,1.0,0.4817,rice
Palakkad_Kerala,Palakkad,Kerala,10.8,76.6,77,46,120,6.11,70.0,3.01,2023,16331.6,32.03,19.801666666666666,25.915833333333335,82.72,15.976666666666667,20,0.6431416666666666,0.029925000000000004,-0.013095,0.7421,0.5442,0.0016,0.749,0.87,1.0,0.4817,rice
Palakkad_Kerala,Palakkad,Kerala,10.8,76.6,77,46,120,6.11,70.0,3.01,2023,16331.6,32.03,19.801666666666666,25.915833333333335,82.72,15.976666666666667,20,0.6431416666666666,0.029925000000000004,-0.013095,0.7421,0.5442,0.0016,0.749,0.87,1.0,0.4817,rice
Palakkad_Kerala,Palakkad,Kerala,10.8,76.6,83,48,127,6.4,74.8,2.91,2023,16331.6,32.03,19.801666666666666,25.915833333333335,82.72,15.976666666666667,20,0.6431416666666666,0.029925000000000004,-0.013095,0.7421,0.5442,0.0016,0.8254,0.9667,1.0,0.5308,rice
Palakkad_Kerala,Palakkad,Kerala,10.8,76.6,83,48,127,6.4,74.8,2.91,2023,16331.6,32.03,19.801666666666666,25.915833333333335,82.72,15.976666666666667,20,0.6431416666666666,0.029925000000000004,-0.013095,0.7421,0.5442,0.0016,0.8254,0.9667,1.0,0.5308,rice
Palakkad_Kerala,Palakkad,Kerala,10.8,76.6,83,48,127,6.4,74.8,2.91,2023,16331.6,32.03,19.801666666666666,25.915833333333335,82.72,15.976666666666667,20,0.6431416666666666,0.029925000000000004,-0.013095,0.7421,0.5442,0.0016,0.8254,0.9667,1.0,0.5308,rice
Palakkad_Kerala,Palakkad,Kerala,10.8,76.6,83,48,127,6.4,74.8,2.91,2023,16331.6,32.03,19.801666666666666,25.915833333333335,82.72,15.976666666666667,20,0.6431416666666666,0.029925000000000004,-0.013095,0.7421,0.5442,0.0016,0.8254,0.9667,1.0,0.5308,rice
Palakkad_Kerala,Palakkad,Kerala,10.8,76.6,83,48,127,6.4,74.8,2.91,2023,16331.6,32.03,19.801666666666666,25.915833333333335,82.72,15.976666666666667,20,0.6431416666666666,0.029925000000000004,-0.013095,0.7421,0.5442,0.0016,0.8254,0.9667,1.0,0.5308,rice
Thrissur_Kerala,Thrissur,Kerala,10.5,76.2,86,41,131,5.92,71.9,3.22,2023,17808.5,30.798333333333336,19.709999999999997,25.254166666666666,82.77666666666667,16.19,20,0.6866416666666666,0.029083333333333333,-0.013095,0.7856,0.5877,0.0014,0.8037,0.8067,1.0,0.5519,coconut
Thrissur_Kerala,Thrissur,Kerala,10.5,76.2,86,41,131,5.92,71.9,3.22,2023,17808.5,30.798333333333336,19.709999999999997,25.254166666666666,82.77666666666667,16.19,20,0.6866416666666666,0.029083333333333333,-0.013095,0.7856,0.5877,0.0014,0.8037,0.8067,1.0,0.5519,coconut
Thrissur_Kerala,Thrissur,Kerala,10.5,76.2,86,41,131,5.92,71.9,3.22,2023,17808.5,30.798333333333336,19.709999999999997,25.254166666666666,82.77666666666667,16.19,20,0.6866416666666666,0.029083333333333333,-0.013095,0.7856,0.5877,0.0014,0.8037,0.8067,1.0,0.5519,coconut
Thrissur_Kerala,Thrissur,Kerala,10.5,76.2,86,41,131,5.92,71.9,3.22,2023,17808.5,30.798333333333336,19.709999999999997,25.254166666666666,82.77666666666667,16.19,20,0.6866416666666666,0.029083333333333333,-0.013095,0.7856,0.5877,0.0014,0.8037,0.8067,1.0,0.5519,coconut
Thrissur_Kerala,Thrissur,Kerala,10.5,76.2,86,41,131,5.92,71.9,3.22,2023,17808.5,30.798333333333336,19.709999999999997,25.254166666666666,82.77666666666667,16.19,20,0.6866416666666666,0.029083333333333333,-0.013095,0.7856,0.5877,0.0014,0.8037,0.8067,1.0,0.5519,coconut
Thrissur_Kerala,Thrissur,Kerala,10.5,76.2,86,50,129,5.9,70.1,3.09,2023,17808.5,30.798333333333336,19.709999999999997,25.254166666666666,82.77666666666667,16.19,20,0.6866416666666666,0.029083333333333333,-0.013095,0.7856,0.5877,0.0014,0.8666,0.8,1.0,0.595,coconut
Thrissur_Kerala,Thrissur,Kerala,10.5,76.2,86,50,129,5.9,70.1,3.09,2023,17808.5,30.798333333333336,19.709999999999997,25.254166666666666,82.77666666666667,16.19,20,0.6866416666666666,0.029083333333333333,-0.013095,0.7856,0.5877,0.0014,0.8666,0.8,1.0,0.595,coconut
Thrissur_Kerala,Thrissur,Kerala,10.5,76.2,86,50,129,5.9,70.1,3.09,2023,17808.5,30.798333333333336,19.709999999999997,25.254166666666666,82.77666666666667,16.19,20,0.6866416666666666,0.029083333333333333,-0.013095,0.7856,0.5877,0.0014,0.8666,0.8,1.0,0.595,coconut
Thrissur_Kerala,Thrissur,Kerala,10.5,76.2,86,50,129,5.9,70.1,3.09,2023,17808.5,30.798333333333336,19.709999999999997,25.254166666666666,82.77666666666667,16.19,20,0.6866416666666666,0.029083333333333333,-0.013095,0.7856,0.5877,0.0014,0.8666,0.8,1.0,0.595,coconut
Thrissur_Kerala,Thrissur,Kerala,10.5,76.2,86,50,129,5.9,70.1,3.09,2023,17808.5,30.798333333333336,19.709999999999997,25.254166666666666,82.77666666666667,16.19,20,0.6866416666666666,0.029083333333333333,-0.013095,0.7856,0.5877,0.0014,0.8666,0.8,1.0,0.595,coconut
Thrissur_Kerala,Thrissur,Kerala,10.5,76.2,82,44,120,6.02,73.9,3.12,2023,17808.5,30.798333333333336,19.709999999999997,25.254166666666666,82.77666666666667,16.19,20,0.6866416666666666,0.029083333333333333,-0.013095,0.7856,0.5877,0.0014,0.7659,0.84,1.0,0.5259,coconut
Thrissur_Kerala,Thrissur,Kerala,10.5,76.2,82,44,120,6.02,73.9,3.12,2023,17808.5,30.798333333333336,19.709999999999997,25.254166666666666,82.77666666666667,16.19,20,0.6866416666666666,0.029083333333333333,-0.013095,0.7856,0.5877,0.0014,0.7659,0.84,1.0,0.5259,coconut
Thrissur_Kerala,Thrissur,Kerala,10.5,76.2,82,44,120,6.02,73.9,3.12,2023,17808.5,30.798333333333336,19.709999999999997,25.254166666666666,82.77666666666667,16.19,20,0.6866416666666666,0.029083333333333333,-0.013095,0.7856,0.5877,0.0014,0.7659,0.84,1.0,0.5259,coconut
Thrissur_Kerala,Thrissur,Kerala,10.5,76.2,82,44,120,6.02,73.9,3.12,2023,17808.5,30.798333333333336,19.709999999999997,25.254166666666666,82.77666666666667,16.19,20,0.6866416666666666,0.029083333333333333,-0.013095,0.7856,0.5877,0.0014,0.7659,0.84,1.0,0.5259,coconut
Thrissur_Kerala,Thrissur,Kerala,10.5,76.2,82,44,120,6.02,73.9,3.12,2023,17808.5,30.798333333333336,19.709999999999997,25.254166666666666,82.77666666666667,16.19,20,0.6866416666666666,0.029083333333333333,-0.013095,0.7856,0.5877,0.0014,0.7659,0.84,1.0,0.5259,coconut
Thrissur_Kerala,Thrissur,Kerala,10.5,76.2,74,48,127,6.01,72.9,3.28,2023,17808.5,30.798333333333336,19.709999999999997,25.254166666666666,82.77666666666667,16.19,20,0.6866416666666666,0.029083333333333333,-0.013095,0.7856,0.5877,0.0014,0.7674,0.8367,1.0,0.5269,coconut
Thrissur_Kerala,Thrissur,Kerala,10.5,76.2,74,48,127,6.01,72.9,3.28,2023,17808.5,30.798333333333336,19.709999999999997,25.254166666666666,82.77666666666667,16.19,20,0.6866416666666666,0.029083333333333333,-0.013095,0.7856,0.5877,0.0014,0.7674,0.8367,1.0,0.5269,coconut
Thrissur_Kerala,Thrissur,Kerala,10.5,76.2,74,48,127,6.01,72.9,3.28,2023,17808.5,30.798333333333336,19.709999999999997,25.254166666666666,82.77666666666667,16.19,20,0.6866416666666666,0.029083333333333333,-0.013095,0.7856,0.5877,0.0014,0.7674,0.8367,1.0,0.5269,coconut
Thrissur_Kerala,Thrissur,Kerala,10.5,76.2,74,48,127,6.01,72.9,3.28,2023,17808.5,30.798333333333336,19.709999999999997,25.254166666666666,82.77666666666667,16.19,20,0.6866416666666666,0.029083333333333333,-0.013095,0.7856,0.5877,0.0014,0.7674,0.8367,1.0,0.5269,coconut
Thrissur_Kerala,Thrissur,Kerala,10.5,76.2,74,48,127,6.01,72.9,3.28,2023,17808.5,30.798333333333336,19.709999999999997,25.254166666666666,82.77666666666667,16.19,20,0.6866416666666666,0.029083333333333333,-0.013095,0.7856,0.5877,0.0014,0.7674,0.8367,1.0,0.5269,coconut
Thrissur_Kerala,Thrissur,Kerala,10.5,76.2,88,42,125,5.93,70.9,3.4,2023,17808.5,30.798333333333336,19.709999999999997,25.254166666666666,82.77666666666667,16.19,20,0.6866416666666666,0.029083333333333333,-0.013095,0.7856,0.5877,0.0014,0.8052,0.81,1.0,0.5529,coconut
Thrissur_Kerala,Thrissur,Kerala,10.5,76.2,88,42,125,5.93,70.9,3.4,2023,17808.5,30.798333333333336,19.709999999999997,25.254166666666666,82.77666666666667,16.19,20,0.6866416666666666,0.029083333333333333,-0.013095,0.7856,0.5877,0.0014,0.8052,0.81,1.0,0.5529,coconut
Thrissur_Kerala,Thrissur,Kerala,10.5,76.2,88,42,125,5.93,70.9,3.4,2023,17808.5,30.798333333333336,19.709999999999997,25.254166666666666,82.77666666666667,16.19,20,0.6866416666666666,0.029083333333333333,-0.013095,0.7856,0.5877,0.0014,0.8052,0.81,1.0,0.5529,coconut
Thrissur_Kerala,Thrissur,Kerala,10.5,76.2,88,42,125,5.93,70.9,3.4,2023,17808.5,30.798333333333336,19.709999999999997,25.254166666666666,82.77666666666667,16.19,20,0.6866416666666666,0.029083333333333333,-0.013095,0.7856,0.5877,0.0014,0.8052,0.81,1.0,0.5529,coconut
Thrissur_Kerala,Thrissur,Kerala,10.5,76.2,88,42,125,5.93,70.9,3.4,2023,17808.5,30.798333333333336,19.709999999999997,25.254166666666666,82.77666666666667,16.19,20,0.6866416666666666,0.029083333333333333,-0.013095,0.7856,0.5877,0.0014,0.8052,0.81,1.0,0.5529,coconut
Kollam_Kerala,Kollam,Kerala,8.9,76.6,79,44,114,5.91,80.0,3.16,2023,19445.1,31.334999999999997,21.959999999999997,26.647499999999997,84.70666666666666,16.151666666666667,20,0.46303333333333335,0.029783333333333332,-0.013097,0.562,0.364,0.0014,0.7274,0.8033,1.0,0.3368,coconut
Kollam_Kerala,Kollam,Kerala,8.9,76.6,79,44,114,5.91,80.0,3.16,2023,19445.1,31.334999999999997,21.959999999999997,26.647499999999997,84.70666666666666,16.151666666666667,20,0.46303333333333335,0.029783333333333332,-0.013097,0.562,0.364,0.0014,0.7274,0.8033,1.0,0.3368,coconut
Kollam_Kerala,Kollam,Kerala,8.9,76.6,79,44,114,5.91,80.0,3.16,2023,19445.1,31.334999999999997,21.959999999999997,26.647499999999997,84.70666666666666,16.151666666666667,20,0.46303333333333335,0.029783333333333332,-0.013097,0.562,0.364,0.0014,0.7274,0.8033,1.0,0.3368,coconut
Kollam_Kerala,Kollam,Kerala,8.9,76.6,79,44,114,5.91,80.0,3.16,2023,19445.1,31.334999999999997,21.959999999999997,26.647499999999997,84.70666666666666,16.151666666666667,20,0.46303333333333335,0.029783333333333332,-0.013097,0.562,0.364,0.0014,0.7274,0.8033,1.0,0.3368,coconut
Kollam_Kerala,Kollam,Kerala,8.9,76.6,79,44,114,5.91,80.0,3.16,2023,19445.1,31.334999999999997,21.959999999999997,26.647499999999997,84.70666666666666,16.151666666666667,20,0.46303333333333335,0.029783333333333332,-0.013097,0.562,0.364,0.0014,0.7274,0.8033,1.0,0.3368,coconut
Kollam_Kerala,Kollam,Kerala,8.9,76.6,76,40,117,6.2,75.5,3.23,2023,19445.1,31.334999999999997,21.959999999999997,26.647499999999997,84.70666666666666,16.151666666666667,20,0.46303333333333335,0.029783333333333332,-0.013097,0.562,0.364,0.0014,0.6868,0.9,1.0,0.318,coconut
Kollam_Kerala,Kollam,Kerala,8.9,76.6,76,40,117,6.2,75.5,3.23,2023,19445.1,31.334999999999997,21.959999999999997,26.647499999999997,84.70666666666666,16.151666666666667,20,0.46303333333333335,0.029783333333333332,-0.013097,0.562,0.364,0.0014,0.6868,0.9,1.0,0.318,coconut
Kollam_Kerala,Kollam,Kerala,8.9,76.6,76,40,117,6.2,75.5,3.23,2023,19445.1,31.334999999999997,21.959999999999997,26.647499999999997,84.70666666666666,16.151666666666667,20,0.46303333333333335,0.029783333333333332,-0.013097,0.562,0.364,0.0014,0.6868,0.9,1.0,0.318,coconut
Kollam_Kerala,Kollam,Kerala,8.9,76.6,76,40,117,6.2,75.5,3.23,2023,19445.1,31.334999999999997,21.959999999999997,26.647499999999997,84.70666666666666,16.151666666666667,20,0.46303333333333335,0.029783333333333332,-0.013097,0.562,0.364,0.0014,0.6868,0.9,1.0,0.318,coconut
Kollam_Kerala,Kollam,Kerala,8.9,76.6,76,40,117,6.2,75.5,3.23,2023,19445.1,31.334999999999997,21.959999999999997,26.647499999999997,84.70666666666666,16.151666666666667,20,0.46303333333333335,0.029783333333333332,-0.013097,0.562,0.364,0.0014,0.6868,0.9,1.0,0.318,coconut
Kollam_Kerala,Kollam,Kerala,8.9,76.6,84,47,127,5.93,81.7,3.24,2023,19445.1,31.334999999999997,21.959999999999997,26.647499999999997,84.70666666666666,16.151666666666667,20,0.46303333333333335,0.029783333333333332,-0.013097,0.562,0.364,0.0014,0.8242,0.81,1.0,0.3816,coconut
Kollam_Kerala,Kollam,Kerala,8.9,76.6,84,47,127,5.93,81.7,3.24,2023,19445.1,31.334999999999997,21.959999999999997,26.647499999999997,84.70666666666666,16.151666666666667,20,0.46303333333333335,0.029783333333333332,-0.013097,0.562,0.364,0.0014,0.8242,0.81,1.0,0.3816,coconut
Kollam_Kerala,Kollam,Kerala,8.9,76.6,84,47,127,5.93,81.7,3.24,2023,19445.1,31.334999999999997,21.959999999999997,26.647499999999997,84.70666666666666,16.151666666666667,20,0.46303333333333335,0.029783333333333332,-0.013097,0.562,0.364,0.0014,0.8242,0.81,1.0,0.3816,coconut
Kollam_Kerala,Kollam,Kerala,8.9,76.6,84,47,127,5.93,81.7,3.24,2023,19445.1,31.334999999999997,21.959999999999997,26.647499999999997,84.70666666666666,16.151666666666667,20,0.46303333333333335,0.029783333333333332,-0.013097,0.562,0.364,0.0014,0.8242,0.81,1.0,0.3816,coconut
Kollam_Kerala,Kollam,Kerala,8.9,76.6,84,47,127,5.93,81.7,3.24,2023,19445.1,31.334999999999997,21.959999999999997,26.647499999999997,84.70666666666666,16.151666666666667,20,0.46303333333333335,0.029783333333333332,-0.013097,0.562,0.364,0.0014,0.8242,0.81,1.0,0.3816,coconut
Kollam_Kerala,Kollam,Kerala,8.9,76.6,75,45,126,6.1,74.9,2.91,2023,19445.1,31.334999999999997,21.959999999999997,26.647499999999997,84.70666666666666,16.151666666666667,20,0.46303333333333335,0.029783333333333332,-0.013097,0.562,0.364,0.0014,0.7476,0.8667,1.0,0.3462,coconut
Kollam_Kerala,Kollam,Kerala,8.9,76.6,75,45,126,6.1,74.9,2.91,2023,19445.1,31.334999999999997,21.959999999999997,26.647499999999997,84.70666666666666,16.151666666666667,20,0.46303333333333335,0.029783333333333332,-0.013097,0.562,0.364,0.0014,0.7476,0.8667,1.0,0.3462,coconut
Kollam_Kerala,Kollam,Kerala,8.9,76.6,75,45,126,6.1,74.9,2.91,2023,19445.1,31.334999999999997,21.959999999999997,26.647499999999997,84.70666666666666,16.151666666666667,20,0.46303333333333335,0.029783333333333332,-0.013097,0.562,0.364,0.0014,0.7476,0.8667,1.0,0.3462,coconut
Kollam_Kerala,Kollam,Kerala,8.9,76.6,75,45,126,6.1,74.9,2.91,2023,19445.1,31.334999999999997,21.959999999999997,26.647499999999997,84.70666666666666,16.151666666666667,20,0.46303333333333335,0.029783333333333332,-0.013097,0.562,0.364,0.0014,0.7476,0.8667,1.0,0.3462,coconut
Kollam_Kerala,Kollam,Kerala,8.9,76.6,75,45,126,6.1,74.9,2.91,2023,19445.1,31.334999999999997,21.959999999999997,26.647499999999997,84.70666666666666,16.151666666666667,20,0.46303333333333335,0.029783333333333332,-0.013097,0.562,0.364,0.0014,0.7476,0.8667,1.0,0.3462,coconut
Kollam_Kerala,Kollam,Kerala,8.9,76.6,72,41,118,6.11,75.9,3.16,2023,19445.1,31.334999999999997,21.959999999999997,26.647499999999997,84.70666666666666,16.151666666666667,20,0.46303333333333335,0.029783333333333332,-0.013097,0.562,0.364,0.0014,0.6719,0.87,1.0,0.3111,coconut
Kollam_Kerala,Kollam,Kerala,8.9,76.6,72,41,118,6.11,75.9,3.16,2023,19445.1,31.334999999999997,21.959999999999997,26.647499999999997,84.70666666666666,16.151666666666667,20,0.46303333333333335,0.029783333333333332,-0.013097,0.562,0.364,0.0014,0.6719,0.87,1.0,0.3111,coconut
Kollam_Kerala,Kollam,Kerala,8.9,76.6,72,41,118,6.11,75.9,3.16,2023,19445.1,31.334999999999997,21.959999999999997,26.647499999999997,84.70666666666666,16.151666666666667,20,0.46303333333333335,0.029783333333333332,-0.013097,0.562,0.364,0.0014,0.6719,0.87,1.0,0.3111,coconut
Kollam_Kerala,Kollam,Kerala,8.9,76.6,72,41,118,6.11,75.9,3.16,2023,19445.1,31.334999999999997,21.959999999999997,26.647499999999997,84.70666666666666,16.151666666666667,20,0.46303333333333335,0.029783333333333332,-0.013097,0.562,0.364,0.0014,0.6719,0.87,1.0,0.3111,coconut
Kollam_Kerala,Kollam,Kerala,8.9,76.6,72,41,118,6.11,75.9,3.16,2023,19445.1,31.334999999999997,21.959999999999997,26.647499999999997,84.70666666666666,16.151666666666667,20,0.46303333333333335,0.029783333333333332,-0.013097,0.562,0.364,0.0014,0.6719,0.87,1.0,0.3111,coconut
Idukki_Kerala,Idukki,Kerala,9.9,77.1,84,51,132,5.43,82.4,3.81,2023,23945.1,28.278333333333332,15.861666666666668,22.07,89.90666666666667,13.886666666666667,20,0.3856583333333334,0.023825,-0.013095,0.4846,0.2867,0.0009,0.8709,0.6433,1.0,0.3359,banana
Idukki_Kerala,Idukki,Kerala,9.9,77.1,84,51,132,5.43,82.4,3.81,2023,23945.1,28.278333333333332,15.861666666666668,22.07,89.90666666666667,13.886666666666667,20,0.3856583333333334,0.023825,-0.013095,0.4846,0.2867,0.0009,0.8709,0.6433,1.0,0.3359,banana
Idukki_Kerala,Idukki,Kerala,9.9,77.1,84,51,132,5.43,82.4,3.81,2023,23945.1,28.278333333333332,15.861666666666668,22.07,89.90666666666667,13.886666666666667,20,0.3856583333333334,0.023825,-0.013095,0.4846,0.2867,0.0009,0.8709,0.6433,1.0,0.3359,banana
Idukki_Kerala,Idukki,Kerala,9.9,77.1,84,51,132,5.43,82.4,3.81,2023,23945.1,28.278333333333332,15.861666666666668,22.07,89.90666666666667,13.886666666666667,20,0.3856583333333334,0.023825,-0.013095,0.4846,0.2867,0.0009,0.8709,0.6433,1.0,0.3359,banana
Idukki_Kerala,Idukki,Kerala,9.9,77.1,84,51,132,5.43,82.4,3.81,2023,23945.1,28.278333333333332,15.861666666666668,22.07,89.90666666666667,13.886666666666667,20,0.3856583333333334,0.023825,-0.013095,0.4846,0.2867,0.0009,0.8709,0.6433,1.0,0.3359,banana
Idukki_Kerala,Idukki,Kerala,9.9,77.1,93,47,132,5.42,86.1,3.78,2023,23945.1,28.278333333333332,15.861666666666668,22.07,89.90666666666667,13.886666666666667,20,0.3856583333333334,0.023825,-0.013095,0.4846,0.2867,0.0009,0.8982,0.64,1.0,0.3464,banana
Idukki_Kerala,Idukki,Kerala,9.9,77.1,93,47,132,5.42,86.1,3.78,2023,23945.1,28.278333333333332,15.861666666666668,22.07,89.90666666666667,13.886666666666667,20,0.3856583333333334,0.023825,-0.013095,0.4846,0.2867,0.0009,0.8982,0.64,1.0,0.3464,banana
Idukki_Kerala,Idukki,Kerala,9.9,77.1,93,47,132,5.42,86.1,3.78,2023,23945.1,28.278333333333332,15.861666666666668,22.07,89.90666666666667,13.886666666666667,20,0.3856583333333334,0.023825,-0.013095,0.4846,0.2867,0.0009,0.8982,0.64,1.0,0.3464,banana
Idukki_Kerala,Idukki,Kerala,9.9,77.1,93,47,132,5.42,86.1,3.78,2023,23945.1,28.278333333333332,15.861666666666668,22.07,89.90666666666667,13.886666666666667,20,0.3856583333333334,0.023825,-0.013095,0.4846,0.2867,0.0009,0.8982,0.64,1.0,0.3464,banana
Idukki_Kerala,Idukki,Kerala,9.9,77.1,93,47,132,5.42,86.1,3.78,2023,23945.1,28.278333333333332,15.861666666666668,22.07,89.90666666666667,13.886666666666667,20,0.3856583333333334,0.023825,-0.013095,0.4846,0.2867,0.0009,0.8982,0.64,1.0,0.3464,banana
Idukki_Kerala,Idukki,Kerala,9.9,77.1,87,46,142,5.64,84.0,3.76,2023,23945.1,28.278333333333332,15.861666666666668,22.07,89.90666666666667,13.886666666666667,20,0.3856583333333334,0.023825,-0.013095,0.4846,0.2867,0.0009,0.8837,0.7133,1.0,0.3408,banana
Idukki_Kerala,Idukki,Kerala,9.9,77.1,87,46,142,5.64,84.0,3.76,2023,23945.1,28.278333333333332,15.861666666666668,22.07,89.90666666666667,13.886666666666667,20,0.3856583333333334,0.023825,-0.013095,0.4846,0.2867,0.0009,0.8837,0.7133,1.0,0.3408,banana
Idukki_Kerala,Idukki,Kerala,9.9,77.1,87,46,142,5.64,84.0,3.76,2023,23945.1,28.278333333333332,15.861666666666668,22.07,89.90666666666667,13.886666666666667,20,0.3856583333333334,0.023825,-0.013095,0.4846,0.2867,0.0009,0.8837,0.7133,1.0,0.3408,banana
Idukki_Kerala,Idukki,Kerala,9.9,77.1,87,46,142,5.64,84.0,3.76,2023,23945.1,28.278333333333332,15.861666666666668,22.07,89.90666666666667,13.886666666666667,20,0.3856583333333334,0.023825,-0.013095,0.4846,0.2867,0.0009,0.8837,0.7133,1.0,0.3408,banana
Idukki_Kerala,Idukki,Kerala,9.9,77.1,87,46,142,5.64,84.0,3.76,2023,23945.1,28.278333333333332,15.861666666666668,22.07,89.90666666666667,13.886666666666667,20,0.3856583333333334,0.023825,-0.013095,0.4846,0.2867,0.0009,0.8837,0.7133,1.0,0.3408,banana
Idukki_Kerala,Idukki,Kerala,9.9,77.1,88,45,141,5.34,86.8,3.83,2023,23945.1,28.278333333333332,15.861666666666668,22.07,89.90666666666667,13.886666666666667,20,0.3856583333333334,0.023825,-0.013095,0.4846,0.2867,0.0009,0.8793,0.6133,1.0,0.3391,banana
Idukki_Kerala,Idukki,Kerala,9.9,77.1,88,45,141,5.34,86.8,3.83,2023,23945.1,28.278333333333332,15.861666666666668,22.07,89.90666666666667,13.886666666666667,20,0.3856583333333334,0.023825,-0.013095,0.4846,0.2867,0.0009,0.8793,0.6133,1.0,0.3391,banana
Idukki_Kerala,Idukki,Kerala,9.9,77.1,88,45,141,5.34,86.8,3.83,2023,23945.1,28.278333333333332,15.861666666666668,22.07,89.90666666666667,13.886666666666667,20,0.3856583333333334,0.023825,-0.013095,0.4846,0.2867,0.0009,0.8793,0.6133,1.0,0.3391,banana
Idukki_Kerala,Idukki,Kerala,9.9,77.1,88,45,141,5.34,86.8,3.83,2023,23945.1,28.278333333333332,15.861666666666668,22.07,89.90666666666667,13.886666666666667,20,0.3856583333333334,0.023825,-0.013095,0.4846,0.2867,0.0009,0.8793,0.6133,1.0,0.3391,banana
Idukki_Kerala,Idukki,Kerala,9.9,77.1,88,45,141,5.34,86.8,3.83,2023,23945.1,28.278333333333332,15.861666666666668,22.07,89.90666666666667,13.886666666666667,20,0.3856583333333334,0.023825,-0.013095,0.4846,0.2867,0.0009,0.8793,0.6133,1.0,0.3391,banana
Idukki_Kerala,Idukki,Kerala,9.9,77.1,89,49,142,5.62,81.4,3.74,2023,23945.1,28.278333333333332,15.861666666666668,22.07,89.90666666666667,13.886666666666667,20,0.3856583333333334,0.023825,-0.013095,0.4846,0.2867,0.0009,0.9197,0.7067,1.0,0.3547,banana
Idukki_Kerala,Idukki,Kerala,9.9,77.1,89,49,142,5.62,81.4,3.74,2023,23945.1,28.278333333333332,15.861666666666668,22.07,89.90666666666667,13.886666666666667,20,0.3856583333333334,0.023825,-0.013095,0.4846,0.2867,0.0009,0.9197,0.7067,1.0,0.3547,banana
Idukki_Kerala,Idukki,Kerala,9.9,77.1,89,49,142,5.62,81.4,3.74,2023,23945.1,28.278333333333332,15.861666666666668,22.07,89.90666666666667,13.886666666666667,20,0.3856583333333334,0.023825,-0.013095,0.4846,0.2867,0.0009,0.9197,0.7067,1.0,0.3547,banana
Idukki_Kerala,Idukki,Kerala,9.9,77.1,89,49,142,5.62,81.4,3.74,2023,23945.1,28.278333333333332,15.861666666666668,22.07,89.90666666666667,13.886666666666667,20,0.3856583333333334,0.023825,-0.013095,0.4846,0.2867,0.0009,0.9197,0.7067,1.0,0.3547,banana
Idukki_Kerala,Idukki,Kerala,9.9,77.1,89,49,142,5.62,81.4,3.74,2023,23945.1,28.278333333333332,15.861666666666668,22.07,89.90666666666667,13.886666666666667,20,0.3856583333333334,0.023825,-0.013095,0.4846,0.2867,0.0009,0.9197,0.7067,1.0,0.3547,banana
Varanasi_Uttar_Pradesh,Varanasi,Uttar Pradesh,25.3,83.0,76,41,118,7.71,54.4,1.83,2023,8597.6,37.39833333333333,12.211666666666668,24.805,62.10166666666667,19.85,20,0.3651583333333333,0.036408333333333334,-0.013095,0.4641,0.2662,0.0029,0.6977,0.5967,1.0,0.2548,wheat
Varanasi_Uttar_Pradesh,Varanasi,Uttar Pradesh,25.3,83.0,76,41,118,7.71,54.4,1.83,2023,8597.6,37.39833333333333,12.211666666666668,24.805,62.10166666666667,19.85,20,0.3651583333333333,0.036408333333333334,-0.013095,0.4641,0.2662,0.0029,0.6977,0.5967,1.0,0.2548,wheat
Varanasi_Uttar_Pradesh,Varanasi,Uttar Pradesh,25.3,83.0,76,41,118,7.71,54.4,1.83,2023,8597.6,37.39833333333333,12.211666666666668,24.805,62.10166666666667,19.85,20,0.3651583333333333,0.036408333333333334,-0.013095,0.4641,0.2662,0.0029,0.6977,0.5967,1.0,0.2548,wheat
Varanasi_Uttar_Pradesh,Varanasi,Uttar Pradesh,25.3,83.0,76,41,118,7.71,54.4,1.83,2023,8597.6,37.39833333333333,12.211666666666668,24.805,62.10166666666667,19.85,20,0.3651583333333333,0.036408333333333334,-0.013095,0.4641,0.2662,0.0029,0.6977,0.5967,1.0,0.2548,wheat
Varanasi_Uttar_Pradesh,Varanasi,Uttar Pradesh,25.3,83.0,76,41,118,7.71,54.4,1.83,2023,8597.6,37.39833333333333,12.211666666666668,24.805,62.10166666666667,19.85,20,0.3651583333333333,0.036408333333333334,-0.013095,0.4641,0.2662,0.0029,0.6977,0.5967,1.0,0.2548,wheat
Varanasi_Uttar_Pradesh,Varanasi,Uttar Pradesh,25.3,83.0,84,43,111,7.81,56.8,1.91,2023,8597.6,37.39833333333333,12.211666666666668,24.805,62.10166666666667,19.85,20,0.3651583333333333,0.036408333333333334,-0.013095,0.4641,0.2662,0.0029,0.7424,0.5633,1.0,0.2711,wheat
Varanasi_Uttar_Pradesh,Varanasi,Uttar Pradesh,25.3,83.0,84,43,111,7.81,56.8,1.91,2023,8597.6,37.39833333333333,12.211666666666668,24.805,62.10166666666667,19.85,20,0.3651583333333333,0.036408333333333334,-0.013095,0.4641,0.2662,0.0029,0.7424,0.5633,1.0,0.2711,wheat
Varanasi_Uttar_Pradesh,Varanasi,Uttar Pradesh,25.3,83.0,84,43,111,7.81,56.8,1.91,2023,8597.6,37.39833333333333,12.211666666666668,24.805,62.10166666666667,19.85,20,0.3651583333333333,0.036408333333333334,-0.013095,0.4641,0.2662,0.0029,0.7424,0.5633,1.0,0.2711,wheat
Varanasi_Uttar_Pradesh,Varanasi,Uttar Pradesh,25.3,83.0,84,43,111,7.81,56.8,1.91,2023,8597.6,37.39833333333333,12.211666666666668,24.805,62.10166666666667,19.85,20,0.3651583333333333,0.036408333333333334,-0.013095,0.4641,0.2662,0.0029,0.7424,0.5633,1.0,0.2711,wheat
Varanasi_Uttar_Pradesh,Varanasi,Uttar Pradesh,25.3,83.0,84,43,111,7.81,56.8,1.91,2023,8597.6,37.39833333333333,12.211666666666668,24.805,62.10166666666667,19.85,20,0.3651583333333333,0.036408333333333334,-0.013095,0.4641,0.2662,0.0029,0.7424,0.5633,1.0,0.2711,wheat
Varanasi_Uttar_Pradesh,Varanasi,Uttar Pradesh,25.3,83.0,81,39,124,7.83,55.7,1.96,2023,8597.6,37.39833333333333,12.211666666666668,24.805,62.10166666666667,19.85,20,0.3651583333333333,0.036408333333333334,-0.013095,0.4641,0.2662,0.0029,0.7337,0.5567,1.0,0.2679,wheat
Varanasi_Uttar_Pradesh,Varanasi,Uttar Pradesh,25.3,83.0,81,39,124,7.83,55.7,1.96,2023,8597.6,37.39833333333333,12.211666666666668,24.805,62.10166666666667,19.85,20,0.3651583333333333,0.036408333333333334,-0.013095,0.4641,0.2662,0.0029,0.7337,0.5567,1.0,0.2679,wheat
Varanasi_Uttar_Pradesh,Varanasi,Uttar Pradesh,25.3,83.0,81,39,124,7.83,55.7,1.96,2023,8597.6,37.39833333333333,12.211666666666668,24.805,62.10166666666667,19.85,20,0.3651583333333333,0.036408333333333334,-0.013095,0.4641,0.2662,0.0029,0.7337,0.5567,1.0,0.2679,wheat
Varanasi_Uttar_Pradesh,Varanasi,Uttar Pradesh,25.3,83.0,81,39,124,7.83,55.7,1.96,2023,8597.6,37.39833333333333,12.211666666666668,24.805,62.10166666666667,19.85,20,0.3651583333333333,0.036408333333333334,-0.013095,0.4641,0.2662,0.0029,0.7337,0.5567,1.0,0.2679,wheat
Varanasi_Uttar_Pradesh,Varanasi,Uttar Pradesh,25.3,83.0,81,39,124,7.83,55.7,1.96,2023,8597.6,37.39833333333333,12.211666666666668,24.805,62.10166666666667,19.85,20,0.3651583333333333,0.036408333333333334,-0.013095,0.4641,0.2662,0.0029,0.7337,0.5567,1.0,0.2679,wheat
Varanasi_Uttar_Pradesh,Varanasi,Uttar Pradesh,25.3,83.0,79,40,121,7.67,53.6,1.95,2023,8597.6,37.39833333333333,12.211666666666668,24.805,62.10166666666667,19.85,20,0.3651583333333333,0.036408333333333334,-0.013095,0.4641,0.2662,0.0029,0.7189,0.61,1.0,0.2625,wheat
Varanasi_Uttar_Pradesh,Varanasi,Uttar Pradesh,25.3,83.0,79,40,121,7.67,53.6,1.95,2023,8597.6,37.39833333333333,12.211666666666668,24.805,62.10166666666667,19.85,20,0.3651583333333333,0.036408333333333334,-0.013095,0.4641,0.2662,0.0029,0.7189,0.61,1.0,0.2625,wheat
Varanasi_Uttar_Pradesh,Varanasi,Uttar Pradesh,25.3,83.0,79,40,121,7.67,53.6,1.95,2023,8597.6,37.39833333333333,12.211666666666668,24.805,62.10166666666667,19.85,20,0.3651583333333333,0.036408333333333334,-0.013095,0.4641,0.2662,0.0029,0.7189,0.61,1.0,0.2625,wheat
Varanasi_Uttar_Pradesh,Varanasi,Uttar Pradesh,25.3,83.0,79,40,121,7.67,53.6,1.95,2023,8597.6,37.39833333333333,12.211666666666668,24.805,62.10166666666667,19.85,20,0.3651583333333333,0.036408333333333334,-0.013095,0.4641,0.2662,0.0029,0.7189,0.61,1.0,0.2625,wheat
Varanasi_Uttar_Pradesh,Varanasi,Uttar Pradesh,25.3,83.0,79,40,121,7.67,53.6,1.95,2023,8597.6,37.39833333333333,12.211666666666668,24.805,62.10166666666667,19.85,20,0.3651583333333333,0.036408333333333334,-0.013095,0.4641,0.2662,0.0029,0.7189,0.61,1.0,0.2625,wheat
Varanasi_Uttar_Pradesh,Varanasi,Uttar Pradesh,25.3,83.0,81,37,105,7.77,56.3,2.14,2023,8597.6,37.39833333333333,12.211666666666668,24.805,62.10166666666667,19.85,20,0.3651583333333333,0.036408333333333334,-0.013095,0.4641,0.2662,0.0029,0.6577,0.5767,1.0,0.2402,wheat
Varanasi_Uttar_Pradesh,Varanasi,Uttar Pradesh,25.3,83.0,81,37,105,7.77,56.3,2.14,2023,8597.6,37.39833333333333,12.211666666666668,24.805,62.10166666666667,19.85,20,0.3651583333333333,0.036408333333333334,-0.013095,0.4641,0.2662,0.0029,0.6577,0.5767,1.0,0.2402,wheat
Varanasi_Uttar_Pradesh,Varanasi,Uttar Pradesh,25.3,83.0,81,37,105,7.77,56.3,2.14,2023,8597.6,37.39833333333333,12.211666666666668,24.805,62.10166666666667,19.85,20,0.3651583333333333,0.036408333333333334,-0.013095,0.4641,0.2662,0.0029,0.6577,0.5767,1.0,0.2402,wheat
Varanasi_Uttar_Pradesh,Varanasi,Uttar Pradesh,25.3,83.0,81,37,105,7.77,56.3,2.14,2023,8597.6,37.39833333333333,12.211666666666668,24.805,62.10166666666667,19.85,20,0.3651583333333333,0.036408333333333334,-0.013095,0.4641,0.2662,0.0029,0.6577,0.5767,1.0,0.2402,wheat
Varanasi_Uttar_Pradesh,Varanasi,Uttar Pradesh,25.3,83.0,81,37,105,7.77,56.3,2.14,2023,8597.6,37.39833333333333,12.211666666666668,24.805,62.10166666666667,19.85,20,0.3651583333333333,0.036408333333333334,-0.013095,0.4641,0.2662,0.0029,0.6577,0.5767,1.0,0.2402,wheat
Agra_Uttar_Pradesh,Agra,Uttar Pradesh,27.2,78.0,79,35,99,8.14,43.3,1.54,2023,5761.6,39.99333333333333,9.943333333333333,24.96833333333333,48.876666666666665,22.05,20,0.4602,0.031391666666666665,-0.013104,0.5592,0.3612,0.0043,0.6103,0.4533,1.0,0.2809,wheat
Agra_Uttar_Pradesh,Agra,Uttar Pradesh,27.2,78.0,79,35,99,8.14,43.3,1.54,2023,5761.6,39.99333333333333,9.943333333333333,24.96833333333333,48.876666666666665,22.05,20,0.4602,0.031391666666666665,-0.013104,0.5592,0.3612,0.0043,0.6103,0.4533,1.0,0.2809,wheat
Agra_Uttar_Pradesh,Agra,Uttar Pradesh,27.2,78.0,79,35,99,8.14,43.3,1.54,2023,5761.6,39.99333333333333,9.943333333333333,24.96833333333333,48.876666666666665,22.05,20,0.4602,0.031391666666666665,-0.013104,0.5592,0.3612,0.0043,0.6103,0.4533,1.0,0.2809,wheat
Agra_Uttar_Pradesh,Agra,Uttar Pradesh,27.2,78.0,79,35,99,8.14,43.3,1.54,2023,5761.6,39.99333333333333,9.943333333333333,24.96833333333333,48.876666666666665,22.05,20,0.4602,0.031391666666666665,-0.013104,0.5592,0.3612,0.0043,0.6103,0.4533,1.0,0.2809,wheat
Agra_Uttar_Pradesh,Agra,Uttar Pradesh,27.2,78.0,79,35,99,8.14,43.3,1.54,2023,5761.6,39.99333333333333,9.943333333333333,24.96833333333333,48.876666666666665,22.05,20,0.4602,0.031391666666666665,-0.013104,0.5592,0.3612,0.0043,0.6103,0.4533,1.0,0.2809,wheat
Agra_Uttar_Pradesh,Agra,Uttar Pradesh,27.2,78.0,65,33,98,8.18,42.2,1.52,2023,5761.6,39.99333333333333,9.943333333333333,24.96833333333333,48.876666666666665,22.05,20,0.4602,0.031391666666666665,-0.013104,0.5592,0.3612,0.0043,0.5014,0.44,1.0,0.2307,wheat
Agra_Uttar_Pradesh,Agra,Uttar Pradesh,27.2,78.0,65,33,98,8.18,42.2,1.52,2023,5761.6,39.99333333333333,9.943333333333333,24.96833333333333,48.876666666666665,22.05,20,0.4602,0.031391666666666665,-0.013104,0.5592,0.3612,0.0043,0.5014,0.44,1.0,0.2307,wheat
Agra_Uttar_Pradesh,Agra,Uttar Pradesh,27.2,78.0,65,33,98,8.18,42.2,1.52,2023,5761.6,39.99333333333333,9.943333333333333,24.96833333333333,48.876666666666665,22.05,20,0.4602,0.031391666666666665,-0.013104,0.5592,0.3612,0.0043,0.5014,0.44,1.0,0.2307,wheat
Agra_Uttar_Pradesh,Agra,Uttar Pradesh,27.2,78.0,65,33,98,8.18,42.2,1.52,2023,5761.6,39.99333333333333,9.943333333333333,24.96833333333333,48.876666666666665,22.05,20,0.4602,0.031391666666666665,-0.013104,0.5592,0.3612,0.0043,0.5014,0.44,1.0,0.2307,wheat
Agra_Uttar_Pradesh,Agra,Uttar Pradesh,27.2,78.0,65,33,98,8.18,42.2,1.52,2023,5761.6,39.99333333333333,9.943333333333333,24.96833333333333,48.876666666666665,22.05,20,0.4602,0.031391666666666665,-0.013104,0.5592,0.3612,0.0043,0.5014,0.44,1.0,0.2307,wheat
Agra_Uttar_Pradesh,Agra,Uttar Pradesh,27.2,78.0,66,37,107,7.87,41.1,1.79,2023,5761.6,39.99333333333333,9.943333333333333,24.96833333333333,48.876666666666665,22.05,20,0.4602,0.031391666666666665,-0.013104,0.5592,0.3612,0.0043,0.5673,0.5433,1.0,0.2611,wheat
Agra_Uttar_Pradesh,Agra,Uttar Pradesh,27.2,78.0,66,37,107,7.87,41.1,1.79,2023,5761.6,39.99333333333333,9.943333333333333,24.96833333333333,48.876666666666665,22.05,20,0.4602,0.031391666666666665,-0.013104,0.5592,0.3612,0.0043,0.5673,0.5433,1.0,0.2611,wheat
Agra_Uttar_Pradesh,Agra,Uttar Pradesh,27.2,78.0,66,37,107,7.87,41.1,1.79,2023,5761.6,39.99333333333333,9.943333333333333,24.96833333333333,48.876666666666665,22.05,20,0.4602,0.031391666666666665,-0.013104,0.5592,0.3612,0.0043,0.5673,0.5433,1.0,0.2611,wheat
Agra_Uttar_Pradesh,Agra,Uttar Pradesh,27.2,78.0,66,37,107,7.87,41.1,1.79,2023,5761.6,39.99333333333333,9.943333333333333,24.96833333333333,48.876666666666665,22.05,20,0.4602,0.031391666666666665,-0.013104,0.5592,0.3612,0.0043,0.5673,0.5433,1.0,0.2611,wheat
Agra_Uttar_Pradesh,Agra,Uttar Pradesh,27.2,78.0,66,37,107,7.87,41.1,1.79,2023,5761.6,39.99333333333333,9.943333333333333,24.96833333333333,48.876666666666665,22.05,20,0.4602,0.031391666666666665,-0.013104,0.5592,0.3612,0.0043,0.5673,0.5433,1.0,0.2611,wheat
Agra_Uttar_Pradesh,Agra,Uttar Pradesh,27.2,78.0,64,35,116,8.17,46.4,1.83,2023,5761.6,39.99333333333333,9.943333333333333,24.96833333333333,48.876666666666665,22.05,20,0.4602,0.031391666666666665,-0.013104,0.5592,0.3612,0.0043,0.5677,0.4433,1.0,0.2613,wheat
Agra_Uttar_Pradesh,Agra,Uttar Pradesh,27.2,78.0,64,35,116,8.17,46.4,1.83,2023,5761.6,39.99333333333333,9.943333333333333,24.96833333333333,48.876666666666665,22.05,20,0.4602,0.031391666666666665,-0.013104,0.5592,0.3612,0.0043,0.5677,0.4433,1.0,0.2613,wheat
Agra_Uttar_Pradesh,Agra,Uttar Pradesh,27.2,78.0,64,35,116,8.17,46.4,1.83,2023,5761.6,39.99333333333333,9.943333333333333,24.96833333333333,48.876666666666665,22.05,20,0.4602,0.031391666666666665,-0.013104,0.5592,0.3612,0.0043,0.5677,0.4433,1.0,0.2613,wheat
Agra_Uttar_Pradesh,Agra,Uttar Pradesh,27.2,78.0,64,35,116,8.17,46.4,1.83,2023,5761.6,39.99333333333333,9.943333333333333,24.96833333333333,48.876666666666665,22.05,20,0.4602,0.031391666666666665,-0.013104,0.5592,0.3612,0.0043,0.5677,0.4433,1.0,0.2613,wheat
Agra_Uttar_Pradesh,Agra,Uttar Pradesh,27.2,78.0,64,35,116,8.17,46.4,1.83,2023,5761.6,39.99333333333333,9.943333333333333,24.96833333333333,48.876666666666665,22.05,20,0.4602,0.031391666666666665,-0.013104,0.5592,0.3612,0.0043,0.5677,0.4433,1.0,0.2613,wheat
Agra_Uttar_Pradesh,Agra,Uttar Pradesh,27.2,78.0,64,37,112,8.11,41.0,1.81,2023,5761.6,39.99333333333333,9.943333333333333,24.96833333333333,48.876666666666665,22.05,20,0.4602,0.031391666666666665,-0.013104,0.5592,0.3612,0.0043,0.5704,0.4633,1.0,0.2625,wheat
Agra_Uttar_Pradesh,Agra,Uttar Pradesh,27.2,78.0,64,37,112,8.11,41.0,1.81,2023,5761.6,39.99333333333333,9.943333333333333,24.96833333333333,48.876666666666665,22.05,20,0.4602,0.031391666666666665,-0.013104,0.5592,0.3612,0.0043,0.5704,0.4633,1.0,0.2625,wheat
Agra_Uttar_Pradesh,Agra,Uttar Pradesh,27.2,78.0,64,37,112,8.11,41.0,1.81,2023,5761.6,39.99333333333333,9.943333333333333,24.96833333333333,48.876666666666665,22.05,20,0.4602,0.031391666666666665,-0.013104,0.5592,0.3612,0.0043,0.5704,0.4633,1.0,0.2625,wheat
Agra_Uttar_Pradesh,Agra,Uttar Pradesh,27.2,78.0,64,37,112,8.11,41.0,1.81,2023,5761.6,39.99333333333333,9.943333333333333,24.96833333333333,48.876666666666665,22.05,20,0.4602,0.031391666666666665,-0.013104,0.5592,0.3612,0.0043,0.5704,0.4633,1.0,0.2625,wheat
Agra_Uttar_Pradesh,Agra,Uttar Pradesh,27.2,78.0,64,37,112,8.11,41.0,1.81,2023,5761.6,39.99333333333333,9.943333333333333,24.96833333333333,48.876666666666665,22.05,20,0.4602,0.031391666666666665,-0.013104,0.5592,0.3612,0.0043,0.5704,0.4633,1.0,0.2625,wheat
Lucknow_Uttar_Pradesh,Lucknow,Uttar Pradesh,26.8,80.9,78,40,116,7.48,62.7,2.14,2023,7538.8,37.95666666666667,12.129999999999999,25.043333333333333,58.97666666666667,20.038333333333334,20,0.4973,0.0355,-0.013104,0.5963,0.3983,0.0033,0.6965,0.6733,1.0,0.3464,sugarcane
Lucknow_Uttar_Pradesh,Lucknow,Uttar Pradesh,26.8,80.9,78,40,116,7.48,62.7,2.14,2023,7538.8,37.95666666666667,12.129999999999999,25.043333333333333,58.97666666666667,20.038333333333334,20,0.4973,0.0355,-0.013104,0.5963,0.3983,0.0033,0.6965,0.6733,1.0,0.3464,sugarcane
Lucknow_Uttar_Pradesh,Lucknow,Uttar Pradesh,26.8,80.9,78,40,116,7.48,62.7,2.14,2023,7538.8,37.95666666666667,12.129999999999999,25.043333333333333,58.97666666666667,20.038333333333334,20,0.4973,0.0355,-0.013104,0.5963,0.3983,0.0033,0.6965,0.6733,1.0,0.3464,sugarcane
Lucknow_Uttar_Pradesh,Lucknow,Uttar Pradesh,26.8,80.9,78,40,116,7.48,62.7,2.14,2023,7538.8,37.95666666666667,12.129999999999999,25.043333333333333,58.97666666666667,20.038333333333334,20,0.4973,0.0355,-0.013104,0.5963,0.3983,0.0033,0.6965,0.6733,1.0,0.3464,sugarcane
Lucknow_Uttar_Pradesh,Lucknow,Uttar Pradesh,26.8,80.9,78,40,116,7.48,62.7,2.14,2023,7538.8,37.95666666666667,12.129999999999999,25.043333333333333,58.97666666666667,20.038333333333334,20,0.4973,0.0355,-0.013104,0.5963,0.3983,0.0033,0.6965,0.6733,1.0,0.3464,sugarcane
Lucknow_Uttar_Pradesh,Lucknow,Uttar Pradesh,26.8,80.9,83,40,126,7.44,54.1,2.23,2023,7538.8,37.95666666666667,12.129999999999999,25.043333333333333,58.97666666666667,20.038333333333334,20,0.4973,0.0355,-0.013104,0.5963,0.3983,0.0033,0.7607,0.6867,1.0,0.3783,sugarcane
Lucknow_Uttar_Pradesh,Lucknow,Uttar Pradesh,26.8,80.9,83,40,126,7.44,54.1,2.23,2023,7538.8,37.95666666666667,12.129999999999999,25.043333333333333,58.97666666666667,20.038333333333334,20,0.4973,0.0355,-0.013104,0.5963,0.3983,0.0033,0.7607,0.6867,1.0,0.3783,sugarcane
Lucknow_Uttar_Pradesh,Lucknow,Uttar Pradesh,26.8,80.9,83,40,126,7.44,54.1,2.23,2023,7538.8,37.95666666666667,12.129999999999999,25.043333333333333,58.97666666666667,20.038333333333334,20,0.4973,0.0355,-0.013104,0.5963,0.3983,0.0033,0.7607,0.6867,1.0,0.3783,sugarcane
Lucknow_Uttar_Pradesh,Lucknow,Uttar Pradesh,26.8,80.9,83,40,126,7.44,54.1,2.23,2023,7538.8,37.95666666666667,12.129999999999999,25.043333333333333,58.97666666666667,20.038333333333334,20,0.4973,0.0355,-0.013104,0.5963,0.3983,0.0033,0.7607,0.6867,1.0,0.3783,sugarcane
Lucknow_Uttar_Pradesh,Lucknow,Uttar Pradesh,26.8,80.9,83,40,126,7.44,54.1,2.23,2023,7538.8,37.95666666666667,12.129999999999999,25.043333333333333,58.97666666666667,20.038333333333334,20,0.4973,0.0355,-0.013104,0.5963,0.3983,0.0033,0.7607,0.6867,1.0,0.3783,sugarcane
Lucknow_Uttar_Pradesh,Lucknow,Uttar Pradesh,26.8,80.9,74,46,129,7.68,53.9,2.25,2023,7538.8,37.95666666666667,12.129999999999999,25.043333333333333,58.97666666666667,20.038333333333334,20,0.4973,0.0355,-0.013104,0.5963,0.3983,0.0033,0.7584,0.6067,1.0,0.3772,sugarcane
Lucknow_Uttar_Pradesh,Lucknow,Uttar Pradesh,26.8,80.9,74,46,129,7.68,53.9,2.25,2023,7538.8,37.95666666666667,12.129999999999999,25.043333333333333,58.97666666666667,20.038333333333334,20,0.4973,0.0355,-0.013104,0.5963,0.3983,0.0033,0.7584,0.6067,1.0,0.3772,sugarcane
Lucknow_Uttar_Pradesh,Lucknow,Uttar Pradesh,26.8,80.9,74,46,129,7.68,53.9,2.25,2023,7538.8,37.95666666666667,12.129999999999999,25.043333333333333,58.97666666666667,20.038333333333334,20,0.4973,0.0355,-0.013104,0.5963,0.3983,0.0033,0.7584,0.6067,1.0,0.3772,sugarcane
Lucknow_Uttar_Pradesh,Lucknow,Uttar Pradesh,26.8,80.9,74,46,129,7.68,53.9,2.25,2023,7538.8,37.95666666666667,12.129999999999999,25.043333333333333,58.97666666666667,20.038333333333334,20,0.4973,0.0355,-0.013104,0.5963,0.3983,0.0033,0.7584,0.6067,1.0,0.3772,sugarcane
Lucknow_Uttar_Pradesh,Lucknow,Uttar Pradesh,26.8,80.9,74,46,129,7.68,53.9,2.25,2023,7538.8,37.95666666666667,12.129999999999999,25.043333333333333,58.97666666666667,20.038333333333334,20,0.4973,0.0355,-0.013104,0.5963,0.3983,0.0033,0.7584,0.6067,1.0,0.3772,sugarcane
Lucknow_Uttar_Pradesh,Lucknow,Uttar Pradesh,26.8,80.9,77,43,126,7.63,54.3,2.39,2023,7538.8,37.95666666666667,12.129999999999999,25.043333333333333,58.97666666666667,20.038333333333334,20,0.4973,0.0355,-0.013104,0.5963,0.3983,0.0033,0.7451,0.6233,1.0,0.3705,sugarcane
Lucknow_Uttar_Pradesh,Lucknow,Uttar Pradesh,26.8,80.9,77,43,126,7.63,54.3,2.39,2023,7538.8,37.95666666666667,12.129999999999999,25.043333333333333,58.97666666666667,20.038333333333334,20,0.4973,0.0355,-0.013104,0.5963,0.3983,0.0033,0.7451,0.6233,1.0,0.3705,sugarcane
Lucknow_Uttar_Pradesh,Lucknow,Uttar Pradesh,26.8,80.9,77,43,126,7.63,54.3,2.39,2023,7538.8,37.95666666666667,12.129999999999999,25.043333333333333,58.97666666666667,20.038333333333334,20,0.4973,0.0355,-0.013104,0.5963,0.3983,0.0033,0.7451,0.6233,1.0,0.3705,sugarcane
Lucknow_Uttar_Pradesh,Lucknow,Uttar Pradesh,26.8,80.9,77,43,126,7.63,54.3,2.39,2023,7538.8,37.95666666666667,12.129999999999999,25.043333333333333,58.97666666666667,20.038333333333334,20,0.4973,0.0355,-0.013104,0.5963,0.3983,0.0033,0.7451,0.6233,1.0,0.3705,sugarcane
Lucknow_Uttar_Pradesh,Lucknow,Uttar Pradesh,26.8,80.9,77,43,126,7.63,54.3,2.39,2023,7538.8,37.95666666666667,12.129999999999999,25.043333333333333,58.97666666666667,20.038333333333334,20,0.4973,0.0355,-0.013104,0.5963,0.3983,0.0033,0.7451,0.6233,1.0,0.3705,sugarcane
Lucknow_Uttar_Pradesh,Lucknow,Uttar Pradesh,26.8,80.9,84,39,122,7.56,54.7,2.08,2023,7538.8,37.95666666666667,12.129999999999999,25.043333333333333,58.97666666666667,20.038333333333334,20,0.4973,0.0355,-0.013104,0.5963,0.3983,0.0033,0.7467,0.6467,1.0,0.3713,sugarcane
Lucknow_Uttar_Pradesh,Lucknow,Uttar Pradesh,26.8,80.9,84,39,122,7.56,54.7,2.08,2023,7538.8,37.95666666666667,12.129999999999999,25.043333333333333,58.97666666666667,20.038333333333334,20,0.4973,0.0355,-0.013104,0.5963,0.3983,0.0033,0.7467,0.6467,1.0,0.3713,sugarcane
Lucknow_Uttar_Pradesh,Lucknow,Uttar Pradesh,26.8,80.9,84,39,122,7.56,54.7,2.08,2023,7538.8,37.95666666666667,12.129999999999999,25.043333333333333,58.97666666666667,20.038333333333334,20,0.4973,0.0355,-0.013104,0.5963,0.3983,0.0033,0.7467,0.6467,1.0,0.3713,sugarcane
Lucknow_Uttar_Pradesh,Lucknow,Uttar Pradesh,26.8,80.9,84,39,122,7.56,54.7,2.08,2023,7538.8,37.95666666666667,12.129999999999999,25.043333333333333,58.97666666666667,20.038333333333334,20,0.4973,0.0355,-0.013104,0.5963,0.3983,0.0033,0.7467,0.6467,1.0,0.3713,sugarcane
Lucknow_Uttar_Pradesh,Lucknow,Uttar Pradesh,26.8,80.9,84,39,122,7.56,54.7,2.08,2023,7538.8,37.95666666666667,12.129999999999999,25.043333333333333,58.97666666666667,20.038333333333334,20,0.4973,0.0355,-0.013104,0.5963,0.3983,0.0033,0.7467,0.6467,1.0,0.3713,sugarcane
Meerut_Uttar_Pradesh,Meerut,Uttar Pradesh,29.0,77.7,82,49,116,7.86,64.1,2.38,2023,6435.3,38.23166666666667,10.141666666666667,24.186666666666667,57.72166666666667,19.675,20,0.3327,0.025708333333333333,-0.013104,0.4317,0.2337,0.0038,0.7916,0.5467,1.0,0.2634,sugarcane
Meerut_Uttar_Pradesh,Meerut,Uttar Pradesh,29.0,77.7,82,49,116,7.86,64.1,2.38,2023,6435.3,38.23166666666667,10.141666666666667,24.186666666666667,57.72166666666667,19.675,20,0.3327,0.025708333333333333,-0.013104,0.4317,0.2337,0.0038,0.7916,0.5467,1.0,0.2634,sugarcane
Meerut_Uttar_Pradesh,Meerut,Uttar Pradesh,29.0,77.7,82,49,116,7.86,64.1,2.38,2023,6435.3,38.23166666666667,10.141666666666667,24.186666666666667,57.72166666666667,19.675,20,0.3327,0.025708333333333333,-0.013104,0.4317,0.2337,0.0038,0.7916,0.5467,1.0,0.2634,sugarcane
Meerut_Uttar_Pradesh,Meerut,Uttar Pradesh,29.0,77.7,82,49,116,7.86,64.1,2.38,2023,6435.3,38.23166666666667,10.141666666666667,24.186666666666667,57.72166666666667,19.675,20,0.3327,0.025708333333333333,-0.013104,0.4317,0.2337,0.0038,0.7916,0.5467,1.0,0.2634,sugarcane
Meerut_Uttar_Pradesh,Meerut,Uttar Pradesh,29.0,77.7,82,49,116,7.86,64.1,2.38,2023,6435.3,38.23166666666667,10.141666666666667,24.186666666666667,57.72166666666667,19.675,20,0.3327,0.025708333333333333,-0.013104,0.4317,0.2337,0.0038,0.7916,0.5467,1.0,0.2634,sugarcane
Meerut_Uttar_Pradesh,Meerut,Uttar Pradesh,29.0,77.7,84,47,131,7.67,60.6,2.12,2023,6435.3,38.23166666666667,10.141666666666667,24.186666666666667,57.72166666666667,19.675,20,0.3327,0.025708333333333333,-0.013104,0.4317,0.2337,0.0038,0.837,0.61,1.0,0.2785,sugarcane
Meerut_Uttar_Pradesh,Meerut,Uttar Pradesh,29.0,77.7,84,47,131,7.67,60.6,2.12,2023,6435.3,38.23166666666667,10.141666666666667,24.186666666666667,57.72166666666667,19.675,20,0.3327,0.025708333333333333,-0.013104,0.4317,0.2337,0.0038,0.837,0.61,1.0,0.2785,sugarcane
Meerut_Uttar_Pradesh,Meerut,Uttar Pradesh,29.0,77.7,84,47,131,7.67,60.6,2.12,2023,6435.3,38.23166666666667,10.141666666666667,24.186666666666667,57.72166666666667,19.675,20,0.3327,0.025708333333333333,-0.013104,0.4317,0.2337,0.0038,0.837,0.61,1.0,0.2785,sugarcane
Meerut_Uttar_Pradesh,Meerut,Uttar Pradesh,29.0,77.7,84,47,131,7.67,60.6,2.12,2023,6435.3,38.23166666666667,10.141666666666667,24.186666666666667,57.72166666666667,19.675,20,0.3327,0.025708333333333333,-0.013104,0.4317,0.2337,0.0038,0.837,0.61,1.0,0.2785,sugarcane
Meerut_Uttar_Pradesh,Meerut,Uttar Pradesh,29.0,77.7,84,47,131,7.67,60.6,2.12,2023,6435.3,38.23166666666667,10.141666666666667,24.186666666666667,57.72166666666667,19.675,20,0.3327,0.025708333333333333,-0.013104,0.4317,0.2337,0.0038,0.837,0.61,1.0,0.2785,sugarcane
Meerut_Uttar_Pradesh,Meerut,Uttar Pradesh,29.0,77.7,85,45,112,7.86,61.2,2.22,2023,6435.3,38.23166666666667,10.141666666666667,24.186666666666667,57.72166666666667,19.675,20,0.3327,0.025708333333333333,-0.013104,0.4317,0.2337,0.0038,0.7674,0.5467,1.0,0.2553,sugarcane
Meerut_Uttar_Pradesh,Meerut,Uttar Pradesh,29.0,77.7,85,45,112,7.86,61.2,2.22,2023,6435.3,38.23166666666667,10.141666666666667,24.186666666666667,57.72166666666667,19.675,20,0.3327,0.025708333333333333,-0.013104,0.4317,0.2337,0.0038,0.7674,0.5467,1.0,0.2553,sugarcane
Meerut_Uttar_Pradesh,Meerut,Uttar Pradesh,29.0,77.7,85,45,112,7.86,61.2,2.22,2023,6435.3,38.23166666666667,10.141666666666667,24.186666666666667,57.72166666666667,19.675,20,0.3327,0.025708333333333333,-0.013104,0.4317,0.2337,0.0038,0.7674,0.5467,1.0,0.2553,sugarcane
Meerut_Uttar_Pradesh,Meerut,Uttar Pradesh,29.0,77.7,85,45,112,7.86,61.2,2.22,2023,6435.3,38.23166666666667,10.141666666666667,24.186666666666667,57.72166666666667,19.675,20,0.3327,0.025708333333333333,-0.013104,0.4317,0.2337,0.0038,0.7674,0.5467,1.0,0.2553,sugarcane
Meerut_Uttar_Pradesh,Meerut,Uttar Pradesh,29.0,77.7,85,45,112,7.86,61.2,2.22,2023,6435.3,38.23166666666667,10.141666666666667,24.186666666666667,57.72166666666667,19.675,20,0.3327,0.025708333333333333,-0.013104,0.4317,0.2337,0.0038,0.7674,0.5467,1.0,0.2553,sugarcane
Meerut_Uttar_Pradesh,Meerut,Uttar Pradesh,29.0,77.7,89,45,123,7.62,59.2,2.38,2023,6435.3,38.23166666666667,10.141666666666667,24.186666666666667,57.72166666666667,19.675,20,0.3327,0.025708333333333333,-0.013104,0.4317,0.2337,0.0038,0.8283,0.6267,1.0,0.2756,sugarcane
Meerut_Uttar_Pradesh,Meerut,Uttar Pradesh,29.0,77.7,89,45,123,7.62,59.2,2.38,2023,6435.3,38.23166666666667,10.141666666666667,24.186666666666667,57.72166666666667,19.675,20,0.3327,0.025708333333333333,-0.013104,0.4317,0.2337,0.0038,0.8283,0.6267,1.0,0.2756,sugarcane
Meerut_Uttar_Pradesh,Meerut,Uttar Pradesh,29.0,77.7,89,45,123,7.62,59.2,2.38,2023,6435.3,38.23166666666667,10.141666666666667,24.186666666666667,57.72166666666667,19.675,20,0.3327,0.025708333333333333,-0.013104,0.4317,0.2337,0.0038,0.8283,0.6267,1.0,0.2756,sugarcane
Meerut_Uttar_Pradesh,Meerut,Uttar Pradesh,29.0,77.7,89,45,123,7.62,59.2,2.38,2023,6435.3,38.23166666666667,10.141666666666667,24.186666666666667,57.72166666666667,19.675,20,0.3327,0.025708333333333333,-0.013104,0.4317,0.2337,0.0038,0.8283,0.6267,1.0,0.2756,sugarcane
Meerut_Uttar_Pradesh,Meerut,Uttar Pradesh,29.0,77.7,89,45,123,7.62,59.2,2.38,2023,6435.3,38.23166666666667,10.141666666666667,24.186666666666667,57.72166666666667,19.675,20,0.3327,0.025708333333333333,-0.013104,0.4317,0.2337,0.0038,0.8283,0.6267,1.0,0.2756,sugarcane
Meerut_Uttar_Pradesh,Meerut,Uttar Pradesh,29.0,77.7,75,47,112,7.77,57.6,2.29,2023,6435.3,38.23166666666667,10.141666666666667,24.186666666666667,57.72166666666667,19.675,20,0.3327,0.025708333333333333,-0.013104,0.4317,0.2337,0.0038,0.7183,0.5767,1.0,0.239,sugarcane
Meerut_Uttar_Pradesh,Meerut,Uttar Pradesh,29.0,77.7,75,47,112,7.77,57.6,2.29,2023,6435.3,38.23166666666667,10.141666666666667,24.186666666666667,57.72166666666667,19.675,20,0.3327,0.025708333333333333,-0.013104,0.4317,0.2337,0.0038,0.7183,0.5767,1.0,0.239,sugarcane
Meerut_Uttar_Pradesh,Meerut,Uttar Pradesh,29.0,77.7,75,47,112,7.77,57.6,2.29,2023,6435.3,38.23166666666667,10.141666666666667,24.186666666666667,57.72166666666667,19.675,20,0.3327,0.025708333333333333,-0.013104,0.4317,0.2337,0.0038,0.7183,0.5767,1.0,0.239,sugarcane
Meerut_Uttar_Pradesh,Meerut,Uttar Pradesh,29.0,77.7,75,47,112,7.77,57.6,2.29,2023,6435.3,38.23166666666667,10.141666666666667,24.186666666666667,57.72166666666667,19.675,20,0.3327,0.025708333333333333,-0.013104,0.4317,0.2337,0.0038,0.7183,0.5767,1.0,0.239,sugarcane
Meerut_Uttar_Pradesh,Meerut,Uttar Pradesh,29.0,77.7,75,47,112,7.77,57.6,2.29,2023,6435.3,38.23166666666667,10.141666666666667,24.186666666666667,57.72166666666667,19.675,20,0.3327,0.025708333333333333,-0.013104,0.4317,0.2337,0.0038,0.7183,0.5767,1.0,0.239,sugarcane
Gorakhpur_Uttar_Pradesh,Gorakhpur,Uttar Pradesh,26.7,83.4,79,44,102,7.35,66.1,2.29,2023,8418.4,35.95333333333333,13.761666666666667,24.8575,63.848333333333336,18.715,20,0.48444166666666666,0.023733333333333332,-0.013095,0.5834,0.3855,0.003,0.6891,0.7167,1.0,0.3338,rice
Gorakhpur_Uttar_Pradesh,Gorakhpur,Uttar Pradesh,26.7,83.4,79,44,102,7.35,66.1,2.29,2023,8418.4,35.95333333333333,13.761666666666667,24.8575,63.848333333333336,18.715,20,0.48444166666666666,0.023733333333333332,-0.013095,0.5834,0.3855,0.003,0.6891,0.7167,1.0,0.3338,rice
Gorakhpur_Uttar_Pradesh,Gorakhpur,Uttar Pradesh,26.7,83.4,79,44,102,7.35,66.1,2.29,2023,8418.4,35.95333333333333,13.761666666666667,24.8575,63.848333333333336,18.715,20,0.48444166666666666,0.023733333333333332,-0.013095,0.5834,0.3855,0.003,0.6891,0.7167,1.0,0.3338,rice
Gorakhpur_Uttar_Pradesh,Gorakhpur,Uttar Pradesh,26.7,83.4,79,44,102,7.35,66.1,2.29,2023,8418.4,35.95333333333333,13.761666666666667,24.8575,63.848333333333336,18.715,20,0.48444166666666666,0.023733333333333332,-0.013095,0.5834,0.3855,0.003,0.6891,0.7167,1.0,0.3338,rice
Gorakhpur_Uttar_Pradesh,Gorakhpur,Uttar Pradesh,26.7,83.4,79,44,102,7.35,66.1,2.29,2023,8418.4,35.95333333333333,13.761666666666667,24.8575,63.848333333333336,18.715,20,0.48444166666666666,0.023733333333333332,-0.013095,0.5834,0.3855,0.003,0.6891,0.7167,1.0,0.3338,rice
Gorakhpur_Uttar_Pradesh,Gorakhpur,Uttar Pradesh,26.7,83.4,72,43,118,7.55,66.3,2.03,2023,8418.4,35.95333333333333,13.761666666666667,24.8575,63.848333333333336,18.715,20,0.48444166666666666,0.023733333333333332,-0.013095,0.5834,0.3855,0.003,0.6873,0.65,1.0,0.333,rice
Gorakhpur_Uttar_Pradesh,Gorakhpur,Uttar Pradesh,26.7,83.4,72,43,118,7.55,66.3,2.03,2023,8418.4,35.95333333333333,13.761666666666667,24.8575,63.848333333333336,18.715,20,0.48444166666666666,0.023733333333333332,-0.013095,0.5834,0.3855,0.003,0.6873,0.65,1.0,0.333,rice
Gorakhpur_Uttar_Pradesh,Gorakhpur,Uttar Pradesh,26.7,83.4,72,43,118,7.55,66.3,2.03,2023,8418.4,35.95333333333333,13.761666666666667,24.8575,63.848333333333336,18.715,20,0.48444166666666666,0.023733333333333332,-0.013095,0.5834,0.3855,0.003,0.6873,0.65,1.0,0.333,rice
Gorakhpur_Uttar_Pradesh,Gorakhpur,Uttar Pradesh,26.7,83.4,72,43,118,7.55,66.3,2.03,2023,8418.4,35.95333333333333,13.761666666666667,24.8575,63.848333333333336,18.715,20,0.48444166666666666,0.023733333333333332,-0.013095,0.5834,0.3855,0.003,0.6873,0.65,1.0,0.333,rice
Gorakhpur_Uttar_Pradesh,Gorakhpur,Uttar Pradesh,26.7,83.4,72,43,118,7.55,66.3,2.03,2023,8418.4,35.95333333333333,13.761666666666667,24.8575,63.848333333333336,18.715,20,0.48444166666666666,0.023733333333333332,-0.013095,0.5834,0.3855,0.003,0.6873,0.65,1.0,0.333,rice
Gorakhpur_Uttar_Pradesh,Gorakhpur,Uttar Pradesh,26.7,83.4,68,42,121,7.21,61.1,1.98,2023,8418.4,35.95333333333333,13.761666666666667,24.8575,63.848333333333336,18.715,20,0.48444166666666666,0.023733333333333332,-0.013095,0.5834,0.3855,0.003,0.6634,0.7633,1.0,0.3214,rice
Gorakhpur_Uttar_Pradesh,Gorakhpur,Uttar Pradesh,26.7,83.4,68,42,121,7.21,61.1,1.98,2023,8418.4,35.95333333333333,13.761666666666667,24.8575,63.848333333333336,18.715,20,0.48444166666666666,0.023733333333333332,-0.013095,0.5834,0.3855,0.003,0.6634,0.7633,1.0,0.3214,rice
Gorakhpur_Uttar_Pradesh,Gorakhpur,Uttar Pradesh,26.7,83.4,68,42,121,7.21,61.1,1.98,2023,8418.4,35.95333333333333,13.761666666666667,24.8575,63.848333333333336,18.715,20,0.48444166666666666,0.023733333333333332,-0.013095,0.5834,0.3855,0.003,0.6634,0.7633,1.0,0.3214,rice
Gorakhpur_Uttar_Pradesh,Gorakhpur,Uttar Pradesh,26.7,83.4,68,42,121,7.21,61.1,1.98,2023,8418.4,35.95333333333333,13.761666666666667,24.8575,63.848333333333336,18.715,20,0.48444166666666666,0.023733333333333332,-0.013095,0.5834,0.3855,0.003,0.6634,0.7633,1.0,0.3214,rice
Gorakhpur_Uttar_Pradesh,Gorakhpur,Uttar Pradesh,26.7,83.4,68,42,121,7.21,61.1,1.98,2023,8418.4,35.95333333333333,13.761666666666667,24.8575,63.848333333333336,18.715,20,0.48444166666666666,0.023733333333333332,-0.013095,0.5834,0.3855,0.003,0.6634,0.7633,1.0,0.3214,rice
Gorakhpur_Uttar_Pradesh,Gorakhpur,Uttar Pradesh,26.7,83.4,79,44,114,7.54,60.1,2.06,2023,8418.4,35.95333333333333,13.761666666666667,24.8575,63.848333333333336,18.715,20,0.48444166666666666,0.023733333333333332,-0.013095,0.5834,0.3855,0.003,0.7274,0.6533,1.0,0.3524,rice
Gorakhpur_Uttar_Pradesh,Gorakhpur,Uttar Pradesh,26.7,83.4,79,44,114,7.54,60.1,2.06,2023,8418.4,35.95333333333333,13.761666666666667,24.8575,63.848333333333336,18.715,20,0.48444166666666666,0.023733333333333332,-0.013095,0.5834,0.3855,0.003,0.7274,0.6533,1.0,0.3524,rice
Gorakhpur_Uttar_Pradesh,Gorakhpur,Uttar Pradesh,26.7,83.4,79,44,114,7.54,60.1,2.06,2023,8418.4,35.95333333333333,13.761666666666667,24.8575,63.848333333333336,18.715,20,0.48444166666666666,0.023733333333333332,-0.013095,0.5834,0.3855,0.003,0.7274,0.6533,1.0,0.3524,rice
Gorakhpur_Uttar_Pradesh,Gorakhpur,Uttar Pradesh,26.7,83.4,79,44,114,7.54,60.1,2.06,2023,8418.4,35.95333333333333,13.761666666666667,24.8575,63.848333333333336,18.715,20,0.48444166666666666,0.023733333333333332,-0.013095,0.5834,0.3855,0.003,0.7274,0.6533,1.0,0.3524,rice
Gorakhpur_Uttar_Pradesh,Gorakhpur,Uttar Pradesh,26.7,83.4,79,44,114,7.54,60.1,2.06,2023,8418.4,35.95333333333333,13.761666666666667,24.8575,63.848333333333336,18.715,20,0.48444166666666666,0.023733333333333332,-0.013095,0.5834,0.3855,0.003,0.7274,0.6533,1.0,0.3524,rice
Gorakhpur_Uttar_Pradesh,Gorakhpur,Uttar Pradesh,26.7,83.4,80,38,106,7.48,59.1,1.93,2023,8418.4,35.95333333333333,13.761666666666667,24.8575,63.848333333333336,18.715,20,0.48444166666666666,0.023733333333333332,-0.013095,0.5834,0.3855,0.003,0.6621,0.6733,1.0,0.3207,rice
Gorakhpur_Uttar_Pradesh,Gorakhpur,Uttar Pradesh,26.7,83.4,80,38,106,7.48,59.1,1.93,2023,8418.4,35.95333333333333,13.761666666666667,24.8575,63.848333333333336,18.715,20,0.48444166666666666,0.023733333333333332,-0.013095,0.5834,0.3855,0.003,0.6621,0.6733,1.0,0.3207,rice
Gorakhpur_Uttar_Pradesh,Gorakhpur,Uttar Pradesh,26.7,83.4,80,38,106,7.48,59.1,1.93,2023,8418.4,35.95333333333333,13.761666666666667,24.8575,63.848333333333336,18.715,20,0.48444166666666666,0.023733333333333332,-0.013095,0.5834,0.3855,0.003,0.6621,0.6733,1.0,0.3207,rice
Gorakhpur_Uttar_Pradesh,Gorakhpur,Uttar Pradesh,26.7,83.4,80,38,106,7.48,59.1,1.93,2023,8418.4,35.95333333333333,13.761666666666667,24.8575,63.848333333333336,18.715,20,0.48444166666666666,0.023733333333333332,-0.013095,0.5834,0.3855,0.003,0.6621,0.6733,1.0,0.3207,rice
Gorakhpur_Uttar_Pradesh,Gorakhpur,Uttar Pradesh,26.7,83.4,80,38,106,7.48,59.1,1.93,2023,8418.4,35.95333333333333,13.761666666666667,24.8575,63.848333333333336,18.715,20,0.48444166666666666,0.023733333333333332,-0.013095,0.5834,0.3855,0.003,0.6621,0.6733,1.0,0.3207,rice
Indore_Madhya_Pradesh,Indore,Madhya Pradesh,22.7,75.9,64,38,113,7.48,47.4,1.96,2023,7349.2,36.79,17.955,27.3725,59.861666666666665,20.903333333333332,20,0.348925,0.023175,-0.013098,0.4479,0.2499,0.0037,0.5812,0.6733,1.0,0.2028,soybean
Indore_Madhya_Pradesh,Indore,Madhya Pradesh,22.7,75.9,64,38,113,7.48,47.4,1.96,2023,7349.2,36.79,17.955,27.3725,59.861666666666665,20.903333333333332,20,0.348925,0.023175,-0.013098,0.4479,0.2499,0.0037,0.5812,0.6733,1.0,0.2028,soybean
Indore_Madhya_Pradesh,Indore,Madhya Pradesh,22.7,75.9,64,38,113,7.48,47.4,1.96,2023,7349.2,36.79,17.955,27.3725,59.861666666666665,20.903333333333332,20,0.348925,0.023175,-0.013098,0.4479,0.2499,0.0037,0.5812,0.6733,1.0,0.2028,soybean
Indore_Madhya_Pradesh,Indore,Madhya Pradesh,22.7,75.9,64,38,113,7.48,47.4,1.96,2023,7349.2,36.79,17.955,27.3725,59.861666666666665,20.903333333333332,20,0.348925,0.023175,-0.013098,0.4479,0.2499,0.0037,0.5812,0.6733,1.0,0.2028,soybean
Indore_Madhya_Pradesh,Indore,Madhya Pradesh,22.7,75.9,64,38,113,7.48,47.4,1.96,2023,7349.2,36.79,17.955,27.3725,59.861666666666665,20.903333333333332,20,0.348925,0.023175,-0.013098,0.4479,0.2499,0.0037,0.5812,0.6733,1.0,0.2028,soybean
Indore_Madhya_Pradesh,Indore,Madhya Pradesh,22.7,75.9,68,39,111,7.19,47.6,2.08,2023,7349.2,36.79,17.955,27.3725,59.861666666666665,20.903333333333332,20,0.348925,0.023175,-0.013098,0.4479,0.2499,0.0037,0.6084,0.77,1.0,0.2123,soybean
Indore_Madhya_Pradesh,Indore,Madhya Pradesh,22.7,75.9,68,39,111,7.19,47.6,2.08,2023,7349.2,36.79,17.955,27.3725,59.861666666666665,20.903333333333332,20,0.348925,0.023175,-0.013098,0.4479,0.2499,0.0037,0.6084,0.77,1.0,0.2123,soybean
Indore_Madhya_Pradesh,Indore,Madhya Pradesh,22.7,75.9,68,39,111,7.19,47.6,2.08,2023,7349.2,36.79,17.955,27.3725,59.861666666666665,20.903333333333332,20,0.348925,0.023175,-0.013098,0.4479,0.2499,0.0037,0.6084,0.77,1.0,0.2123,soybean
Indore_Madhya_Pradesh,Indore,Madhya Pradesh,22.7,75.9,68,39,111,7.19,47.6,2.08,2023,7349.2,36.79,17.955,27.3725,59.861666666666665,20.903333333333332,20,0.348925,0.023175,-0.013098,0.4479,0.2499,0.0037,0.6084,0.77,1.0,0.2123,soybean
Indore_Madhya_Pradesh,Indore,Madhya Pradesh,22.7,75.9,68,39,111,7.19,47.6,2.08,2023,7349.2,36.79,17.955,27.3725,59.861666666666665,20.903333333333332,20,0.348925,0.023175,-0.013098,0.4479,0.2499,0.0037,0.6084,0.77,1.0,0.2123,soybean
Indore_Madhya_Pradesh,Indore,Madhya Pradesh,22.7,75.9,76,38,110,7.3,46.8,1.77,2023,7349.2,36.79,17.955,27.3725,59.861666666666665,20.903333333333332,20,0.348925,0.023175,-0.013098,0.4479,0.2499,0.0037,0.6491,0.7333,1.0,0.2265,soybean
Indore_Madhya_Pradesh,Indore,Madhya Pradesh,22.7,75.9,76,38,110,7.3,46.8,1.77,2023,7349.2,36.79,17.955,27.3725,59.861666666666665,20.903333333333332,20,0.348925,0.023175,-0.013098,0.4479,0.2499,0.0037,0.6491,0.7333,1.0,0.2265,soybean
Indore_Madhya_Pradesh,Indore,Madhya Pradesh,22.7,75.9,76,38,110,7.3,46.8,1.77,2023,7349.2,36.79,17.955,27.3725,59.861666666666665,20.903333333333332,20,0.348925,0.023175,-0.013098,0.4479,0.2499,0.0037,0.6491,0.7333,1.0,0.2265,soybean
Indore_Madhya_Pradesh,Indore,Madhya Pradesh,22.7,75.9,76,38,110,7.3,46.8,1.77,2023,7349.2,36.79,17.955,27.3725,59.861666666666665,20.903333333333332,20,0.348925,0.023175,-0.013098,0.4479,0.2499,0.0037,0.6491,0.7333,1.0,0.2265,soybean
Indore_Madhya_Pradesh,Indore,Madhya Pradesh,22.7,75.9,76,38,110,7.3,46.8,1.77,2023,7349.2,36.79,17.955,27.3725,59.861666666666665,20.903333333333332,20,0.348925,0.023175,-0.013098,0.4479,0.2499,0.0037,0.6491,0.7333,1.0,0.2265,soybean
Indore_Madhya_Pradesh,Indore,Madhya Pradesh,22.7,75.9,65,34,112,7.14,44.4,2.04,2023,7349.2,36.79,17.955,27.3725,59.861666666666665,20.903333333333332,20,0.348925,0.023175,-0.013098,0.4479,0.2499,0.0037,0.5537,0.7867,1.0,0.1932,soybean
Indore_Madhya_Pradesh,Indore,Madhya Pradesh,22.7,75.9,65,34,112,7.14,44.4,2.04,2023,7349.2,36.79,17.955,27.3725,59.861666666666665,20.903333333333332,20,0.348925,0.023175,-0.013098,0.4479,0.2499,0.0037,0.5537,0.7867,1.0,0.1932,soybean
Indore_Madhya_Pradesh,Indore,Madhya Pradesh,22.7,75.9,65,34,112,7.14,44.4,2.04,2023,7349.2,36.79,17.955,27.3725,59.861666666666665,20.903333333333332,20,0.348925,0.023175,-0.013098,0.4479,0.2499,0.0037,0.5537,0.7867,1.0,0.1932,soybean
Indore_Madhya_Pradesh,Indore,Madhya Pradesh,22.7,75.9,65,34,112,7.14,44.4,2.04,2023,7349.2,36.79,17.955,27.3725,59.861666666666665,20.903333333333332,20,0.348925,0.023175,-0.013098,0.4479,0.2499,0.0037,0.5537,0.7867,1.0,0.1932,soybean
Indore_Madhya_Pradesh,Indore,Madhya Pradesh,22.7,75.9,65,34,112,7.14,44.4,2.04,2023,7349.2,36.79,17.955,27.3725,59.861666666666665,20.903333333333332,20,0.348925,0.023175,-0.013098,0.4479,0.2499,0.0037,0.5537,0.7867,1.0,0.1932,soybean
Indore_Madhya_Pradesh,Indore,Madhya Pradesh,22.7,75.9,76,34,114,7.4,52.8,1.94,2023,7349.2,36.79,17.955,27.3725,59.861666666666665,20.903333333333332,20,0.348925,0.023175,-0.013098,0.4479,0.2499,0.0037,0.6311,0.7,1.0,0.2202,soybean
Indore_Madhya_Pradesh,Indore,Madhya Pradesh,22.7,75.9,76,34,114,7.4,52.8,1.94,2023,7349.2,36.79,17.955,27.3725,59.861666666666665,20.903333333333332,20,0.348925,0.023175,-0.013098,0.4479,0.2499,0.0037,0.6311,0.7,1.0,0.2202,soybean
Indore_Madhya_Pradesh,Indore,Madhya Pradesh,22.7,75.9,76,34,114,7.4,52.8,1.94,2023,7349.2,36.79,17.955,27.3725,59.861666666666665,20.903333333333332,20,0.348925,0.023175,-0.013098,0.4479,0.2499,0.0037,0.6311,0.7,1.0,0.2202,soybean
Indore_Madhya_Pradesh,Indore,Madhya Pradesh,22.7,75.9,76,34,114,7.4,52.8,1.94,2023,7349.2,36.79,17.955,27.3725,59.861666666666665,20.903333333333332,20,0.348925,0.023175,-0.013098,0.4479,0.2499,0.0037,0.6311,0.7,1.0,0.2202,soybean
Indore_Madhya_Pradesh,Indore,Madhya Pradesh,22.7,75.9,76,34,114,7.4,52.8,1.94,2023,7349.2,36.79,17.955,27.3725,59.861666666666665,20.903333333333332,20,0.348925,0.023175,-0.013098,0.4479,0.2499,0.0037,0.6311,0.7,1.0,0.2202,soybean
Bhopal_Madhya_Pradesh,Bhopal,Madhya Pradesh,23.3,77.4,65,36,100,7.29,43.0,1.96,2023,8960.2,36.25,17.87,27.06,62.19166666666667,20.76833333333333,20,0.6771166666666667,0.026166666666666668,-0.013099,0.7761,0.5781,0.003,0.5308,0.7367,1.0,0.3594,soybean
Bhopal_Madhya_Pradesh,Bhopal,Madhya Pradesh,23.3,77.4,65,36,100,7.29,43.0,1.96,2023,8960.2,36.25,17.87,27.06,62.19166666666667,20.76833333333333,20,0.6771166666666667,0.026166666666666668,-0.013099,0.7761,0.5781,0.003,0.5308,0.7367,1.0,0.3594,soybean
Bhopal_Madhya_Pradesh,Bhopal,Madhya Pradesh,23.3,77.4,65,36,100,7.29,43.0,1.96,2023,8960.2,36.25,17.87,27.06,62.19166666666667,20.76833333333333,20,0.6771166666666667,0.026166666666666668,-0.013099,0.7761,0.5781,0.003,0.5308,0.7367,1.0,0.3594,soybean
Bhopal_Madhya_Pradesh,Bhopal,Madhya Pradesh,23.3,77.4,65,36,100,7.29,43.0,1.96,2023,8960.2,36.25,17.87,27.06,62.19166666666667,20.76833333333333,20,0.6771166666666667,0.026166666666666668,-0.013099,0.7761,0.5781,0.003,0.5308,0.7367,1.0,0.3594,soybean
Bhopal_Madhya_Pradesh,Bhopal,Madhya Pradesh,23.3,77.4,65,36,100,7.29,43.0,1.96,2023,8960.2,36.25,17.87,27.06,62.19166666666667,20.76833333333333,20,0.6771166666666667,0.026166666666666668,-0.013099,0.7761,0.5781,0.003,0.5308,0.7367,1.0,0.3594,soybean
Bhopal_Madhya_Pradesh,Bhopal,Madhya Pradesh,23.3,77.4,75,33,90,7.51,50.6,1.88,2023,8960.2,36.25,17.87,27.06,62.19166666666667,20.76833333333333,20,0.6771166666666667,0.026166666666666668,-0.013099,0.7761,0.5781,0.003,0.5403,0.6633,1.0,0.3658,soybean
Bhopal_Madhya_Pradesh,Bhopal,Madhya Pradesh,23.3,77.4,75,33,90,7.51,50.6,1.88,2023,8960.2,36.25,17.87,27.06,62.19166666666667,20.76833333333333,20,0.6771166666666667,0.026166666666666668,-0.013099,0.7761,0.5781,0.003,0.5403,0.6633,1.0,0.3658,soybean
Bhopal_Madhya_Pradesh,Bhopal,Madhya Pradesh,23.3,77.4,75,33,90,7.51,50.6,1.88,2023,8960.2,36.25,17.87,27.06,62.19166666666667,20.76833333333333,20,0.6771166666666667,0.026166666666666668,-0.013099,0.7761,0.5781,0.003,0.5403,0.6633,1.0,0.3658,soybean
Bhopal_Madhya_Pradesh,Bhopal,Madhya Pradesh,23.3,77.4,75,33,90,7.51,50.6,1.88,2023,8960.2,36.25,17.87,27.06,62.19166666666667,20.76833333333333,20,0.6771166666666667,0.026166666666666668,-0.013099,0.7761,0.5781,0.003,0.5403,0.6633,1.0,0.3658,soybean
Bhopal_Madhya_Pradesh,Bhopal,Madhya Pradesh,23.3,77.4,75,33,90,7.51,50.6,1.88,2023,8960.2,36.25,17.87,27.06,62.19166666666667,20.76833333333333,20,0.6771166666666667,0.026166666666666668,-0.013099,0.7761,0.5781,0.003,0.5403,0.6633,1.0,0.3658,soybean
Bhopal_Madhya_Pradesh,Bhopal,Madhya Pradesh,23.3,77.4,62,31,99,7.37,49.1,1.96,2023,8960.2,36.25,17.87,27.06,62.19166666666667,20.76833333333333,20,0.6771166666666667,0.026166666666666668,-0.013099,0.7761,0.5781,0.003,0.4698,0.71,1.0,0.3181,soybean
Bhopal_Madhya_Pradesh,Bhopal,Madhya Pradesh,23.3,77.4,62,31,99,7.37,49.1,1.96,2023,8960.2,36.25,17.87,27.06,62.19166666666667,20.76833333333333,20,0.6771166666666667,0.026166666666666668,-0.013099,0.7761,0.5781,0.003,0.4698,0.71,1.0,0.3181,soybean
Bhopal_Madhya_Pradesh,Bhopal,Madhya Pradesh,23.3,77.4,62,31,99,7.37,49.1,1.96,2023,8960.2,36.25,17.87,27.06,62.19166666666667,20.76833333333333,20,0.6771166666666667,0.026166666666666668,-0.013099,0.7761,0.5781,0.003,0.4698,0.71,1.0,0.3181,soybean
Bhopal_Madhya_Pradesh,Bhopal,Madhya Pradesh,23.3,77.4,62,31,99,7.37,49.1,1.96,2023,8960.2,36.25,17.87,27.06,62.19166666666667,20.76833333333333,20,0.6771166666666667,0.026166666666666668,-0.013099,0.7761,0.5781,0.003,0.4698,0.71,1.0,0.3181,soybean
Bhopal_Madhya_Pradesh,Bhopal,Madhya Pradesh,23.3,77.4,62,31,99,7.37,49.1,1.96,2023,8960.2,36.25,17.87,27.06,62.19166666666667,20.76833333333333,20,0.6771166666666667,0.026166666666666668,-0.013099,0.7761,0.5781,0.003,0.4698,0.71,1.0,0.3181,soybean
Bhopal_Madhya_Pradesh,Bhopal,Madhya Pradesh,23.3,77.4,65,37,94,7.32,47.4,1.67,2023,8960.2,36.25,17.87,27.06,62.19166666666667,20.76833333333333,20,0.6771166666666667,0.026166666666666668,-0.013099,0.7761,0.5781,0.003,0.5194,0.7267,1.0,0.3517,soybean
Bhopal_Madhya_Pradesh,Bhopal,Madhya Pradesh,23.3,77.4,65,37,94,7.32,47.4,1.67,2023,8960.2,36.25,17.87,27.06,62.19166666666667,20.76833333333333,20,0.6771166666666667,0.026166666666666668,-0.013099,0.7761,0.5781,0.003,0.5194,0.7267,1.0,0.3517,soybean
Bhopal_Madhya_Pradesh,Bhopal,Madhya Pradesh,23.3,77.4,65,37,94,7.32,47.4,1.67,2023,8960.2,36.25,17.87,27.06,62.19166666666667,20.76833333333333,20,0.6771166666666667,0.026166666666666668,-0.013099,0.7761,0.5781,0.003,0.5194,0.7267,1.0,0.3517,soybean
Bhopal_Madhya_Pradesh,Bhopal,Madhya Pradesh,23.3,77.4,65,37,94,7.32,47.4,1.67,2023,8960.2,36.25,17.87,27.06,62.19166666666667,20.76833333333333,20,0.6771166666666667,0.026166666666666668,-0.013099,0.7761,0.5781,0.003,0.5194,0.7267,1.0,0.3517,soybean
Bhopal_Madhya_Pradesh,Bhopal,Madhya Pradesh,23.3,77.4,65,37,94,7.32,47.4,1.67,2023,8960.2,36.25,17.87,27.06,62.19166666666667,20.76833333333333,20,0.6771166666666667,0.026166666666666668,-0.013099,0.7761,0.5781,0.003,0.5194,0.7267,1.0,0.3517,soybean
Bhopal_Madhya_Pradesh,Bhopal,Madhya Pradesh,23.3,77.4,67,36,99,7.42,45.3,1.78,2023,8960.2,36.25,17.87,27.06,62.19166666666667,20.76833333333333,20,0.6771166666666667,0.026166666666666668,-0.013099,0.7761,0.5781,0.003,0.5405,0.6933,1.0,0.366,soybean
Bhopal_Madhya_Pradesh,Bhopal,Madhya Pradesh,23.3,77.4,67,36,99,7.42,45.3,1.78,2023,8960.2,36.25,17.87,27.06,62.19166666666667,20.76833333333333,20,0.6771166666666667,0.026166666666666668,-0.013099,0.7761,0.5781,0.003,0.5405,0.6933,1.0,0.366,soybean
Bhopal_Madhya_Pradesh,Bhopal,Madhya Pradesh,23.3,77.4,67,36,99,7.42,45.3,1.78,2023,8960.2,36.25,17.87,27.06,62.19166666666667,20.76833333333333,20,0.6771166666666667,0.026166666666666668,-0.013099,0.7761,0.5781,0.003,0.5405,0.6933,1.0,0.366,soybean
Bhopal_Madhya_Pradesh,Bhopal,Madhya Pradesh,23.3,77.4,67,36,99,7.42,45.3,1.78,2023,8960.2,36.25,17.87,27.06,62.19166666666667,20.76833333333333,20,0.6771166666666667,0.026166666666666668,-0.013099,0.7761,0.5781,0.003,0.5405,0.6933,1.0,0.366,soybean
Bhopal_Madhya_Pradesh,Bhopal,Madhya Pradesh,23.3,77.4,67,36,99,7.42,45.3,1.78,2023,8960.2,36.25,17.87,27.06,62.19166666666667,20.76833333333333,20,0.6771166666666667,0.026166666666666668,-0.013099,0.7761,0.5781,0.003,0.5405,0.6933,1.0,0.366,soybean
Jabalpur_Madhya_Pradesh,Jabalpur,Madhya Pradesh,23.2,79.9,76,43,104,7.04,56.0,2.02,2023,10746.8,35.85333333333333,17.990000000000002,26.921666666666667,66.27833333333334,20.105,20,0.6547166666666666,0.030924999999999998,-0.013099,0.7537,0.5557,0.0025,0.6684,0.82,1.0,0.4376,wheat
Jabalpur_Madhya_Pradesh,Jabalpur,Madhya Pradesh,23.2,79.9,76,43,104,7.04,56.0,2.02,2023,10746.8,35.85333333333333,17.990000000000002,26.921666666666667,66.27833333333334,20.105,20,0.6547166666666666,0.030924999999999998,-0.013099,0.7537,0.5557,0.0025,0.6684,0.82,1.0,0.4376,wheat
Jabalpur_Madhya_Pradesh,Jabalpur,Madhya Pradesh,23.2,79.9,76,43,104,7.04,56.0,2.02,2023,10746.8,35.85333333333333,17.990000000000002,26.921666666666667,66.27833333333334,20.105,20,0.6547166666666666,0.030924999999999998,-0.013099,0.7537,0.5557,0.0025,0.6684,0.82,1.0,0.4376,wheat
Jabalpur_Madhya_Pradesh,Jabalpur,Madhya Pradesh,23.2,79.9,76,43,104,7.04,56.0,2.02,2023,10746.8,35.85333333333333,17.990000000000002,26.921666666666667,66.27833333333334,20.105,20,0.6547166666666666,0.030924999999999998,-0.013099,0.7537,0.5557,0.0025,0.6684,0.82,1.0,0.4376,wheat
Jabalpur_Madhya_Pradesh,Jabalpur,Madhya Pradesh,23.2,79.9,76,43,104,7.04,56.0,2.02,2023,10746.8,35.85333333333333,17.990000000000002,26.921666666666667,66.27833333333334,20.105,20,0.6547166666666666,0.030924999999999998,-0.013099,0.7537,0.5557,0.0025,0.6684,0.82,1.0,0.4376,wheat
Jabalpur_Madhya_Pradesh,Jabalpur,Madhya Pradesh,23.2,79.9,77,41,103,7.4,50.7,1.98,2023,10746.8,35.85333333333333,17.990000000000002,26.921666666666667,66.27833333333334,20.105,20,0.6547166666666666,0.030924999999999998,-0.013099,0.7537,0.5557,0.0025,0.6563,0.7,1.0,0.4297,wheat
Jabalpur_Madhya_Pradesh,Jabalpur,Madhya Pradesh,23.2,79.9,77,41,103,7.4,50.7,1.98,2023,10746.8,35.85333333333333,17.990000000000002,26.921666666666667,66.27833333333334,20.105,20,0.6547166666666666,0.030924999999999998,-0.013099,0.7537,0.5557,0.0025,0.6563,0.7,1.0,0.4297,wheat
Jabalpur_Madhya_Pradesh,Jabalpur,Madhya Pradesh,23.2,79.9,77,41,103,7.4,50.7,1.98,2023,10746.8,35.85333333333333,17.990000000000002,26.921666666666667,66.27833333333334,20.105,20,0.6547166666666666,0.030924999999999998,-0.013099,0.7537,0.5557,0.0025,0.6563,0.7,1.0,0.4297,wheat
Jabalpur_Madhya_Pradesh,Jabalpur,Madhya Pradesh,23.2,79.9,77,41,103,7.4,50.7,1.98,2023,10746.8,35.85333333333333,17.990000000000002,26.921666666666667,66.27833333333334,20.105,20,0.6547166666666666,0.030924999999999998,-0.013099,0.7537,0.5557,0.0025,0.6563,0.7,1.0,0.4297,wheat
Jabalpur_Madhya_Pradesh,Jabalpur,Madhya Pradesh,23.2,79.9,77,41,103,7.4,50.7,1.98,2023,10746.8,35.85333333333333,17.990000000000002,26.921666666666667,66.27833333333334,20.105,20,0.6547166666666666,0.030924999999999998,-0.013099,0.7537,0.5557,0.0025,0.6563,0.7,1.0,0.4297,wheat
Jabalpur_Madhya_Pradesh,Jabalpur,Madhya Pradesh,23.2,79.9,67,41,113,7.02,52.4,1.83,2023,10746.8,35.85333333333333,17.990000000000002,26.921666666666667,66.27833333333334,20.105,20,0.6547166666666666,0.030924999999999998,-0.013099,0.7537,0.5557,0.0025,0.6237,0.8267,1.0,0.4083,wheat
Jabalpur_Madhya_Pradesh,Jabalpur,Madhya Pradesh,23.2,79.9,67,41,113,7.02,52.4,1.83,2023,10746.8,35.85333333333333,17.990000000000002,26.921666666666667,66.27833333333334,20.105,20,0.6547166666666666,0.030924999999999998,-0.013099,0.7537,0.5557,0.0025,0.6237,0.8267,1.0,0.4083,wheat
Jabalpur_Madhya_Pradesh,Jabalpur,Madhya Pradesh,23.2,79.9,67,41,113,7.02,52.4,1.83,2023,10746.8,35.85333333333333,17.990000000000002,26.921666666666667,66.27833333333334,20.105,20,0.6547166666666666,0.030924999999999998,-0.013099,0.7537,0.5557,0.0025,0.6237,0.8267,1.0,0.4083,wheat
Jabalpur_Madhya_Pradesh,Jabalpur,Madhya Pradesh,23.2,79.9,67,41,113,7.02,52.4,1.83,2023,10746.8,35.85333333333333,17.990000000000002,26.921666666666667,66.27833333333334,20.105,20,0.6547166666666666,0.030924999999999998,-0.013099,0.7537,0.5557,0.0025,0.6237,0.8267,1.0,0.4083,wheat
Jabalpur_Madhya_Pradesh,Jabalpur,Madhya Pradesh,23.2,79.9,67,41,113,7.02,52.4,1.83,2023,10746.8,35.85333333333333,17.990000000000002,26.921666666666667,66.27833333333334,20.105,20,0.6547166666666666,0.030924999999999998,-0.013099,0.7537,0.5557,0.0025,0.6237,0.8267,1.0,0.4083,wheat
Jabalpur_Madhya_Pradesh,Jabalpur,Madhya Pradesh,23.2,79.9,68,40,105,7.1,53.2,1.93,2023,10746.8,35.85333333333333,17.990000000000002,26.921666666666667,66.27833333333334,20.105,20,0.6547166666666666,0.030924999999999998,-0.013099,0.7537,0.5557,0.0025,0.5969,0.8,1.0,0.3908,wheat
Jabalpur_Madhya_Pradesh,Jabalpur,Madhya Pradesh,23.2,79.9,68,40,105,7.1,53.2,1.93,2023,10746.8,35.85333333333333,17.990000000000002,26.921666666666667,66.27833333333334,20.105,20,0.6547166666666666,0.030924999999999998,-0.013099,0.7537,0.5557,0.0025,0.5969,0.8,1.0,0.3908,wheat
Jabalpur_Madhya_Pradesh,Jabalpur,Madhya Pradesh,23.2,79.9,68,40,105,7.1,53.2,1.93,2023,10746.8,35.85333333333333,17.990000000000002,26.921666666666667,66.27833333333334,20.105,20,0.6547166666666666,0.030924999999999998,-0.013099,0.7537,0.5557,0.0025,0.5969,0.8,1.0,0.3908,wheat
Jabalpur_Madhya_Pradesh,Jabalpur,Madhya Pradesh,23.2,79.9,68,40,105,7.1,53.2,1.93,2023,10746.8,35.85333333333333,17.990000000000002,26.921666666666667,66.27833333333334,20.105,20,0.6547166666666666,0.030924999999999998,-0.013099,0.7537,0.5557,0.0025,0.5969,0.8,1.0,0.3908,wheat
Jabalpur_Madhya_Pradesh,Jabalpur,Madhya Pradesh,23.2,79.9,68,40,105,7.1,53.2,1.93,2023,10746.8,35.85333333333333,17.990000000000002,26.921666666666667,66.27833333333334,20.105,20,0.6547166666666666,0.030924999999999998,-0.013099,0.7537,0.5557,0.0025,0.5969,0.8,1.0,0.3908,wheat
Jabalpur_Madhya_Pradesh,Jabalpur,Madhya Pradesh,23.2,79.9,72,42,103,7.15,54.7,2.15,2023,10746.8,35.85333333333333,17.990000000000002,26.921666666666667,66.27833333333334,20.105,20,0.6547166666666666,0.030924999999999998,-0.013099,0.7537,0.5557,0.0025,0.6317,0.7833,1.0,0.4136,wheat
Jabalpur_Madhya_Pradesh,Jabalpur,Madhya Pradesh,23.2,79.9,72,42,103,7.15,54.7,2.15,2023,10746.8,35.85333333333333,17.990000000000002,26.921666666666667,66.27833333333334,20.105,20,0.6547166666666666,0.030924999999999998,-0.013099,0.7537,0.5557,0.0025,0.6317,0.7833,1.0,0.4136,wheat
Jabalpur_Madhya_Pradesh,Jabalpur,Madhya Pradesh,23.2,79.9,72,42,103,7.15,54.7,2.15,2023,10746.8,35.85333333333333,17.990000000000002,26.921666666666667,66.27833333333334,20.105,20,0.6547166666666666,0.030924999999999998,-0.013099,0.7537,0.5557,0.0025,0.6317,0.7833,1.0,0.4136,wheat
Jabalpur_Madhya_Pradesh,Jabalpur,Madhya Pradesh,23.2,79.9,72,42,103,7.15,54.7,2.15,2023,10746.8,35.85333333333333,17.990000000000002,26.921666666666667,66.27833333333334,20.105,20,0.6547166666666666,0.030924999999999998,-0.013099,0.7537,0.5557,0.0025,0.6317,0.7833,1.0,0.4136,wheat
Jabalpur_Madhya_Pradesh,Jabalpur,Madhya Pradesh,23.2,79.9,72,42,103,7.15,54.7,2.15,2023,10746.8,35.85333333333333,17.990000000000002,26.921666666666667,66.27833333333334,20.105,20,0.6547166666666666,0.030924999999999998,-0.013099,0.7537,0.5557,0.0025,0.6317,0.7833,1.0,0.4136,wheat
Gwalior_Madhya_Pradesh,Gwalior,Madhya Pradesh,26.2,78.2,65,38,96,7.8,43.4,1.57,2023,6112.7,39.955000000000005,12.03,25.9925,51.538333333333334,22.06833333333333,20,0.40376666666666666,0.0329,-0.013097,0.5028,0.3048,0.0043,0.5334,0.5667,1.0,0.2154,wheat
Gwalior_Madhya_Pradesh,Gwalior,Madhya Pradesh,26.2,78.2,65,38,96,7.8,43.4,1.57,2023,6112.7,39.955000000000005,12.03,25.9925,51.538333333333334,22.06833333333333,20,0.40376666666666666,0.0329,-0.013097,0.5028,0.3048,0.0043,0.5334,0.5667,1.0,0.2154,wheat
Gwalior_Madhya_Pradesh,Gwalior,Madhya Pradesh,26.2,78.2,65,38,96,7.8,43.4,1.57,2023,6112.7,39.955000000000005,12.03,25.9925,51.538333333333334,22.06833333333333,20,0.40376666666666666,0.0329,-0.013097,0.5028,0.3048,0.0043,0.5334,0.5667,1.0,0.2154,wheat
Gwalior_Madhya_Pradesh,Gwalior,Madhya Pradesh,26.2,78.2,65,38,96,7.8,43.4,1.57,2023,6112.7,39.955000000000005,12.03,25.9925,51.538333333333334,22.06833333333333,20,0.40376666666666666,0.0329,-0.013097,0.5028,0.3048,0.0043,0.5334,0.5667,1.0,0.2154,wheat
Gwalior_Madhya_Pradesh,Gwalior,Madhya Pradesh,26.2,78.2,65,38,96,7.8,43.4,1.57,2023,6112.7,39.955000000000005,12.03,25.9925,51.538333333333334,22.06833333333333,20,0.40376666666666666,0.0329,-0.013097,0.5028,0.3048,0.0043,0.5334,0.5667,1.0,0.2154,wheat
Gwalior_Madhya_Pradesh,Gwalior,Madhya Pradesh,26.2,78.2,75,40,93,7.7,46.2,1.74,2023,6112.7,39.955000000000005,12.03,25.9925,51.538333333333334,22.06833333333333,20,0.40376666666666666,0.0329,-0.013097,0.5028,0.3048,0.0043,0.6038,0.6,1.0,0.2438,wheat
Gwalior_Madhya_Pradesh,Gwalior,Madhya Pradesh,26.2,78.2,75,40,93,7.7,46.2,1.74,2023,6112.7,39.955000000000005,12.03,25.9925,51.538333333333334,22.06833333333333,20,0.40376666666666666,0.0329,-0.013097,0.5028,0.3048,0.0043,0.6038,0.6,1.0,0.2438,wheat
Gwalior_Madhya_Pradesh,Gwalior,Madhya Pradesh,26.2,78.2,75,40,93,7.7,46.2,1.74,2023,6112.7,39.955000000000005,12.03,25.9925,51.538333333333334,22.06833333333333,20,0.40376666666666666,0.0329,-0.013097,0.5028,0.3048,0.0043,0.6038,0.6,1.0,0.2438,wheat
Gwalior_Madhya_Pradesh,Gwalior,Madhya Pradesh,26.2,78.2,75,40,93,7.7,46.2,1.74,2023,6112.7,39.955000000000005,12.03,25.9925,51.538333333333334,22.06833333333333,20,0.40376666666666666,0.0329,-0.013097,0.5028,0.3048,0.0043,0.6038,0.6,1.0,0.2438,wheat
Gwalior_Madhya_Pradesh,Gwalior,Madhya Pradesh,26.2,78.2,75,40,93,7.7,46.2,1.74,2023,6112.7,39.955000000000005,12.03,25.9925,51.538333333333334,22.06833333333333,20,0.40376666666666666,0.0329,-0.013097,0.5028,0.3048,0.0043,0.6038,0.6,1.0,0.2438,wheat
Gwalior_Madhya_Pradesh,Gwalior,Madhya Pradesh,26.2,78.2,66,40,96,7.92,46.4,1.46,2023,6112.7,39.955000000000005,12.03,25.9925,51.538333333333334,22.06833333333333,20,0.40376666666666666,0.0329,-0.013097,0.5028,0.3048,0.0043,0.5553,0.5267,1.0,0.2242,wheat
Gwalior_Madhya_Pradesh,Gwalior,Madhya Pradesh,26.2,78.2,66,40,96,7.92,46.4,1.46,2023,6112.7,39.955000000000005,12.03,25.9925,51.538333333333334,22.06833333333333,20,0.40376666666666666,0.0329,-0.013097,0.5028,0.3048,0.0043,0.5553,0.5267,1.0,0.2242,wheat
Gwalior_Madhya_Pradesh,Gwalior,Madhya Pradesh,26.2,78.2,66,40,96,7.92,46.4,1.46,2023,6112.7,39.955000000000005,12.03,25.9925,51.538333333333334,22.06833333333333,20,0.40376666666666666,0.0329,-0.013097,0.5028,0.3048,0.0043,0.5553,0.5267,1.0,0.2242,wheat
Gwalior_Madhya_Pradesh,Gwalior,Madhya Pradesh,26.2,78.2,66,40,96,7.92,46.4,1.46,2023,6112.7,39.955000000000005,12.03,25.9925,51.538333333333334,22.06833333333333,20,0.40376666666666666,0.0329,-0.013097,0.5028,0.3048,0.0043,0.5553,0.5267,1.0,0.2242,wheat
Gwalior_Madhya_Pradesh,Gwalior,Madhya Pradesh,26.2,78.2,66,40,96,7.92,46.4,1.46,2023,6112.7,39.955000000000005,12.03,25.9925,51.538333333333334,22.06833333333333,20,0.40376666666666666,0.0329,-0.013097,0.5028,0.3048,0.0043,0.5553,0.5267,1.0,0.2242,wheat
Gwalior_Madhya_Pradesh,Gwalior,Madhya Pradesh,26.2,78.2,63,34,101,7.87,37.3,1.73,2023,6112.7,39.955000000000005,12.03,25.9925,51.538333333333334,22.06833333333333,20,0.40376666666666666,0.0329,-0.013097,0.5028,0.3048,0.0043,0.5057,0.5433,1.0,0.2042,wheat
Gwalior_Madhya_Pradesh,Gwalior,Madhya Pradesh,26.2,78.2,63,34,101,7.87,37.3,1.73,2023,6112.7,39.955000000000005,12.03,25.9925,51.538333333333334,22.06833333333333,20,0.40376666666666666,0.0329,-0.013097,0.5028,0.3048,0.0043,0.5057,0.5433,1.0,0.2042,wheat
Gwalior_Madhya_Pradesh,Gwalior,Madhya Pradesh,26.2,78.2,63,34,101,7.87,37.3,1.73,2023,6112.7,39.955000000000005,12.03,25.9925,51.538333333333334,22.06833333333333,20,0.40376666666666666,0.0329,-0.013097,0.5028,0.3048,0.0043,0.5057,0.5433,1.0,0.2042,wheat
Gwalior_Madhya_Pradesh,Gwalior,Madhya Pradesh,26.2,78.2,63,34,101,7.87,37.3,1.73,2023,6112.7,39.955000000000005,12.03,25.9925,51.538333333333334,22.06833333333333,20,0.40376666666666666,0.0329,-0.013097,0.5028,0.3048,0.0043,0.5057,0.5433,1.0,0.2042,wheat
Gwalior_Madhya_Pradesh,Gwalior,Madhya Pradesh,26.2,78.2,63,34,101,7.87,37.3,1.73,2023,6112.7,39.955000000000005,12.03,25.9925,51.538333333333334,22.06833333333333,20,0.40376666666666666,0.0329,-0.013097,0.5028,0.3048,0.0043,0.5057,0.5433,1.0,0.2042,wheat
Gwalior_Madhya_Pradesh,Gwalior,Madhya Pradesh,26.2,78.2,74,35,97,7.89,45.9,1.73,2023,6112.7,39.955000000000005,12.03,25.9925,51.538333333333334,22.06833333333333,20,0.40376666666666666,0.0329,-0.013097,0.5028,0.3048,0.0043,0.5716,0.5367,1.0,0.2308,wheat
Gwalior_Madhya_Pradesh,Gwalior,Madhya Pradesh,26.2,78.2,74,35,97,7.89,45.9,1.73,2023,6112.7,39.955000000000005,12.03,25.9925,51.538333333333334,22.06833333333333,20,0.40376666666666666,0.0329,-0.013097,0.5028,0.3048,0.0043,0.5716,0.5367,1.0,0.2308,wheat
Gwalior_Madhya_Pradesh,Gwalior,Madhya Pradesh,26.2,78.2,74,35,97,7.89,45.9,1.73,2023,6112.7,39.955000000000005,12.03,25.9925,51.538333333333334,22.06833333333333,20,0.40376666666666666,0.0329,-0.013097,0.5028,0.3048,0.0043,0.5716,0.5367,1.0,0.2308,wheat
Gwalior_Madhya_Pradesh,Gwalior,Madhya Pradesh,26.2,78.2,74,35,97,7.89,45.9,1.73,2023,6112.7,39.955000000000005,12.03,25.9925,51.538333333333334,22.06833333333333,20,0.40376666666666666,0.0329,-0.013097,0.5028,0.3048,0.0043,0.5716,0.5367,1.0,0.2308,wheat
Gwalior_Madhya_Pradesh,Gwalior,Madhya Pradesh,26.2,78.2,74,35,97,7.89,45.9,1.73,2023,6112.7,39.955000000000005,12.03,25.9925,51.538333333333334,22.06833333333333,20,0.40376666666666666,0.0329,-0.013097,0.5028,0.3048,0.0043,0.5716,0.5367,1.0,0.2308,wheat
Ujjain_Madhya_Pradesh,Ujjain,Madhya Pradesh,23.2,75.8,65,33,98,7.32,48.2,1.74,2023,6761.0,38.10666666666667,16.133333333333333,27.12,55.8,21.84,20,0.3913583333333333,0.034075,-0.013095,0.4903,0.2924,0.004,0.5014,0.7267,1.0,0.1962,soybean
Ujjain_Madhya_Pradesh,Ujjain,Madhya Pradesh,23.2,75.8,65,33,98,7.32,48.2,1.74,2023,6761.0,38.10666666666667,16.133333333333333,27.12,55.8,21.84,20,0.3913583333333333,0.034075,-0.013095,0.4903,0.2924,0.004,0.5014,0.7267,1.0,0.1962,soybean
Ujjain_Madhya_Pradesh,Ujjain,Madhya Pradesh,23.2,75.8,65,33,98,7.32,48.2,1.74,2023,6761.0,38.10666666666667,16.133333333333333,27.12,55.8,21.84,20,0.3913583333333333,0.034075,-0.013095,0.4903,0.2924,0.004,0.5014,0.7267,1.0,0.1962,soybean
Ujjain_Madhya_Pradesh,Ujjain,Madhya Pradesh,23.2,75.8,65,33,98,7.32,48.2,1.74,2023,6761.0,38.10666666666667,16.133333333333333,27.12,55.8,21.84,20,0.3913583333333333,0.034075,-0.013095,0.4903,0.2924,0.004,0.5014,0.7267,1.0,0.1962,soybean
Ujjain_Madhya_Pradesh,Ujjain,Madhya Pradesh,23.2,75.8,65,33,98,7.32,48.2,1.74,2023,6761.0,38.10666666666667,16.133333333333333,27.12,55.8,21.84,20,0.3913583333333333,0.034075,-0.013095,0.4903,0.2924,0.004,0.5014,0.7267,1.0,0.1962,soybean
Ujjain_Madhya_Pradesh,Ujjain,Madhya Pradesh,23.2,75.8,68,35,91,7.52,43.5,1.53,2023,6761.0,38.10666666666667,16.133333333333333,27.12,55.8,21.84,20,0.3913583333333333,0.034075,-0.013095,0.4903,0.2924,0.004,0.5138,0.66,1.0,0.2011,soybean
Ujjain_Madhya_Pradesh,Ujjain,Madhya Pradesh,23.2,75.8,68,35,91,7.52,43.5,1.53,2023,6761.0,38.10666666666667,16.133333333333333,27.12,55.8,21.84,20,0.3913583333333333,0.034075,-0.013095,0.4903,0.2924,0.004,0.5138,0.66,1.0,0.2011,soybean
Ujjain_Madhya_Pradesh,Ujjain,Madhya Pradesh,23.2,75.8,68,35,91,7.52,43.5,1.53,2023,6761.0,38.10666666666667,16.133333333333333,27.12,55.8,21.84,20,0.3913583333333333,0.034075,-0.013095,0.4903,0.2924,0.004,0.5138,0.66,1.0,0.2011,soybean
Ujjain_Madhya_Pradesh,Ujjain,Madhya Pradesh,23.2,75.8,68,35,91,7.52,43.5,1.53,2023,6761.0,38.10666666666667,16.133333333333333,27.12,55.8,21.84,20,0.3913583333333333,0.034075,-0.013095,0.4903,0.2924,0.004,0.5138,0.66,1.0,0.2011,soybean
Ujjain_Madhya_Pradesh,Ujjain,Madhya Pradesh,23.2,75.8,68,35,91,7.52,43.5,1.53,2023,6761.0,38.10666666666667,16.133333333333333,27.12,55.8,21.84,20,0.3913583333333333,0.034075,-0.013095,0.4903,0.2924,0.004,0.5138,0.66,1.0,0.2011,soybean
Ujjain_Madhya_Pradesh,Ujjain,Madhya Pradesh,23.2,75.8,66,37,104,7.57,43.2,1.7,2023,6761.0,38.10666666666667,16.133333333333333,27.12,55.8,21.84,20,0.3913583333333333,0.034075,-0.013095,0.4903,0.2924,0.004,0.5577,0.6433,1.0,0.2183,soybean
Ujjain_Madhya_Pradesh,Ujjain,Madhya Pradesh,23.2,75.8,66,37,104,7.57,43.2,1.7,2023,6761.0,38.10666666666667,16.133333333333333,27.12,55.8,21.84,20,0.3913583333333333,0.034075,-0.013095,0.4903,0.2924,0.004,0.5577,0.6433,1.0,0.2183,soybean
Ujjain_Madhya_Pradesh,Ujjain,Madhya Pradesh,23.2,75.8,66,37,104,7.57,43.2,1.7,2023,6761.0,38.10666666666667,16.133333333333333,27.12,55.8,21.84,20,0.3913583333333333,0.034075,-0.013095,0.4903,0.2924,0.004,0.5577,0.6433,1.0,0.2183,soybean
Ujjain_Madhya_Pradesh,Ujjain,Madhya Pradesh,23.2,75.8,66,37,104,7.57,43.2,1.7,2023,6761.0,38.10666666666667,16.133333333333333,27.12,55.8,21.84,20,0.3913583333333333,0.034075,-0.013095,0.4903,0.2924,0.004,0.5577,0.6433,1.0,0.2183,soybean
Ujjain_Madhya_Pradesh,Ujjain,Madhya Pradesh,23.2,75.8,66,37,104,7.57,43.2,1.7,2023,6761.0,38.10666666666667,16.133333333333333,27.12,55.8,21.84,20,0.3913583333333333,0.034075,-0.013095,0.4903,0.2924,0.004,0.5577,0.6433,1.0,0.2183,soybean
Ujjain_Madhya_Pradesh,Ujjain,Madhya Pradesh,23.2,75.8,71,33,107,7.53,43.7,1.75,2023,6761.0,38.10666666666667,16.133333333333333,27.12,55.8,21.84,20,0.3913583333333333,0.034075,-0.013095,0.4903,0.2924,0.004,0.5688,0.6567,1.0,0.2226,soybean
Ujjain_Madhya_Pradesh,Ujjain,Madhya Pradesh,23.2,75.8,71,33,107,7.53,43.7,1.75,2023,6761.0,38.10666666666667,16.133333333333333,27.12,55.8,21.84,20,0.3913583333333333,0.034075,-0.013095,0.4903,0.2924,0.004,0.5688,0.6567,1.0,0.2226,soybean
Ujjain_Madhya_Pradesh,Ujjain,Madhya Pradesh,23.2,75.8,71,33,107,7.53,43.7,1.75,2023,6761.0,38.10666666666667,16.133333333333333,27.12,55.8,21.84,20,0.3913583333333333,0.034075,-0.013095,0.4903,0.2924,0.004,0.5688,0.6567,1.0,0.2226,soybean
Ujjain_Madhya_Pradesh,Ujjain,Madhya Pradesh,23.2,75.8,71,33,107,7.53,43.7,1.75,2023,6761.0,38.10666666666667,16.133333333333333,27.12,55.8,21.84,20,0.3913583333333333,0.034075,-0.013095,0.4903,0.2924,0.004,0.5688,0.6567,1.0,0.2226,soybean
Ujjain_Madhya_Pradesh,Ujjain,Madhya Pradesh,23.2,75.8,71,33,107,7.53,43.7,1.75,2023,6761.0,38.10666666666667,16.133333333333333,27.12,55.8,21.84,20,0.3913583333333333,0.034075,-0.013095,0.4903,0.2924,0.004,0.5688,0.6567,1.0,0.2226,soybean
Ujjain_Madhya_Pradesh,Ujjain,Madhya Pradesh,23.2,75.8,65,36,102,7.44,42.4,1.63,2023,6761.0,38.10666666666667,16.133333333333333,27.12,55.8,21.84,20,0.3913583333333333,0.034075,-0.013095,0.4903,0.2924,0.004,0.5372,0.6867,1.0,0.2102,soybean
Ujjain_Madhya_Pradesh,Ujjain,Madhya Pradesh,23.2,75.8,65,36,102,7.44,42.4,1.63,2023,6761.0,38.10666666666667,16.133333333333333,27.12,55.8,21.84,20,0.3913583333333333,0.034075,-0.013095,0.4903,0.2924,0.004,0.5372,0.6867,1.0,0.2102,soybean
Ujjain_Madhya_Pradesh,Ujjain,Madhya Pradesh,23.2,75.8,65,36,102,7.44,42.4,1.63,2023,6761.0,38.10666666666667,16.133333333333333,27.12,55.8,21.84,20,0.3913583333333333,0.034075,-0.013095,0.4903,0.2924,0.004,0.5372,0.6867,1.0,0.2102,soybean
Ujjain_Madhya_Pradesh,Ujjain,Madhya Pradesh,23.2,75.8,65,36,102,7.44,42.4,1.63,2023,6761.0,38.10666666666667,16.133333333333333,27.12,55.8,21.84,20,0.3913583333333333,0.034075,-0.013095,0.4903,0.2924,0.004,0.5372,0.6867,1.0,0.2102,soybean
Ujjain_Madhya_Pradesh,Ujjain,Madhya Pradesh,23.2,75.8,65,36,102,7.44,42.4,1.63,2023,6761.0,38.10666666666667,16.133333333333333,27.12,55.8,21.84,20,0.3913583333333333,0.034075,-0.013095,0.4903,0.2924,0.004,0.5372,0.6867,1.0,0.2102,soybean
Jaipur_Rajasthan,Jaipur,Rajasthan,26.9,75.8,60,30,88,8.14,25.4,1.16,2023,5113.6,42.00666666666667,12.055,27.03083333333333,39.80833333333333,24.986666666666668,20,0.4449,0.028883333333333334,-0.013104,0.5439,0.3459,0.0053,0.4141,0.4533,1.0,0.1842,groundnut
Jaipur_Rajasthan,Jaipur,Rajasthan,26.9,75.8,60,30,88,8.14,25.4,1.16,2023,5113.6,42.00666666666667,12.055,27.03083333333333,39.80833333333333,24.986666666666668,20,0.4449,0.028883333333333334,-0.013104,0.5439,0.3459,0.0053,0.4141,0.4533,1.0,0.1842,groundnut
Jaipur_Rajasthan,Jaipur,Rajasthan,26.9,75.8,60,30,88,8.14,25.4,1.16,2023,5113.6,42.00666666666667,12.055,27.03083333333333,39.80833333333333,24.986666666666668,20,0.4449,0.028883333333333334,-0.013104,0.5439,0.3459,0.0053,0.4141,0.4533,1.0,0.1842,groundnut
Jaipur_Rajasthan,Jaipur,Rajasthan,26.9,75.8,60,30,88,8.14,25.4,1.16,2023,5113.6,42.00666666666667,12.055,27.03083333333333,39.80833333333333,24.986666666666668,20,0.4449,0.028883333333333334,-0.013104,0.5439,0.3459,0.0053,0.4141,0.4533,1.0,0.1842,groundnut
Jaipur_Rajasthan,Jaipur,Rajasthan,26.9,75.8,60,30,88,8.14,25.4,1.16,2023,5113.6,42.00666666666667,12.055,27.03083333333333,39.80833333333333,24.986666666666668,20,0.4449,0.028883333333333334,-0.013104,0.5439,0.3459,0.0053,0.4141,0.4533,1.0,0.1842,groundnut
Jaipur_Rajasthan,Jaipur,Rajasthan,26.9,75.8,59,31,89,8.16,28.9,1.32,2023,5113.6,42.00666666666667,12.055,27.03083333333333,39.80833333333333,24.986666666666668,20,0.4449,0.028883333333333334,-0.013104,0.5439,0.3459,0.0053,0.4185,0.4467,1.0,0.1862,groundnut
Jaipur_Rajasthan,Jaipur,Rajasthan,26.9,75.8,59,31,89,8.16,28.9,1.32,2023,5113.6,42.00666666666667,12.055,27.03083333333333,39.80833333333333,24.986666666666668,20,0.4449,0.028883333333333334,-0.013104,0.5439,0.3459,0.0053,0.4185,0.4467,1.0,0.1862,groundnut
Jaipur_Rajasthan,Jaipur,Rajasthan,26.9,75.8,59,31,89,8.16,28.9,1.32,2023,5113.6,42.00666666666667,12.055,27.03083333333333,39.80833333333333,24.986666666666668,20,0.4449,0.028883333333333334,-0.013104,0.5439,0.3459,0.0053,0.4185,0.4467,1.0,0.1862,groundnut
Jaipur_Rajasthan,Jaipur,Rajasthan,26.9,75.8,59,31,89,8.16,28.9,1.32,2023,5113.6,42.00666666666667,12.055,27.03083333333333,39.80833333333333,24.986666666666668,20,0.4449,0.028883333333333334,-0.013104,0.5439,0.3459,0.0053,0.4185,0.4467,1.0,0.1862,groundnut
Jaipur_Rajasthan,Jaipur,Rajasthan,26.9,75.8,59,31,89,8.16,28.9,1.32,2023,5113.6,42.00666666666667,12.055,27.03083333333333,39.80833333333333,24.986666666666668,20,0.4449,0.028883333333333334,-0.013104,0.5439,0.3459,0.0053,0.4185,0.4467,1.0,0.1862,groundnut
Jaipur_Rajasthan,Jaipur,Rajasthan,26.9,75.8,57,28,84,8.36,29.4,1.26,2023,5113.6,42.00666666666667,12.055,27.03083333333333,39.80833333333333,24.986666666666668,20,0.4449,0.028883333333333334,-0.013104,0.5439,0.3459,0.0053,0.3666,0.38,1.0,0.1631,groundnut
Jaipur_Rajasthan,Jaipur,Rajasthan,26.9,75.8,57,28,84,8.36,29.4,1.26,2023,5113.6,42.00666666666667,12.055,27.03083333333333,39.80833333333333,24.986666666666668,20,0.4449,0.028883333333333334,-0.013104,0.5439,0.3459,0.0053,0.3666,0.38,1.0,0.1631,groundnut
Jaipur_Rajasthan,Jaipur,Rajasthan,26.9,75.8,57,28,84,8.36,29.4,1.26,2023,5113.6,42.00666666666667,12.055,27.03083333333333,39.80833333333333,24.986666666666668,20,0.4449,0.028883333333333334,-0.013104,0.5439,0.3459,0.0053,0.3666,0.38,1.0,0.1631,groundnut
Jaipur_Rajasthan,Jaipur,Rajasthan,26.9,75.8,57,28,84,8.36,29.4,1.26,2023,5113.6,42.00666666666667,12.055,27.03083333333333,39.80833333333333,24.986666666666668,20,0.4449,0.028883333333333334,-0.013104,0.5439,0.3459,0.0053,0.3666,0.38,1.0,0.1631,groundnut
Jaipur_Rajasthan,Jaipur,Rajasthan,26.9,75.8,57,28,84,8.36,29.4,1.26,2023,5113.6,42.00666666666667,12.055,27.03083333333333,39.80833333333333,24.986666666666668,20,0.4449,0.028883333333333334,-0.013104,0.5439,0.3459,0.0053,0.3666,0.38,1.0,0.1631,groundnut
Jaipur_Rajasthan,Jaipur,Rajasthan,26.9,75.8,55,24,75,8.08,26.4,1.01,2023,5113.6,42.00666666666667,12.055,27.03083333333333,39.80833333333333,24.986666666666668,20,0.4449,0.028883333333333334,-0.013104,0.5439,0.3459,0.0053,0.2942,0.4733,1.0,0.1309,groundnut
Jaipur_Rajasthan,Jaipur,Rajasthan,26.9,75.8,55,24,75,8.08,26.4,1.01,2023,5113.6,42.00666666666667,12.055,27.03083333333333,39.80833333333333,24.986666666666668,20,0.4449,0.028883333333333334,-0.013104,0.5439,0.3459,0.0053,0.2942,0.4733,1.0,0.1309,groundnut
Jaipur_Rajasthan,Jaipur,Rajasthan,26.9,75.8,55,24,75,8.08,26.4,1.01,2023,5113.6,42.00666666666667,12.055,27.03083333333333,39.80833333333333,24.986666666666668,20,0.4449,0.028883333333333334,-0.013104,0.5439,0.3459,0.0053,0.2942,0.4733,1.0,0.1309,groundnut
Jaipur_Rajasthan,Jaipur,Rajasthan,26.9,75.8,55,24,75,8.08,26.4,1.01,2023,5113.6,42.00666666666667,12.055,27.03083333333333,39.80833333333333,24.986666666666668,20,0.4449,0.028883333333333334,-0.013104,0.5439,0.3459,0.0053,0.2942,0.4733,1.0,0.1309,groundnut
Jaipur_Rajasthan,Jaipur,Rajasthan,26.9,75.8,55,24,75,8.08,26.4,1.01,2023,5113.6,42.00666666666667,12.055,27.03083333333333,39.80833333333333,24.986666666666668,20,0.4449,0.028883333333333334,-0.013104,0.5439,0.3459,0.0053,0.2942,0.4733,1.0,0.1309,groundnut
Jaipur_Rajasthan,Jaipur,Rajasthan,26.9,75.8,55,31,76,8.19,32.2,1.16,2023,5113.6,42.00666666666667,12.055,27.03083333333333,39.80833333333333,24.986666666666668,20,0.4449,0.028883333333333334,-0.013104,0.5439,0.3459,0.0053,0.3513,0.4367,1.0,0.1563,groundnut
Jaipur_Rajasthan,Jaipur,Rajasthan,26.9,75.8,55,31,76,8.19,32.2,1.16,2023,5113.6,42.00666666666667,12.055,27.03083333333333,39.80833333333333,24.986666666666668,20,0.4449,0.028883333333333334,-0.013104,0.5439,0.3459,0.0053,0.3513,0.4367,1.0,0.1563,groundnut
Jaipur_Rajasthan,Jaipur,Rajasthan,26.9,75.8,55,31,76,8.19,32.2,1.16,2023,5113.6,42.00666666666667,12.055,27.03083333333333,39.80833333333333,24.986666666666668,20,0.4449,0.028883333333333334,-0.013104,0.5439,0.3459,0.0053,0.3513,0.4367,1.0,0.1563,groundnut
Jaipur_Rajasthan,Jaipur,Rajasthan,26.9,75.8,55,31,76,8.19,32.2,1.16,2023,5113.6,42.00666666666667,12.055,27.03083333333333,39.80833333333333,24.986666666666668,20,0.4449,0.028883333333333334,-0.013104,0.5439,0.3459,0.0053,0.3513,0.4367,1.0,0.1563,groundnut
Jaipur_Rajasthan,Jaipur,Rajasthan,26.9,75.8,55,31,76,8.19,32.2,1.16,2023,5113.6,42.00666666666667,12.055,27.03083333333333,39.80833333333333,24.986666666666668,20,0.4449,0.028883333333333334,-0.013104,0.5439,0.3459,0.0053,0.3513,0.4367,1.0,0.1563,groundnut
Jodhpur_Rajasthan,Jodhpur,Rajasthan,26.3,73.0,46,25,60,8.48,21.3,0.74,2023,2988.8,43.90333333333333,14.153333333333334,29.028333333333332,34.99666666666667,26.853333333333335,20,0.5408916666666667,0.02861666666666667,-0.013102,0.6399,0.4419,0.0097,0.196,0.34,1.0,0.106,groundnut
Jodhpur_Rajasthan,Jodhpur,Rajasthan,26.3,73.0,46,25,60,8.48,21.3,0.74,2023,2988.8,43.90333333333333,14.153333333333334,29.028333333333332,34.99666666666667,26.853333333333335,20,0.5408916666666667,0.02861666666666667,-0.013102,0.6399,0.4419,0.0097,0.196,0.34,1.0,0.106,groundnut
Jodhpur_Rajasthan,Jodhpur,Rajasthan,26.3,73.0,46,25,60,8.48,21.3,0.74,2023,2988.8,43.90333333333333,14.153333333333334,29.028333333333332,34.99666666666667,26.853333333333335,20,0.5408916666666667,0.02861666666666667,-0.013102,0.6399,0.4419,0.0097,0.196,0.34,1.0,0.106,groundnut
Jodhpur_Rajasthan,Jodhpur,Rajasthan,26.3,73.0,46,25,60,8.48,21.3,0.74,2023,2988.8,43.90333333333333,14.153333333333334,29.028333333333332,34.99666666666667,26.853333333333335,20,0.5408916666666667,0.02861666666666667,-0.013102,0.6399,0.4419,0.0097,0.196,0.34,1.0,0.106,groundnut
Jodhpur_Rajasthan,Jodhpur,Rajasthan,26.3,73.0,46,25,60,8.48,21.3,0.74,2023,2988.8,43.90333333333333,14.153333333333334,29.028333333333332,34.99666666666667,26.853333333333335,20,0.5408916666666667,0.02861666666666667,-0.013102,0.6399,0.4419,0.0097,0.196,0.34,1.0,0.106,groundnut
Jodhpur_Rajasthan,Jodhpur,Rajasthan,26.3,73.0,45,20,71,8.62,20.8,0.82,2023,2988.8,43.90333333333333,14.153333333333334,29.028333333333332,34.99666666666667,26.853333333333335,20,0.5408916666666667,0.02861666666666667,-0.013102,0.6399,0.4419,0.0097,0.1862,0.2933,1.0,0.1007,groundnut
Jodhpur_Rajasthan,Jodhpur,Rajasthan,26.3,73.0,45,20,71,8.62,20.8,0.82,2023,2988.8,43.90333333333333,14.153333333333334,29.028333333333332,34.99666666666667,26.853333333333335,20,0.5408916666666667,0.02861666666666667,-0.013102,0.6399,0.4419,0.0097,0.1862,0.2933,1.0,0.1007,groundnut
Jodhpur_Rajasthan,Jodhpur,Rajasthan,26.3,73.0,45,20,71,8.62,20.8,0.82,2023,2988.8,43.90333333333333,14.153333333333334,29.028333333333332,34.99666666666667,26.853333333333335,20,0.5408916666666667,0.02861666666666667,-0.013102,0.6399,0.4419,0.0097,0.1862,0.2933,1.0,0.1007,groundnut
Jodhpur_Rajasthan,Jodhpur,Rajasthan,26.3,73.0,45,20,71,8.62,20.8,0.82,2023,2988.8,43.90333333333333,14.153333333333334,29.028333333333332,34.99666666666667,26.853333333333335,20,0.5408916666666667,0.02861666666666667,-0.013102,0.6399,0.4419,0.0097,0.1862,0.2933,1.0,0.1007,groundnut
Jodhpur_Rajasthan,Jodhpur,Rajasthan,26.3,73.0,45,20,71,8.62,20.8,0.82,2023,2988.8,43.90333333333333,14.153333333333334,29.028333333333332,34.99666666666667,26.853333333333335,20,0.5408916666666667,0.02861666666666667,-0.013102,0.6399,0.4419,0.0097,0.1862,0.2933,1.0,0.1007,groundnut
Jodhpur_Rajasthan,Jodhpur,Rajasthan,26.3,73.0,46,22,62,8.49,22.4,0.72,2023,2988.8,43.90333333333333,14.153333333333334,29.028333333333332,34.99666666666667,26.853333333333335,20,0.5408916666666667,0.02861666666666667,-0.013102,0.6399,0.4419,0.0097,0.1793,0.3367,1.0,0.097,groundnut
Jodhpur_Rajasthan,Jodhpur,Rajasthan,26.3,73.0,46,22,62,8.49,22.4,0.72,2023,2988.8,43.90333333333333,14.153333333333334,29.028333333333332,34.99666666666667,26.853333333333335,20,0.5408916666666667,0.02861666666666667,-0.013102,0.6399,0.4419,0.0097,0.1793,0.3367,1.0,0.097,groundnut
Jodhpur_Rajasthan,Jodhpur,Rajasthan,26.3,73.0,46,22,62,8.49,22.4,0.72,2023,2988.8,43.90333333333333,14.153333333333334,29.028333333333332,34.99666666666667,26.853333333333335,20,0.5408916666666667,0.02861666666666667,-0.013102,0.6399,0.4419,0.0097,0.1793,0.3367,1.0,0.097,groundnut
Jodhpur_Rajasthan,Jodhpur,Rajasthan,26.3,73.0,46,22,62,8.49,22.4,0.72,2023,2988.8,43.90333333333333,14.153333333333334,29.028333333333332,34.99666666666667,26.853333333333335,20,0.5408916666666667,0.02861666666666667,-0.013102,0.6399,0.4419,0.0097,0.1793,0.3367,1.0,0.097,groundnut
Jodhpur_Rajasthan,Jodhpur,Rajasthan,26.3,73.0,46,22,62,8.49,22.4,0.72,2023,2988.8,43.90333333333333,14.153333333333334,29.028333333333332,34.99666666666667,26.853333333333335,20,0.5408916666666667,0.02861666666666667,-0.013102,0.6399,0.4419,0.0097,0.1793,0.3367,1.0,0.097,groundnut
Jodhpur_Rajasthan,Jodhpur,Rajasthan,26.3,73.0,43,24,58,8.6,22.5,0.85,2023,2988.8,43.90333333333333,14.153333333333334,29.028333333333332,34.99666666666667,26.853333333333335,20,0.5408916666666667,0.02861666666666667,-0.013102,0.6399,0.4419,0.0097,0.1625,0.3,1.0,0.0879,groundnut
Jodhpur_Rajasthan,Jodhpur,Rajasthan,26.3,73.0,43,24,58,8.6,22.5,0.85,2023,2988.8,43.90333333333333,14.153333333333334,29.028333333333332,34.99666666666667,26.853333333333335,20,0.5408916666666667,0.02861666666666667,-0.013102,0.6399,0.4419,0.0097,0.1625,0.3,1.0,0.0879,groundnut
Jodhpur_Rajasthan,Jodhpur,Rajasthan,26.3,73.0,43,24,58,8.6,22.5,0.85,2023,2988.8,43.90333333333333,14.153333333333334,29.028333333333332,34.99666666666667,26.853333333333335,20,0.5408916666666667,0.02861666666666667,-0.013102,0.6399,0.4419,0.0097,0.1625,0.3,1.0,0.0879,groundnut
Jodhpur_Rajasthan,Jodhpur,Rajasthan,26.3,73.0,43,24,58,8.6,22.5,0.85,2023,2988.8,43.90333333333333,14.153333333333334,29.028333333333332,34.99666666666667,26.853333333333335,20,0.5408916666666667,0.02861666666666667,-0.013102,0.6399,0.4419,0.0097,0.1625,0.3,1.0,0.0879,groundnut
Jodhpur_Rajasthan,Jodhpur,Rajasthan,26.3,73.0,43,24,58,8.6,22.5,0.85,2023,2988.8,43.90333333333333,14.153333333333334,29.028333333333332,34.99666666666667,26.853333333333335,20,0.5408916666666667,0.02861666666666667,-0.013102,0.6399,0.4419,0.0097,0.1625,0.3,1.0,0.0879,groundnut
Jodhpur_Rajasthan,Jodhpur,Rajasthan,26.3,73.0,44,19,58,8.52,17.6,0.96,2023,2988.8,43.90333333333333,14.153333333333334,29.028333333333332,34.99666666666667,26.853333333333335,20,0.5408916666666667,0.02861666666666667,-0.013102,0.6399,0.4419,0.0097,0.1305,0.3267,1.0,0.0706,groundnut
Jodhpur_Rajasthan,Jodhpur,Rajasthan,26.3,73.0,44,19,58,8.52,17.6,0.96,2023,2988.8,43.90333333333333,14.153333333333334,29.028333333333332,34.99666666666667,26.853333333333335,20,0.5408916666666667,0.02861666666666667,-0.013102,0.6399,0.4419,0.0097,0.1305,0.3267,1.0,0.0706,groundnut
Jodhpur_Rajasthan,Jodhpur,Rajasthan,26.3,73.0,44,19,58,8.52,17.6,0.96,2023,2988.8,43.90333333333333,14.153333333333334,29.028333333333332,34.99666666666667,26.853333333333335,20,0.5408916666666667,0.02861666666666667,-0.013102,0.6399,0.4419,0.0097,0.1305,0.3267,1.0,0.0706,groundnut
Jodhpur_Rajasthan,Jodhpur,Rajasthan,26.3,73.0,44,19,58,8.52,17.6,0.96,2023,2988.8,43.90333333333333,14.153333333333334,29.028333333333332,34.99666666666667,26.853333333333335,20,0.5408916666666667,0.02861666666666667,-0.013102,0.6399,0.4419,0.0097,0.1305,0.3267,1.0,0.0706,groundnut
Jodhpur_Rajasthan,Jodhpur,Rajasthan,26.3,73.0,44,19,58,8.52,17.6,0.96,2023,2988.8,43.90333333333333,14.153333333333334,29.028333333333332,34.99666666666667,26.853333333333335,20,0.5408916666666667,0.02861666666666667,-0.013102,0.6399,0.4419,0.0097,0.1305,0.3267,1.0,0.0706,groundnut
Bikaner_Rajasthan,Bikaner,Rajasthan,28.0,73.3,36,17,51,8.76,19.7,0.86,2023,2326.8,43.99166666666667,11.903333333333334,27.947499999999998,29.801666666666666,27.946666666666665,20,0.5214416666666667,0.027816666666666667,-0.013095,0.6204,0.4225,0.012,0.0412,0.2467,1.0,0.0215,groundnut
Bikaner_Rajasthan,Bikaner,Rajasthan,28.0,73.3,36,17,51,8.76,19.7,0.86,2023,2326.8,43.99166666666667,11.903333333333334,27.947499999999998,29.801666666666666,27.946666666666665,20,0.5214416666666667,0.027816666666666667,-0.013095,0.6204,0.4225,0.012,0.0412,0.2467,1.0,0.0215,groundnut
Bikaner_Rajasthan,Bikaner,Rajasthan,28.0,73.3,36,17,51,8.76,19.7,0.86,2023,2326.8,43.99166666666667,11.903333333333334,27.947499999999998,29.801666666666666,27.946666666666665,20,0.5214416666666667,0.027816666666666667,-0.013095,0.6204,0.4225,0.012,0.0412,0.2467,1.0,0.0215,groundnut
Bikaner_Rajasthan,Bikaner,Rajasthan,28.0,73.3,36,17,51,8.76,19.7,0.86,2023,2326.8,43.99166666666667,11.903333333333334,27.947499999999998,29.801666666666666,27.946666666666665,20,0.5214416666666667,0.027816666666666667,-0.013095,0.6204,0.4225,0.012,0.0412,0.2467,1.0,0.0215,groundnut
Bikaner_Rajasthan,Bikaner,Rajasthan,28.0,73.3,36,17,51,8.76,19.7,0.86,2023,2326.8,43.99166666666667,11.903333333333334,27.947499999999998,29.801666666666666,27.946666666666665,20,0.5214416666666667,0.027816666666666667,-0.013095,0.6204,0.4225,0.012,0.0412,0.2467,1.0,0.0215,groundnut
Bikaner_Rajasthan,Bikaner,Rajasthan,28.0,73.3,35,15,65,8.47,20.8,0.98,2023,2326.8,43.99166666666667,11.903333333333334,27.947499999999998,29.801666666666666,27.946666666666665,20,0.5214416666666667,0.027816666666666667,-0.013095,0.6204,0.4225,0.012,0.064,0.3433,1.0,0.0334,groundnut
Bikaner_Rajasthan,Bikaner,Rajasthan,28.0,73.3,35,15,65,8.47,20.8,0.98,2023,2326.8,43.99166666666667,11.903333333333334,27.947499999999998,29.801666666666666,27.946666666666665,20,0.5214416666666667,0.027816666666666667,-0.013095,0.6204,0.4225,0.012,0.064,0.3433,1.0,0.0334,groundnut
Bikaner_Rajasthan,Bikaner,Rajasthan,28.0,73.3,35,15,65,8.47,20.8,0.98,2023,2326.8,43.99166666666667,11.903333333333334,27.947499999999998,29.801666666666666,27.946666666666665,20,0.5214416666666667,0.027816666666666667,-0.013095,0.6204,0.4225,0.012,0.064,0.3433,1.0,0.0334,groundnut
Bikaner_Rajasthan,Bikaner,Rajasthan,28.0,73.3,35,15,65,8.47,20.8,0.98,2023,2326.8,43.99166666666667,11.903333333333334,27.947499999999998,29.801666666666666,27.946666666666665,20,0.5214416666666667,0.027816666666666667,-0.013095,0.6204,0.4225,0.012,0.064,0.3433,1.0,0.0334,groundnut
Bikaner_Rajasthan,Bikaner,Rajasthan,28.0,73.3,35,15,65,8.47,20.8,0.98,2023,2326.8,43.99166666666667,11.903333333333334,27.947499999999998,29.801666666666666,27.946666666666665,20,0.5214416666666667,0.027816666666666667,-0.013095,0.6204,0.4225,0.012,0.064,0.3433,1.0,0.0334,groundnut
Bikaner_Rajasthan,Bikaner,Rajasthan,28.0,73.3,39,22,60,8.69,20.5,0.9,2023,2326.8,43.99166666666667,11.903333333333334,27.947499999999998,29.801666666666666,27.946666666666665,20,0.5214416666666667,0.027816666666666667,-0.013095,0.6204,0.4225,0.012,0.1277,0.27,1.0,0.0666,groundnut
Bikaner_Rajasthan,Bikaner,Rajasthan,28.0,73.3,39,22,60,8.69,20.5,0.9,2023,2326.8,43.99166666666667,11.903333333333334,27.947499999999998,29.801666666666666,27.946666666666665,20,0.5214416666666667,0.027816666666666667,-0.013095,0.6204,0.4225,0.012,0.1277,0.27,1.0,0.0666,groundnut
Bikaner_Rajasthan,Bikaner,Rajasthan,28.0,73.3,39,22,60,8.69,20.5,0.9,2023,2326.8,43.99166666666667,11.903333333333334,27.947499999999998,29.801666666666666,27.946666666666665,20,0.5214416666666667,0.027816666666666667,-0.013095,0.6204,0.4225,0.012,0.1277,0.27,1.0,0.0666,groundnut
Bikaner_Rajasthan,Bikaner,Rajasthan,28.0,73.3,39,22,60,8.69,20.5,0.9,2023,2326.8,43.99166666666667,11.903333333333334,27.947499999999998,29.801666666666666,27.946666666666665,20,0.5214416666666667,0.027816666666666667,-0.013095,0.6204,0.4225,0.012,0.1277,0.27,1.0,0.0666,groundnut
Bikaner_Rajasthan,Bikaner,Rajasthan,28.0,73.3,39,22,60,8.69,20.5,0.9,2023,2326.8,43.99166666666667,11.903333333333334,27.947499999999998,29.801666666666666,27.946666666666665,20,0.5214416666666667,0.027816666666666667,-0.013095,0.6204,0.4225,0.012,0.1277,0.27,1.0,0.0666,groundnut
Bikaner_Rajasthan,Bikaner,Rajasthan,28.0,73.3,32,21,53,8.69,16.4,0.87,2023,2326.8,43.99166666666667,11.903333333333334,27.947499999999998,29.801666666666666,27.946666666666665,20,0.5214416666666667,0.027816666666666667,-0.013095,0.6204,0.4225,0.012,0.0525,0.27,1.0,0.0274,groundnut
Bikaner_Rajasthan,Bikaner,Rajasthan,28.0,73.3,32,21,53,8.69,16.4,0.87,2023,2326.8,43.99166666666667,11.903333333333334,27.947499999999998,29.801666666666666,27.946666666666665,20,0.5214416666666667,0.027816666666666667,-0.013095,0.6204,0.4225,0.012,0.0525,0.27,1.0,0.0274,groundnut
Bikaner_Rajasthan,Bikaner,Rajasthan,28.0,73.3,32,21,53,8.69,16.4,0.87,2023,2326.8,43.99166666666667,11.903333333333334,27.947499999999998,29.801666666666666,27.946666666666665,20,0.5214416666666667,0.027816666666666667,-0.013095,0.6204,0.4225,0.012,0.0525,0.27,1.0,0.0274,groundnut
Bikaner_Rajasthan,Bikaner,Rajasthan,28.0,73.3,32,21,53,8.69,16.4,0.87,2023,2326.8,43.99166666666667,11.903333333333334,27.947499999999998,29.801666666666666,27.946666666666665,20,0.5214416666666667,0.027816666666666667,-0.013095,0.6204,0.4225,0.012,0.0525,0.27,1.0,0.0274,groundnut
Bikaner_Rajasthan,Bikaner,Rajasthan,28.0,73.3,32,21,53,8.69,16.4,0.87,2023,2326.8,43.99166666666667,11.903333333333334,27.947499999999998,29.801666666666666,27.946666666666665,20,0.5214416666666667,0.027816666666666667,-0.013095,0.6204,0.4225,0.012,0.0525,0.27,1.0,0.0274,groundnut
Bikaner_Rajasthan,Bikaner,Rajasthan,28.0,73.3,46,23,66,8.78,19.5,0.87,2023,2326.8,43.99166666666667,11.903333333333334,27.947499999999998,29.801666666666666,27.946666666666665,20,0.5214416666666667,0.027816666666666667,-0.013095,0.6204,0.4225,0.012,0.1997,0.24,1.0,0.1041,groundnut
Bikaner_Rajasthan,Bikaner,Rajasthan,28.0,73.3,46,23,66,8.78,19.5,0.87,2023,2326.8,43.99166666666667,11.903333333333334,27.947499999999998,29.801666666666666,27.946666666666665,20,0.5214416666666667,0.027816666666666667,-0.013095,0.6204,0.4225,0.012,0.1997,0.24,1.0,0.1041,groundnut
Bikaner_Rajasthan,Bikaner,Rajasthan,28.0,73.3,46,23,66,8.78,19.5,0.87,2023,2326.8,43.99166666666667,11.903333333333334,27.947499999999998,29.801666666666666,27.946666666666665,20,0.5214416666666667,0.027816666666666667,-0.013095,0.6204,0.4225,0.012,0.1997,0.24,1.0,0.1041,groundnut
Bikaner_Rajasthan,Bikaner,Rajasthan,28.0,73.3,46,23,66,8.78,19.5,0.87,2023,2326.8,43.99166666666667,11.903333333333334,27.947499999999998,29.801666666666666,27.946666666666665,20,0.5214416666666667,0.027816666666666667,-0.013095,0.6204,0.4225,0.012,0.1997,0.24,1.0,0.1041,groundnut
Bikaner_Rajasthan,Bikaner,Rajasthan,28.0,73.3,46,23,66,8.78,19.5,0.87,2023,2326.8,43.99166666666667,11.903333333333334,27.947499999999998,29.801666666666666,27.946666666666665,20,0.5214416666666667,0.027816666666666667,-0.013095,0.6204,0.4225,0.012,0.1997,0.24,1.0,0.1041,groundnut
Kota_Rajasthan,Kota,Rajasthan,25.2,75.8,66,32,80,8.06,40.4,1.24,2023,6071.7,41.175,13.898333333333333,27.53666666666667,48.69666666666667,23.16,20,0.5222833333333333,0.030541666666666665,-0.013099,0.6213,0.4233,0.0045,0.4427,0.48,1.0,0.2312,soybean
Kota_Rajasthan,Kota,Rajasthan,25.2,75.8,66,32,80,8.06,40.4,1.24,2023,6071.7,41.175,13.898333333333333,27.53666666666667,48.69666666666667,23.16,20,0.5222833333333333,0.030541666666666665,-0.013099,0.6213,0.4233,0.0045,0.4427,0.48,1.0,0.2312,soybean
Kota_Rajasthan,Kota,Rajasthan,25.2,75.8,66,32,80,8.06,40.4,1.24,2023,6071.7,41.175,13.898333333333333,27.53666666666667,48.69666666666667,23.16,20,0.5222833333333333,0.030541666666666665,-0.013099,0.6213,0.4233,0.0045,0.4427,0.48,1.0,0.2312,soybean
Kota_Rajasthan,Kota,Rajasthan,25.2,75.8,66,32,80,8.06,40.4,1.24,2023,6071.7,41.175,13.898333333333333,27.53666666666667,48.69666666666667,23.16,20,0.5222833333333333,0.030541666666666665,-0.013099,0.6213,0.4233,0.0045,0.4427,0.48,1.0,0.2312,soybean
Kota_Rajasthan,Kota,Rajasthan,25.2,75.8,66,32,80,8.06,40.4,1.24,2023,6071.7,41.175,13.898333333333333,27.53666666666667,48.69666666666667,23.16,20,0.5222833333333333,0.030541666666666665,-0.013099,0.6213,0.4233,0.0045,0.4427,0.48,1.0,0.2312,soybean
Kota_Rajasthan,Kota,Rajasthan,25.2,75.8,65,31,95,8.06,42.4,1.43,2023,6071.7,41.175,13.898333333333333,27.53666666666667,48.69666666666667,23.16,20,0.5222833333333333,0.030541666666666665,-0.013099,0.6213,0.4233,0.0045,0.4764,0.48,1.0,0.2488,soybean
Kota_Rajasthan,Kota,Rajasthan,25.2,75.8,65,31,95,8.06,42.4,1.43,2023,6071.7,41.175,13.898333333333333,27.53666666666667,48.69666666666667,23.16,20,0.5222833333333333,0.030541666666666665,-0.013099,0.6213,0.4233,0.0045,0.4764,0.48,1.0,0.2488,soybean
Kota_Rajasthan,Kota,Rajasthan,25.2,75.8,65,31,95,8.06,42.4,1.43,2023,6071.7,41.175,13.898333333333333,27.53666666666667,48.69666666666667,23.16,20,0.5222833333333333,0.030541666666666665,-0.013099,0.6213,0.4233,0.0045,0.4764,0.48,1.0,0.2488,soybean
Kota_Rajasthan,Kota,Rajasthan,25.2,75.8,65,31,95,8.06,42.4,1.43,2023,6071.7,41.175,13.898333333333333,27.53666666666667,48.69666666666667,23.16,20,0.5222833333333333,0.030541666666666665,-0.013099,0.6213,0.4233,0.0045,0.4764,0.48,1.0,0.2488,soybean
Kota_Rajasthan,Kota,Rajasthan,25.2,75.8,65,31,95,8.06,42.4,1.43,2023,6071.7,41.175,13.898333333333333,27.53666666666667,48.69666666666667,23.16,20,0.5222833333333333,0.030541666666666665,-0.013099,0.6213,0.4233,0.0045,0.4764,0.48,1.0,0.2488,soybean
Kota_Rajasthan,Kota,Rajasthan,25.2,75.8,66,31,85,7.89,41.0,1.4,2023,6071.7,41.175,13.898333333333333,27.53666666666667,48.69666666666667,23.16,20,0.5222833333333333,0.030541666666666665,-0.013099,0.6213,0.4233,0.0045,0.4509,0.5367,1.0,0.2355,soybean
Kota_Rajasthan,Kota,Rajasthan,25.2,75.8,66,31,85,7.89,41.0,1.4,2023,6071.7,41.175,13.898333333333333,27.53666666666667,48.69666666666667,23.16,20,0.5222833333333333,0.030541666666666665,-0.013099,0.6213,0.4233,0.0045,0.4509,0.5367,1.0,0.2355,soybean
Kota_Rajasthan,Kota,Rajasthan,25.2,75.8,66,31,85,7.89,41.0,1.4,2023,6071.7,41.175,13.898333333333333,27.53666666666667,48.69666666666667,23.16,20,0.5222833333333333,0.030541666666666665,-0.013099,0.6213,0.4233,0.0045,0.4509,0.5367,1.0,0.2355,soybean
Kota_Rajasthan,Kota,Rajasthan,25.2,75.8,66,31,85,7.89,41.0,1.4,2023,6071.7,41.175,13.898333333333333,27.53666666666667,48.69666666666667,23.16,20,0.5222833333333333,0.030541666666666665,-0.013099,0.6213,0.4233,0.0045,0.4509,0.5367,1.0,0.2355,soybean
Kota_Rajasthan,Kota,Rajasthan,25.2,75.8,66,31,85,7.89,41.0,1.4,2023,6071.7,41.175,13.898333333333333,27.53666666666667,48.69666666666667,23.16,20,0.5222833333333333,0.030541666666666665,-0.013099,0.6213,0.4233,0.0045,0.4509,0.5367,1.0,0.2355,soybean
Kota_Rajasthan,Kota,Rajasthan,25.2,75.8,54,27,83,8.02,41.8,1.59,2023,6071.7,41.175,13.898333333333333,27.53666666666667,48.69666666666667,23.16,20,0.5222833333333333,0.030541666666666665,-0.013099,0.6213,0.4233,0.0045,0.3364,0.4933,1.0,0.1757,soybean
Kota_Rajasthan,Kota,Rajasthan,25.2,75.8,54,27,83,8.02,41.8,1.59,2023,6071.7,41.175,13.898333333333333,27.53666666666667,48.69666666666667,23.16,20,0.5222833333333333,0.030541666666666665,-0.013099,0.6213,0.4233,0.0045,0.3364,0.4933,1.0,0.1757,soybean
Kota_Rajasthan,Kota,Rajasthan,25.2,75.8,54,27,83,8.02,41.8,1.59,2023,6071.7,41.175,13.898333333333333,27.53666666666667,48.69666666666667,23.16,20,0.5222833333333333,0.030541666666666665,-0.013099,0.6213,0.4233,0.0045,0.3364,0.4933,1.0,0.1757,soybean
Kota_Rajasthan,Kota,Rajasthan,25.2,75.8,54,27,83,8.02,41.8,1.59,2023,6071.7,41.175,13.898333333333333,27.53666666666667,48.69666666666667,23.16,20,0.5222833333333333,0.030541666666666665,-0.013099,0.6213,0.4233,0.0045,0.3364,0.4933,1.0,0.1757,soybean
Kota_Rajasthan,Kota,Rajasthan,25.2,75.8,54,27,83,8.02,41.8,1.59,2023,6071.7,41.175,13.898333333333333,27.53666666666667,48.69666666666667,23.16,20,0.5222833333333333,0.030541666666666665,-0.013099,0.6213,0.4233,0.0045,0.3364,0.4933,1.0,0.1757,soybean
Kota_Rajasthan,Kota,Rajasthan,25.2,75.8,69,27,94,8.08,42.9,1.51,2023,6071.7,41.175,13.898333333333333,27.53666666666667,48.69666666666667,23.16,20,0.5222833333333333,0.030541666666666665,-0.013099,0.6213,0.4233,0.0045,0.4683,0.4733,1.0,0.2446,soybean
Kota_Rajasthan,Kota,Rajasthan,25.2,75.8,69,27,94,8.08,42.9,1.51,2023,6071.7,41.175,13.898333333333333,27.53666666666667,48.69666666666667,23.16,20,0.5222833333333333,0.030541666666666665,-0.013099,0.6213,0.4233,0.0045,0.4683,0.4733,1.0,0.2446,soybean
Kota_Rajasthan,Kota,Rajasthan,25.2,75.8,69,27,94,8.08,42.9,1.51,2023,6071.7,41.175,13.898333333333333,27.53666666666667,48.69666666666667,23.16,20,0.5222833333333333,0.030541666666666665,-0.013099,0.6213,0.4233,0.0045,0.4683,0.4733,1.0,0.2446,soybean
Kota_Rajasthan,Kota,Rajasthan,25.2,75.8,69,27,94,8.08,42.9,1.51,2023,6071.7,41.175,13.898333333333333,27.53666666666667,48.69666666666667,23.16,20,0.5222833333333333,0.030541666666666665,-0.013099,0.6213,0.4233,0.0045,0.4683,0.4733,1.0,0.2446,soybean
Kota_Rajasthan,Kota,Rajasthan,25.2,75.8,69,27,94,8.08,42.9,1.51,2023,6071.7,41.175,13.898333333333333,27.53666666666667,48.69666666666667,23.16,20,0.5222833333333333,0.030541666666666665,-0.013099,0.6213,0.4233,0.0045,0.4683,0.4733,1.0,0.2446,soybean
Ajmer_Rajasthan,Ajmer,Rajasthan,26.5,74.6,64,25,76,7.97,29.0,1.46,2023,4599.4,42.01,13.136666666666667,27.573333333333334,40.906666666666666,23.83833333333333,20,0.3705583333333333,0.03415,-0.013095,0.4695,0.2716,0.006,0.3632,0.51,1.0,0.1346,wheat
Ajmer_Rajasthan,Ajmer,Rajasthan,26.5,74.6,64,25,76,7.97,29.0,1.46,2023,4599.4,42.01,13.136666666666667,27.573333333333334,40.906666666666666,23.83833333333333,20,0.3705583333333333,0.03415,-0.013095,0.4695,0.2716,0.006,0.3632,0.51,1.0,0.1346,wheat
Ajmer_Rajasthan,Ajmer,Rajasthan,26.5,74.6,64,25,76,7.97,29.0,1.46,2023,4599.4,42.01,13.136666666666667,27.573333333333334,40.906666666666666,23.83833333333333,20,0.3705583333333333,0.03415,-0.013095,0.4695,0.2716,0.006,0.3632,0.51,1.0,0.1346,wheat
Ajmer_Rajasthan,Ajmer,Rajasthan,26.5,74.6,64,25,76,7.97,29.0,1.46,2023,4599.4,42.01,13.136666666666667,27.573333333333334,40.906666666666666,23.83833333333333,20,0.3705583333333333,0.03415,-0.013095,0.4695,0.2716,0.006,0.3632,0.51,1.0,0.1346,wheat
Ajmer_Rajasthan,Ajmer,Rajasthan,26.5,74.6,64,25,76,7.97,29.0,1.46,2023,4599.4,42.01,13.136666666666667,27.573333333333334,40.906666666666666,23.83833333333333,20,0.3705583333333333,0.03415,-0.013095,0.4695,0.2716,0.006,0.3632,0.51,1.0,0.1346,wheat
Ajmer_Rajasthan,Ajmer,Rajasthan,26.5,74.6,61,33,85,8.21,27.2,1.2,2023,4599.4,42.01,13.136666666666667,27.573333333333334,40.906666666666666,23.83833333333333,20,0.3705583333333333,0.03415,-0.013095,0.4695,0.2716,0.006,0.4341,0.43,1.0,0.1609,wheat
Ajmer_Rajasthan,Ajmer,Rajasthan,26.5,74.6,61,33,85,8.21,27.2,1.2,2023,4599.4,42.01,13.136666666666667,27.573333333333334,40.906666666666666,23.83833333333333,20,0.3705583333333333,0.03415,-0.013095,0.4695,0.2716,0.006,0.4341,0.43,1.0,0.1609,wheat
Ajmer_Rajasthan,Ajmer,Rajasthan,26.5,74.6,61,33,85,8.21,27.2,1.2,2023,4599.4,42.01,13.136666666666667,27.573333333333334,40.906666666666666,23.83833333333333,20,0.3705583333333333,0.03415,-0.013095,0.4695,0.2716,0.006,0.4341,0.43,1.0,0.1609,wheat
Ajmer_Rajasthan,Ajmer,Rajasthan,26.5,74.6,61,33,85,8.21,27.2,1.2,2023,4599.4,42.01,13.136666666666667,27.573333333333334,40.906666666666666,23.83833333333333,20,0.3705583333333333,0.03415,-0.013095,0.4695,0.2716,0.006,0.4341,0.43,1.0,0.1609,wheat
Ajmer_Rajasthan,Ajmer,Rajasthan,26.5,74.6,61,33,85,8.21,27.2,1.2,2023,4599.4,42.01,13.136666666666667,27.573333333333334,40.906666666666666,23.83833333333333,20,0.3705583333333333,0.03415,-0.013095,0.4695,0.2716,0.006,0.4341,0.43,1.0,0.1609,wheat
Ajmer_Rajasthan,Ajmer,Rajasthan,26.5,74.6,51,34,94,7.9,31.9,1.24,2023,4599.4,42.01,13.136666666666667,27.573333333333334,40.906666666666666,23.83833333333333,20,0.3705583333333333,0.03415,-0.013095,0.4695,0.2716,0.006,0.406,0.5333,1.0,0.1504,wheat
Ajmer_Rajasthan,Ajmer,Rajasthan,26.5,74.6,51,34,94,7.9,31.9,1.24,2023,4599.4,42.01,13.136666666666667,27.573333333333334,40.906666666666666,23.83833333333333,20,0.3705583333333333,0.03415,-0.013095,0.4695,0.2716,0.006,0.406,0.5333,1.0,0.1504,wheat
Ajmer_Rajasthan,Ajmer,Rajasthan,26.5,74.6,51,34,94,7.9,31.9,1.24,2023,4599.4,42.01,13.136666666666667,27.573333333333334,40.906666666666666,23.83833333333333,20,0.3705583333333333,0.03415,-0.013095,0.4695,0.2716,0.006,0.406,0.5333,1.0,0.1504,wheat
Ajmer_Rajasthan,Ajmer,Rajasthan,26.5,74.6,51,34,94,7.9,31.9,1.24,2023,4599.4,42.01,13.136666666666667,27.573333333333334,40.906666666666666,23.83833333333333,20,0.3705583333333333,0.03415,-0.013095,0.4695,0.2716,0.006,0.406,0.5333,1.0,0.1504,wheat
Ajmer_Rajasthan,Ajmer,Rajasthan,26.5,74.6,51,34,94,7.9,31.9,1.24,2023,4599.4,42.01,13.136666666666667,27.573333333333334,40.906666666666666,23.83833333333333,20,0.3705583333333333,0.03415,-0.013095,0.4695,0.2716,0.006,0.406,0.5333,1.0,0.1504,wheat
Ajmer_Rajasthan,Ajmer,Rajasthan,26.5,74.6,60,32,92,7.9,29.0,1.18,2023,4599.4,42.01,13.136666666666667,27.573333333333334,40.906666666666666,23.83833333333333,20,0.3705583333333333,0.03415,-0.013095,0.4695,0.2716,0.006,0.4423,0.5333,1.0,0.1639,wheat
Ajmer_Rajasthan,Ajmer,Rajasthan,26.5,74.6,60,32,92,7.9,29.0,1.18,2023,4599.4,42.01,13.136666666666667,27.573333333333334,40.906666666666666,23.83833333333333,20,0.3705583333333333,0.03415,-0.013095,0.4695,0.2716,0.006,0.4423,0.5333,1.0,0.1639,wheat
Ajmer_Rajasthan,Ajmer,Rajasthan,26.5,74.6,60,32,92,7.9,29.0,1.18,2023,4599.4,42.01,13.136666666666667,27.573333333333334,40.906666666666666,23.83833333333333,20,0.3705583333333333,0.03415,-0.013095,0.4695,0.2716,0.006,0.4423,0.5333,1.0,0.1639,wheat
Ajmer_Rajasthan,Ajmer,Rajasthan,26.5,74.6,60,32,92,7.9,29.0,1.18,2023,4599.4,42.01,13.136666666666667,27.573333333333334,40.906666666666666,23.83833333333333,20,0.3705583333333333,0.03415,-0.013095,0.4695,0.2716,0.006,0.4423,0.5333,1.0,0.1639,wheat
Ajmer_Rajasthan,Ajmer,Rajasthan,26.5,74.6,60,32,92,7.9,29.0,1.18,2023,4599.4,42.01,13.136666666666667,27.573333333333334,40.906666666666666,23.83833333333333,20,0.3705583333333333,0.03415,-0.013095,0.4695,0.2716,0.006,0.4423,0.5333,1.0,0.1639,wheat
Ajmer_Rajasthan,Ajmer,Rajasthan,26.5,74.6,60,26,89,8.16,27.6,1.24,2023,4599.4,42.01,13.136666666666667,27.573333333333334,40.906666666666666,23.83833333333333,20,0.3705583333333333,0.03415,-0.013095,0.4695,0.2716,0.006,0.3865,0.4467,1.0,0.1432,wheat
Ajmer_Rajasthan,Ajmer,Rajasthan,26.5,74.6,60,26,89,8.16,27.6,1.24,2023,4599.4,42.01,13.136666666666667,27.573333333333334,40.906666666666666,23.83833333333333,20,0.3705583333333333,0.03415,-0.013095,0.4695,0.2716,0.006,0.3865,0.4467,1.0,0.1432,wheat
Ajmer_Rajasthan,Ajmer,Rajasthan,26.5,74.6,60,26,89,8.16,27.6,1.24,2023,4599.4,42.01,13.136666666666667,27.573333333333334,40.906666666666666,23.83833333333333,20,0.3705583333333333,0.03415,-0.013095,0.4695,0.2716,0.006,0.3865,0.4467,1.0,0.1432,wheat
Ajmer_Rajasthan,Ajmer,Rajasthan,26.5,74.6,60,26,89,8.16,27.6,1.24,2023,4599.4,42.01,13.136666666666667,27.573333333333334,40.906666666666666,23.83833333333333,20,0.3705583333333333,0.03415,-0.013095,0.4695,0.2716,0.006,0.3865,0.4467,1.0,0.1432,wheat
Ajmer_Rajasthan,Ajmer,Rajasthan,26.5,74.6,60,26,89,8.16,27.6,1.24,2023,4599.4,42.01,13.136666666666667,27.573333333333334,40.906666666666666,23.83833333333333,20,0.3705583333333333,0.03415,-0.013095,0.4695,0.2716,0.006,0.3865,0.4467,1.0,0.1432,wheat
Patna_Bihar,Patna,Bihar,25.6,85.1,74,39,110,7.62,59.6,2.18,2023,9056.4,36.175,14.223333333333333,25.199166666666667,68.37833333333333,19.220000000000002,20,0.47724166666666673,0.03229166666666667,-0.013095,0.5762,0.3783,0.0028,0.6439,0.6267,1.0,0.3073,rice
Patna_Bihar,Patna,Bihar,25.6,85.1,74,39,110,7.62,59.6,2.18,2023,9056.4,36.175,14.223333333333333,25.199166666666667,68.37833333333333,19.220000000000002,20,0.47724166666666673,0.03229166666666667,-0.013095,0.5762,0.3783,0.0028,0.6439,0.6267,1.0,0.3073,rice
Patna_Bihar,Patna,Bihar,25.6,85.1,74,39,110,7.62,59.6,2.18,2023,9056.4,36.175,14.223333333333333,25.199166666666667,68.37833333333333,19.220000000000002,20,0.47724166666666673,0.03229166666666667,-0.013095,0.5762,0.3783,0.0028,0.6439,0.6267,1.0,0.3073,rice
Patna_Bihar,Patna,Bihar,25.6,85.1,74,39,110,7.62,59.6,2.18,2023,9056.4,36.175,14.223333333333333,25.199166666666667,68.37833333333333,19.220000000000002,20,0.47724166666666673,0.03229166666666667,-0.013095,0.5762,0.3783,0.0028,0.6439,0.6267,1.0,0.3073,rice
Patna_Bihar,Patna,Bihar,25.6,85.1,74,39,110,7.62,59.6,2.18,2023,9056.4,36.175,14.223333333333333,25.199166666666667,68.37833333333333,19.220000000000002,20,0.47724166666666673,0.03229166666666667,-0.013095,0.5762,0.3783,0.0028,0.6439,0.6267,1.0,0.3073,rice
Patna_Bihar,Patna,Bihar,25.6,85.1,76,44,118,7.56,58.4,2.03,2023,9056.4,36.175,14.223333333333333,25.199166666666667,68.37833333333333,19.220000000000002,20,0.47724166666666673,0.03229166666666667,-0.013095,0.5762,0.3783,0.0028,0.7208,0.6467,1.0,0.344,rice
Patna_Bihar,Patna,Bihar,25.6,85.1,76,44,118,7.56,58.4,2.03,2023,9056.4,36.175,14.223333333333333,25.199166666666667,68.37833333333333,19.220000000000002,20,0.47724166666666673,0.03229166666666667,-0.013095,0.5762,0.3783,0.0028,0.7208,0.6467,1.0,0.344,rice
Patna_Bihar,Patna,Bihar,25.6,85.1,76,44,118,7.56,58.4,2.03,2023,9056.4,36.175,14.223333333333333,25.199166666666667,68.37833333333333,19.220000000000002,20,0.47724166666666673,0.03229166666666667,-0.013095,0.5762,0.3783,0.0028,0.7208,0.6467,1.0,0.344,rice
Patna_Bihar,Patna,Bihar,25.6,85.1,76,44,118,7.56,58.4,2.03,2023,9056.4,36.175,14.223333333333333,25.199166666666667,68.37833333333333,19.220000000000002,20,0.47724166666666673,0.03229166666666667,-0.013095,0.5762,0.3783,0.0028,0.7208,0.6467,1.0,0.344,rice
Patna_Bihar,Patna,Bihar,25.6,85.1,76,44,118,7.56,58.4,2.03,2023,9056.4,36.175,14.223333333333333,25.199166666666667,68.37833333333333,19.220000000000002,20,0.47724166666666673,0.03229166666666667,-0.013095,0.5762,0.3783,0.0028,0.7208,0.6467,1.0,0.344,rice
Patna_Bihar,Patna,Bihar,25.6,85.1,84,42,105,7.54,61.8,2.37,2023,9056.4,36.175,14.223333333333333,25.199166666666667,68.37833333333333,19.220000000000002,20,0.47724166666666673,0.03229166666666667,-0.013095,0.5762,0.3783,0.0028,0.7155,0.6533,1.0,0.3415,rice
Patna_Bihar,Patna,Bihar,25.6,85.1,84,42,105,7.54,61.8,2.37,2023,9056.4,36.175,14.223333333333333,25.199166666666667,68.37833333333333,19.220000000000002,20,0.47724166666666673,0.03229166666666667,-0.013095,0.5762,0.3783,0.0028,0.7155,0.6533,1.0,0.3415,rice
Patna_Bihar,Patna,Bihar,25.6,85.1,84,42,105,7.54,61.8,2.37,2023,9056.4,36.175,14.223333333333333,25.199166666666667,68.37833333333333,19.220000000000002,20,0.47724166666666673,0.03229166666666667,-0.013095,0.5762,0.3783,0.0028,0.7155,0.6533,1.0,0.3415,rice
Patna_Bihar,Patna,Bihar,25.6,85.1,84,42,105,7.54,61.8,2.37,2023,9056.4,36.175,14.223333333333333,25.199166666666667,68.37833333333333,19.220000000000002,20,0.47724166666666673,0.03229166666666667,-0.013095,0.5762,0.3783,0.0028,0.7155,0.6533,1.0,0.3415,rice
Patna_Bihar,Patna,Bihar,25.6,85.1,84,42,105,7.54,61.8,2.37,2023,9056.4,36.175,14.223333333333333,25.199166666666667,68.37833333333333,19.220000000000002,20,0.47724166666666673,0.03229166666666667,-0.013095,0.5762,0.3783,0.0028,0.7155,0.6533,1.0,0.3415,rice
Patna_Bihar,Patna,Bihar,25.6,85.1,70,37,124,7.35,57.8,2.18,2023,9056.4,36.175,14.223333333333333,25.199166666666667,68.37833333333333,19.220000000000002,20,0.47724166666666673,0.03229166666666667,-0.013095,0.5762,0.3783,0.0028,0.6474,0.7167,1.0,0.309,rice
Patna_Bihar,Patna,Bihar,25.6,85.1,70,37,124,7.35,57.8,2.18,2023,9056.4,36.175,14.223333333333333,25.199166666666667,68.37833333333333,19.220000000000002,20,0.47724166666666673,0.03229166666666667,-0.013095,0.5762,0.3783,0.0028,0.6474,0.7167,1.0,0.309,rice
Patna_Bihar,Patna,Bihar,25.6,85.1,70,37,124,7.35,57.8,2.18,2023,9056.4,36.175,14.223333333333333,25.199166666666667,68.37833333333333,19.220000000000002,20,0.47724166666666673,0.03229166666666667,-0.013095,0.5762,0.3783,0.0028,0.6474,0.7167,1.0,0.309,rice
Patna_Bihar,Patna,Bihar,25.6,85.1,70,37,124,7.35,57.8,2.18,2023,9056.4,36.175,14.223333333333333,25.199166666666667,68.37833333333333,19.220000000000002,20,0.47724166666666673,0.03229166666666667,-0.013095,0.5762,0.3783,0.0028,0.6474,0.7167,1.0,0.309,rice
Patna_Bihar,Patna,Bihar,25.6,85.1,70,37,124,7.35,57.8,2.18,2023,9056.4,36.175,14.223333333333333,25.199166666666667,68.37833333333333,19.220000000000002,20,0.47724166666666673,0.03229166666666667,-0.013095,0.5762,0.3783,0.0028,0.6474,0.7167,1.0,0.309,rice
Patna_Bihar,Patna,Bihar,25.6,85.1,83,43,111,7.4,62.7,2.33,2023,9056.4,36.175,14.223333333333333,25.199166666666667,68.37833333333333,19.220000000000002,20,0.47724166666666673,0.03229166666666667,-0.013095,0.5762,0.3783,0.0028,0.7359,0.7,1.0,0.3512,rice
Patna_Bihar,Patna,Bihar,25.6,85.1,83,43,111,7.4,62.7,2.33,2023,9056.4,36.175,14.223333333333333,25.199166666666667,68.37833333333333,19.220000000000002,20,0.47724166666666673,0.03229166666666667,-0.013095,0.5762,0.3783,0.0028,0.7359,0.7,1.0,0.3512,rice
Patna_Bihar,Patna,Bihar,25.6,85.1,83,43,111,7.4,62.7,2.33,2023,9056.4,36.175,14.223333333333333,25.199166666666667,68.37833333333333,19.220000000000002,20,0.47724166666666673,0.03229166666666667,-0.013095,0.5762,0.3783,0.0028,0.7359,0.7,1.0,0.3512,rice
Patna_Bihar,Patna,Bihar,25.6,85.1,83,43,111,7.4,62.7,2.33,2023,9056.4,36.175,14.223333333333333,25.199166666666667,68.37833333333333,19.220000000000002,20,0.47724166666666673,0.03229166666666667,-0.013095,0.5762,0.3783,0.0028,0.7359,0.7,1.0,0.3512,rice
Patna_Bihar,Patna,Bihar,25.6,85.1,83,43,111,7.4,62.7,2.33,2023,9056.4,36.175,14.223333333333333,25.199166666666667,68.37833333333333,19.220000000000002,20,0.47724166666666673,0.03229166666666667,-0.013095,0.5762,0.3783,0.0028,0.7359,0.7,1.0,0.3512,rice
Gaya_Bihar,Gaya,Bihar,24.8,85.0,75,38,98,7.62,59.1,1.99,2023,7994.3,36.906666666666666,14.178333333333335,25.5425,64.04,20.048333333333336,20,0.5870833333333333,0.028941666666666668,-0.013099,0.6861,0.4881,0.0032,0.6043,0.6267,1.0,0.3548,wheat
Gaya_Bihar,Gaya,Bihar,24.8,85.0,75,38,98,7.62,59.1,1.99,2023,7994.3,36.906666666666666,14.178333333333335,25.5425,64.04,20.048333333333336,20,0.5870833333333333,0.028941666666666668,-0.013099,0.6861,0.4881,0.0032,0.6043,0.6267,1.0,0.3548,wheat
Gaya_Bihar,Gaya,Bihar,24.8,85.0,75,38,98,7.62,59.1,1.99,2023,7994.3,36.906666666666666,14.178333333333335,25.5425,64.04,20.048333333333336,20,0.5870833333333333,0.028941666666666668,-0.013099,0.6861,0.4881,0.0032,0.6043,0.6267,1.0,0.3548,wheat
Gaya_Bihar,Gaya,Bihar,24.8,85.0,75,38,98,7.62,59.1,1.99,2023,7994.3,36.906666666666666,14.178333333333335,25.5425,64.04,20.048333333333336,20,0.5870833333333333,0.028941666666666668,-0.013099,0.6861,0.4881,0.0032,0.6043,0.6267,1.0,0.3548,wheat
Gaya_Bihar,Gaya,Bihar,24.8,85.0,75,38,98,7.62,59.1,1.99,2023,7994.3,36.906666666666666,14.178333333333335,25.5425,64.04,20.048333333333336,20,0.5870833333333333,0.028941666666666668,-0.013099,0.6861,0.4881,0.0032,0.6043,0.6267,1.0,0.3548,wheat
Gaya_Bihar,Gaya,Bihar,24.8,85.0,77,34,107,7.66,58.8,1.86,2023,7994.3,36.906666666666666,14.178333333333335,25.5425,64.04,20.048333333333336,20,0.5870833333333333,0.028941666666666668,-0.013099,0.6861,0.4881,0.0032,0.6152,0.6133,1.0,0.3612,wheat
Gaya_Bihar,Gaya,Bihar,24.8,85.0,77,34,107,7.66,58.8,1.86,2023,7994.3,36.906666666666666,14.178333333333335,25.5425,64.04,20.048333333333336,20,0.5870833333333333,0.028941666666666668,-0.013099,0.6861,0.4881,0.0032,0.6152,0.6133,1.0,0.3612,wheat
Gaya_Bihar,Gaya,Bihar,24.8,85.0,77,34,107,7.66,58.8,1.86,2023,7994.3,36.906666666666666,14.178333333333335,25.5425,64.04,20.048333333333336,20,0.5870833333333333,0.028941666666666668,-0.013099,0.6861,0.4881,0.0032,0.6152,0.6133,1.0,0.3612,wheat
Gaya_Bihar,Gaya,Bihar,24.8,85.0,77,34,107,7.66,58.8,1.86,2023,7994.3,36.906666666666666,14.178333333333335,25.5425,64.04,20.048333333333336,20,0.5870833333333333,0.028941666666666668,-0.013099,0.6861,0.4881,0.0032,0.6152,0.6133,1.0,0.3612,wheat
Gaya_Bihar,Gaya,Bihar,24.8,85.0,77,34,107,7.66,58.8,1.86,2023,7994.3,36.906666666666666,14.178333333333335,25.5425,64.04,20.048333333333336,20,0.5870833333333333,0.028941666666666668,-0.013099,0.6861,0.4881,0.0032,0.6152,0.6133,1.0,0.3612,wheat
Gaya_Bihar,Gaya,Bihar,24.8,85.0,71,40,111,7.72,57.8,2.06,2023,7994.3,36.906666666666666,14.178333333333335,25.5425,64.04,20.048333333333336,20,0.5870833333333333,0.028941666666666668,-0.013099,0.6861,0.4881,0.0032,0.6354,0.5933,1.0,0.373,wheat
Gaya_Bihar,Gaya,Bihar,24.8,85.0,71,40,111,7.72,57.8,2.06,2023,7994.3,36.906666666666666,14.178333333333335,25.5425,64.04,20.048333333333336,20,0.5870833333333333,0.028941666666666668,-0.013099,0.6861,0.4881,0.0032,0.6354,0.5933,1.0,0.373,wheat
Gaya_Bihar,Gaya,Bihar,24.8,85.0,71,40,111,7.72,57.8,2.06,2023,7994.3,36.906666666666666,14.178333333333335,25.5425,64.04,20.048333333333336,20,0.5870833333333333,0.028941666666666668,-0.013099,0.6861,0.4881,0.0032,0.6354,0.5933,1.0,0.373,wheat
Gaya_Bihar,Gaya,Bihar,24.8,85.0,71,40,111,7.72,57.8,2.06,2023,7994.3,36.906666666666666,14.178333333333335,25.5425,64.04,20.048333333333336,20,0.5870833333333333,0.028941666666666668,-0.013099,0.6861,0.4881,0.0032,0.6354,0.5933,1.0,0.373,wheat
Gaya_Bihar,Gaya,Bihar,24.8,85.0,71,40,111,7.72,57.8,2.06,2023,7994.3,36.906666666666666,14.178333333333335,25.5425,64.04,20.048333333333336,20,0.5870833333333333,0.028941666666666668,-0.013099,0.6861,0.4881,0.0032,0.6354,0.5933,1.0,0.373,wheat
Gaya_Bihar,Gaya,Bihar,24.8,85.0,70,36,99,7.53,53.3,1.91,2023,7994.3,36.906666666666666,14.178333333333335,25.5425,64.04,20.048333333333336,20,0.5870833333333333,0.028941666666666668,-0.013099,0.6861,0.4881,0.0032,0.5599,0.6567,1.0,0.3287,wheat
Gaya_Bihar,Gaya,Bihar,24.8,85.0,70,36,99,7.53,53.3,1.91,2023,7994.3,36.906666666666666,14.178333333333335,25.5425,64.04,20.048333333333336,20,0.5870833333333333,0.028941666666666668,-0.013099,0.6861,0.4881,0.0032,0.5599,0.6567,1.0,0.3287,wheat
Gaya_Bihar,Gaya,Bihar,24.8,85.0,70,36,99,7.53,53.3,1.91,2023,7994.3,36.906666666666666,14.178333333333335,25.5425,64.04,20.048333333333336,20,0.5870833333333333,0.028941666666666668,-0.013099,0.6861,0.4881,0.0032,0.5599,0.6567,1.0,0.3287,wheat
Gaya_Bihar,Gaya,Bihar,24.8,85.0,70,36,99,7.53,53.3,1.91,2023,7994.3,36.906666666666666,14.178333333333335,25.5425,64.04,20.048333333333336,20,0.5870833333333333,0.028941666666666668,-0.013099,0.6861,0.4881,0.0032,0.5599,0.6567,1.0,0.3287,wheat
Gaya_Bihar,Gaya,Bihar,24.8,85.0,70,36,99,7.53,53.3,1.91,2023,7994.3,36.906666666666666,14.178333333333335,25.5425,64.04,20.048333333333336,20,0.5870833333333333,0.028941666666666668,-0.013099,0.6861,0.4881,0.0032,0.5599,0.6567,1.0,0.3287,wheat
Gaya_Bihar,Gaya,Bihar,24.8,85.0,74,36,104,7.68,60.4,2.06,2023,7994.3,36.906666666666666,14.178333333333335,25.5425,64.04,20.048333333333336,20,0.5870833333333333,0.028941666666666668,-0.013099,0.6861,0.4881,0.0032,0.6017,0.6067,1.0,0.3532,wheat
Gaya_Bihar,Gaya,Bihar,24.8,85.0,74,36,104,7.68,60.4,2.06,2023,7994.3,36.906666666666666,14.178333333333335,25.5425,64.04,20.048333333333336,20,0.5870833333333333,0.028941666666666668,-0.013099,0.6861,0.4881,0.0032,0.6017,0.6067,1.0,0.3532,wheat
Gaya_Bihar,Gaya,Bihar,24.8,85.0,74,36,104,7.68,60.4,2.06,2023,7994.3,36.906666666666666,14.178333333333335,25.5425,64.04,20.048333333333336,20,0.5870833333333333,0.028941666666666668,-0.013099,0.6861,0.4881,0.0032,0.6017,0.6067,1.0,0.3532,wheat
Gaya_Bihar,Gaya,Bihar,24.8,85.0,74,36,104,7.68,60.4,2.06,2023,7994.3,36.906666666666666,14.178333333333335,25.5425,64.04,20.048333333333336,20,0.5870833333333333,0.028941666666666668,-0.013099,0.6861,0.4881,0.0032,0.6017,0.6067,1.0,0.3532,wheat
Gaya_Bihar,Gaya,Bihar,24.8,85.0,74,36,104,7.68,60.4,2.06,2023,7994.3,36.906666666666666,14.178333333333335,25.5425,64.04,20.048333333333336,20,0.5870833333333333,0.028941666666666668,-0.013099,0.6861,0.4881,0.0032,0.6017,0.6067,1.0,0.3532,wheat
Muzaffarpur_Bihar,Muzaffarpur,Bihar,26.1,85.4,74,40,111,7.24,64.2,2.47,2023,10063.5,34.611666666666665,14.075,24.34333333333333,68.90166666666667,17.841666666666665,20,0.43753333333333333,0.03210833333333333,-0.013097,0.5365,0.3385,0.0024,0.6548,0.7533,1.0,0.2865,rice
Muzaffarpur_Bihar,Muzaffarpur,Bihar,26.1,85.4,74,40,111,7.24,64.2,2.47,2023,10063.5,34.611666666666665,14.075,24.34333333333333,68.90166666666667,17.841666666666665,20,0.43753333333333333,0.03210833333333333,-0.013097,0.5365,0.3385,0.0024,0.6548,0.7533,1.0,0.2865,rice
Muzaffarpur_Bihar,Muzaffarpur,Bihar,26.1,85.4,74,40,111,7.24,64.2,2.47,2023,10063.5,34.611666666666665,14.075,24.34333333333333,68.90166666666667,17.841666666666665,20,0.43753333333333333,0.03210833333333333,-0.013097,0.5365,0.3385,0.0024,0.6548,0.7533,1.0,0.2865,rice
Muzaffarpur_Bihar,Muzaffarpur,Bihar,26.1,85.4,74,40,111,7.24,64.2,2.47,2023,10063.5,34.611666666666665,14.075,24.34333333333333,68.90166666666667,17.841666666666665,20,0.43753333333333333,0.03210833333333333,-0.013097,0.5365,0.3385,0.0024,0.6548,0.7533,1.0,0.2865,rice
Muzaffarpur_Bihar,Muzaffarpur,Bihar,26.1,85.4,74,40,111,7.24,64.2,2.47,2023,10063.5,34.611666666666665,14.075,24.34333333333333,68.90166666666667,17.841666666666665,20,0.43753333333333333,0.03210833333333333,-0.013097,0.5365,0.3385,0.0024,0.6548,0.7533,1.0,0.2865,rice
Muzaffarpur_Bihar,Muzaffarpur,Bihar,26.1,85.4,86,48,110,7.49,69.7,2.29,2023,10063.5,34.611666666666665,14.075,24.34333333333333,68.90166666666667,17.841666666666665,20,0.43753333333333333,0.03210833333333333,-0.013097,0.5365,0.3385,0.0024,0.7905,0.67,1.0,0.3459,rice
Muzaffarpur_Bihar,Muzaffarpur,Bihar,26.1,85.4,86,48,110,7.49,69.7,2.29,2023,10063.5,34.611666666666665,14.075,24.34333333333333,68.90166666666667,17.841666666666665,20,0.43753333333333333,0.03210833333333333,-0.013097,0.5365,0.3385,0.0024,0.7905,0.67,1.0,0.3459,rice
Muzaffarpur_Bihar,Muzaffarpur,Bihar,26.1,85.4,86,48,110,7.49,69.7,2.29,2023,10063.5,34.611666666666665,14.075,24.34333333333333,68.90166666666667,17.841666666666665,20,0.43753333333333333,0.03210833333333333,-0.013097,0.5365,0.3385,0.0024,0.7905,0.67,1.0,0.3459,rice
Muzaffarpur_Bihar,Muzaffarpur,Bihar,26.1,85.4,86,48,110,7.49,69.7,2.29,2023,10063.5,34.611666666666665,14.075,24.34333333333333,68.90166666666667,17.841666666666665,20,0.43753333333333333,0.03210833333333333,-0.013097,0.5365,0.3385,0.0024,0.7905,0.67,1.0,0.3459,rice
Muzaffarpur_Bihar,Muzaffarpur,Bihar,26.1,85.4,86,48,110,7.49,69.7,2.29,2023,10063.5,34.611666666666665,14.075,24.34333333333333,68.90166666666667,17.841666666666665,20,0.43753333333333333,0.03210833333333333,-0.013097,0.5365,0.3385,0.0024,0.7905,0.67,1.0,0.3459,rice
Muzaffarpur_Bihar,Muzaffarpur,Bihar,26.1,85.4,73,48,117,7.26,61.7,2.3,2023,10063.5,34.611666666666665,14.075,24.34333333333333,68.90166666666667,17.841666666666665,20,0.43753333333333333,0.03210833333333333,-0.013097,0.5365,0.3385,0.0024,0.729,0.7467,1.0,0.319,rice
Muzaffarpur_Bihar,Muzaffarpur,Bihar,26.1,85.4,73,48,117,7.26,61.7,2.3,2023,10063.5,34.611666666666665,14.075,24.34333333333333,68.90166666666667,17.841666666666665,20,0.43753333333333333,0.03210833333333333,-0.013097,0.5365,0.3385,0.0024,0.729,0.7467,1.0,0.319,rice
Muzaffarpur_Bihar,Muzaffarpur,Bihar,26.1,85.4,73,48,117,7.26,61.7,2.3,2023,10063.5,34.611666666666665,14.075,24.34333333333333,68.90166666666667,17.841666666666665,20,0.43753333333333333,0.03210833333333333,-0.013097,0.5365,0.3385,0.0024,0.729,0.7467,1.0,0.319,rice
Muzaffarpur_Bihar,Muzaffarpur,Bihar,26.1,85.4,73,48,117,7.26,61.7,2.3,2023,10063.5,34.611666666666665,14.075,24.34333333333333,68.90166666666667,17.841666666666665,20,0.43753333333333333,0.03210833333333333,-0.013097,0.5365,0.3385,0.0024,0.729,0.7467,1.0,0.319,rice
Muzaffarpur_Bihar,Muzaffarpur,Bihar,26.1,85.4,73,48,117,7.26,61.7,2.3,2023,10063.5,34.611666666666665,14.075,24.34333333333333,68.90166666666667,17.841666666666665,20,0.43753333333333333,0.03210833333333333,-0.013097,0.5365,0.3385,0.0024,0.729,0.7467,1.0,0.319,rice
Muzaffarpur_Bihar,Muzaffarpur,Bihar,26.1,85.4,79,47,123,7.32,68.0,2.37,2023,10063.5,34.611666666666665,14.075,24.34333333333333,68.90166666666667,17.841666666666665,20,0.43753333333333333,0.03210833333333333,-0.013097,0.5365,0.3385,0.0024,0.7792,0.7267,1.0,0.3409,rice
Muzaffarpur_Bihar,Muzaffarpur,Bihar,26.1,85.4,79,47,123,7.32,68.0,2.37,2023,10063.5,34.611666666666665,14.075,24.34333333333333,68.90166666666667,17.841666666666665,20,0.43753333333333333,0.03210833333333333,-0.013097,0.5365,0.3385,0.0024,0.7792,0.7267,1.0,0.3409,rice
Muzaffarpur_Bihar,Muzaffarpur,Bihar,26.1,85.4,79,47,123,7.32,68.0,2.37,2023,10063.5,34.611666666666665,14.075,24.34333333333333,68.90166666666667,17.841666666666665,20,0.43753333333333333,0.03210833333333333,-0.013097,0.5365,0.3385,0.0024,0.7792,0.7267,1.0,0.3409,rice
Muzaffarpur_Bihar,Muzaffarpur,Bihar,26.1,85.4,79,47,123,7.32,68.0,2.37,2023,10063.5,34.611666666666665,14.075,24.34333333333333,68.90166666666667,17.841666666666665,20,0.43753333333333333,0.03210833333333333,-0.013097,0.5365,0.3385,0.0024,0.7792,0.7267,1.0,0.3409,rice
Muzaffarpur_Bihar,Muzaffarpur,Bihar,26.1,85.4,79,47,123,7.32,68.0,2.37,2023,10063.5,34.611666666666665,14.075,24.34333333333333,68.90166666666667,17.841666666666665,20,0.43753333333333333,0.03210833333333333,-0.013097,0.5365,0.3385,0.0024,0.7792,0.7267,1.0,0.3409,rice
Muzaffarpur_Bihar,Muzaffarpur,Bihar,26.1,85.4,84,46,121,7.29,63.9,2.34,2023,10063.5,34.611666666666665,14.075,24.34333333333333,68.90166666666667,17.841666666666665,20,0.43753333333333333,0.03210833333333333,-0.013097,0.5365,0.3385,0.0024,0.7973,0.7367,1.0,0.3488,rice
Muzaffarpur_Bihar,Muzaffarpur,Bihar,26.1,85.4,84,46,121,7.29,63.9,2.34,2023,10063.5,34.611666666666665,14.075,24.34333333333333,68.90166666666667,17.841666666666665,20,0.43753333333333333,0.03210833333333333,-0.013097,0.5365,0.3385,0.0024,0.7973,0.7367,1.0,0.3488,rice
Muzaffarpur_Bihar,Muzaffarpur,Bihar,26.1,85.4,84,46,121,7.29,63.9,2.34,2023,10063.5,34.611666666666665,14.075,24.34333333333333,68.90166666666667,17.841666666666665,20,0.43753333333333333,0.03210833333333333,-0.013097,0.5365,0.3385,0.0024,0.7973,0.7367,1.0,0.3488,rice
Muzaffarpur_Bihar,Muzaffarpur,Bihar,26.1,85.4,84,46,121,7.29,63.9,2.34,2023,10063.5,34.611666666666665,14.075,24.34333333333333,68.90166666666667,17.841666666666665,20,0.43753333333333333,0.03210833333333333,-0.013097,0.5365,0.3385,0.0024,0.7973,0.7367,1.0,0.3488,rice
Muzaffarpur_Bihar,Muzaffarpur,Bihar,26.1,85.4,84,46,121,7.29,63.9,2.34,2023,10063.5,34.611666666666665,14.075,24.34333333333333,68.90166666666667,17.841666666666665,20,0.43753333333333333,0.03210833333333333,-0.013097,0.5365,0.3385,0.0024,0.7973,0.7367,1.0,0.3488,rice
Bhagalpur_Bihar,Bhagalpur,Bihar,25.2,87.0,74,41,104,7.43,62.4,2.24,2023,9685.7,36.330000000000005,14.955,25.6425,67.74333333333333,19.091666666666665,20,0.6432416666666666,0.03435,-0.013095,0.7422,0.5443,0.0026,0.6401,0.69,1.0,0.4117,rice
Bhagalpur_Bihar,Bhagalpur,Bihar,25.2,87.0,74,41,104,7.43,62.4,2.24,2023,9685.7,36.330000000000005,14.955,25.6425,67.74333333333333,19.091666666666665,20,0.6432416666666666,0.03435,-0.013095,0.7422,0.5443,0.0026,0.6401,0.69,1.0,0.4117,rice
Bhagalpur_Bihar,Bhagalpur,Bihar,25.2,87.0,74,41,104,7.43,62.4,2.24,2023,9685.7,36.330000000000005,14.955,25.6425,67.74333333333333,19.091666666666665,20,0.6432416666666666,0.03435,-0.013095,0.7422,0.5443,0.0026,0.6401,0.69,1.0,0.4117,rice
Bhagalpur_Bihar,Bhagalpur,Bihar,25.2,87.0,74,41,104,7.43,62.4,2.24,2023,9685.7,36.330000000000005,14.955,25.6425,67.74333333333333,19.091666666666665,20,0.6432416666666666,0.03435,-0.013095,0.7422,0.5443,0.0026,0.6401,0.69,1.0,0.4117,rice
Bhagalpur_Bihar,Bhagalpur,Bihar,25.2,87.0,74,41,104,7.43,62.4,2.24,2023,9685.7,36.330000000000005,14.955,25.6425,67.74333333333333,19.091666666666665,20,0.6432416666666666,0.03435,-0.013095,0.7422,0.5443,0.0026,0.6401,0.69,1.0,0.4117,rice
Bhagalpur_Bihar,Bhagalpur,Bihar,25.2,87.0,69,43,114,7.15,58.1,2.03,2023,9685.7,36.330000000000005,14.955,25.6425,67.74333333333333,19.091666666666665,20,0.6432416666666666,0.03435,-0.013095,0.7422,0.5443,0.0026,0.6552,0.7833,1.0,0.4215,rice
Bhagalpur_Bihar,Bhagalpur,Bihar,25.2,87.0,69,43,114,7.15,58.1,2.03,2023,9685.7,36.330000000000005,14.955,25.6425,67.74333333333333,19.091666666666665,20,0.6432416666666666,0.03435,-0.013095,0.7422,0.5443,0.0026,0.6552,0.7833,1.0,0.4215,rice
Bhagalpur_Bihar,Bhagalpur,Bihar,25.2,87.0,69,43,114,7.15,58.1,2.03,2023,9685.7,36.330000000000005,14.955,25.6425,67.74333333333333,19.091666666666665,20,0.6432416666666666,0.03435,-0.013095,0.7422,0.5443,0.0026,0.6552,0.7833,1.0,0.4215,rice
Bhagalpur_Bihar,Bhagalpur,Bihar,25.2,87.0,69,43,114,7.15,58.1,2.03,2023,9685.7,36.330000000000005,14.955,25.6425,67.74333333333333,19.091666666666665,20,0.6432416666666666,0.03435,-0.013095,0.7422,0.5443,0.0026,0.6552,0.7833,1.0,0.4215,rice
Bhagalpur_Bihar,Bhagalpur,Bihar,25.2,87.0,69,43,114,7.15,58.1,2.03,2023,9685.7,36.330000000000005,14.955,25.6425,67.74333333333333,19.091666666666665,20,0.6432416666666666,0.03435,-0.013095,0.7422,0.5443,0.0026,0.6552,0.7833,1.0,0.4215,rice
Bhagalpur_Bihar,Bhagalpur,Bihar,25.2,87.0,79,37,116,7.27,61.2,1.91,2023,9685.7,36.330000000000005,14.955,25.6425,67.74333333333333,19.091666666666665,20,0.6432416666666666,0.03435,-0.013095,0.7422,0.5443,0.0026,0.6799,0.7433,1.0,0.4373,rice
Bhagalpur_Bihar,Bhagalpur,Bihar,25.2,87.0,79,37,116,7.27,61.2,1.91,2023,9685.7,36.330000000000005,14.955,25.6425,67.74333333333333,19.091666666666665,20,0.6432416666666666,0.03435,-0.013095,0.7422,0.5443,0.0026,0.6799,0.7433,1.0,0.4373,rice
Bhagalpur_Bihar,Bhagalpur,Bihar,25.2,87.0,79,37,116,7.27,61.2,1.91,2023,9685.7,36.330000000000005,14.955,25.6425,67.74333333333333,19.091666666666665,20,0.6432416666666666,0.03435,-0.013095,0.7422,0.5443,0.0026,0.6799,0.7433,1.0,0.4373,rice
Bhagalpur_Bihar,Bhagalpur,Bihar,25.2,87.0,79,37,116,7.27,61.2,1.91,2023,9685.7,36.330000000000005,14.955,25.6425,67.74333333333333,19.091666666666665,20,0.6432416666666666,0.03435,-0.013095,0.7422,0.5443,0.0026,0.6799,0.7433,1.0,0.4373,rice
Bhagalpur_Bihar,Bhagalpur,Bihar,25.2,87.0,79,37,116,7.27,61.2,1.91,2023,9685.7,36.330000000000005,14.955,25.6425,67.74333333333333,19.091666666666665,20,0.6432416666666666,0.03435,-0.013095,0.7422,0.5443,0.0026,0.6799,0.7433,1.0,0.4373,rice
Bhagalpur_Bihar,Bhagalpur,Bihar,25.2,87.0,75,41,105,7.35,59.4,2.19,2023,9685.7,36.330000000000005,14.955,25.6425,67.74333333333333,19.091666666666665,20,0.6432416666666666,0.03435,-0.013095,0.7422,0.5443,0.0026,0.6498,0.7167,1.0,0.418,rice
Bhagalpur_Bihar,Bhagalpur,Bihar,25.2,87.0,75,41,105,7.35,59.4,2.19,2023,9685.7,36.330000000000005,14.955,25.6425,67.74333333333333,19.091666666666665,20,0.6432416666666666,0.03435,-0.013095,0.7422,0.5443,0.0026,0.6498,0.7167,1.0,0.418,rice
Bhagalpur_Bihar,Bhagalpur,Bihar,25.2,87.0,75,41,105,7.35,59.4,2.19,2023,9685.7,36.330000000000005,14.955,25.6425,67.74333333333333,19.091666666666665,20,0.6432416666666666,0.03435,-0.013095,0.7422,0.5443,0.0026,0.6498,0.7167,1.0,0.418,rice
Bhagalpur_Bihar,Bhagalpur,Bihar,25.2,87.0,75,41,105,7.35,59.4,2.19,2023,9685.7,36.330000000000005,14.955,25.6425,67.74333333333333,19.091666666666665,20,0.6432416666666666,0.03435,-0.013095,0.7422,0.5443,0.0026,0.6498,0.7167,1.0,0.418,rice
Bhagalpur_Bihar,Bhagalpur,Bihar,25.2,87.0,75,41,105,7.35,59.4,2.19,2023,9685.7,36.330000000000005,14.955,25.6425,67.74333333333333,19.091666666666665,20,0.6432416666666666,0.03435,-0.013095,0.7422,0.5443,0.0026,0.6498,0.7167,1.0,0.418,rice
Bhagalpur_Bihar,Bhagalpur,Bihar,25.2,87.0,77,42,104,7.43,61.2,2.28,2023,9685.7,36.330000000000005,14.955,25.6425,67.74333333333333,19.091666666666665,20,0.6432416666666666,0.03435,-0.013095,0.7422,0.5443,0.0026,0.6672,0.69,1.0,0.4292,rice
Bhagalpur_Bihar,Bhagalpur,Bihar,25.2,87.0,77,42,104,7.43,61.2,2.28,2023,9685.7,36.330000000000005,14.955,25.6425,67.74333333333333,19.091666666666665,20,0.6432416666666666,0.03435,-0.013095,0.7422,0.5443,0.0026,0.6672,0.69,1.0,0.4292,rice
Bhagalpur_Bihar,Bhagalpur,Bihar,25.2,87.0,77,42,104,7.43,61.2,2.28,2023,9685.7,36.330000000000005,14.955,25.6425,67.74333333333333,19.091666666666665,20,0.6432416666666666,0.03435,-0.013095,0.7422,0.5443,0.0026,0.6672,0.69,1.0,0.4292,rice
Bhagalpur_Bihar,Bhagalpur,Bihar,25.2,87.0,77,42,104,7.43,61.2,2.28,2023,9685.7,36.330000000000005,14.955,25.6425,67.74333333333333,19.091666666666665,20,0.6432416666666666,0.03435,-0.013095,0.7422,0.5443,0.0026,0.6672,0.69,1.0,0.4292,rice
Bhagalpur_Bihar,Bhagalpur,Bihar,25.2,87.0,77,42,104,7.43,61.2,2.28,2023,9685.7,36.330000000000005,14.955,25.6425,67.74333333333333,19.091666666666665,20,0.6432416666666666,0.03435,-0.013095,0.7422,0.5443,0.0026,0.6672,0.69,1.0,0.4292,rice
Darbhanga_Bihar,Darbhanga,Bihar,26.2,85.9,79,44,118,7.14,66.3,2.38,2023,10748.6,34.87166666666667,14.104999999999999,24.488333333333333,72.89333333333335,17.96333333333333,20,0.3072,0.02716666666666667,-0.013104,0.4062,0.2082,0.0023,0.7401,0.7867,1.0,0.2274,maize
Darbhanga_Bihar,Darbhanga,Bihar,26.2,85.9,79,44,118,7.14,66.3,2.38,2023,10748.6,34.87166666666667,14.104999999999999,24.488333333333333,72.89333333333335,17.96333333333333,20,0.3072,0.02716666666666667,-0.013104,0.4062,0.2082,0.0023,0.7401,0.7867,1.0,0.2274,maize
Darbhanga_Bihar,Darbhanga,Bihar,26.2,85.9,79,44,118,7.14,66.3,2.38,2023,10748.6,34.87166666666667,14.104999999999999,24.488333333333333,72.89333333333335,17.96333333333333,20,0.3072,0.02716666666666667,-0.013104,0.4062,0.2082,0.0023,0.7401,0.7867,1.0,0.2274,maize
Darbhanga_Bihar,Darbhanga,Bihar,26.2,85.9,79,44,118,7.14,66.3,2.38,2023,10748.6,34.87166666666667,14.104999999999999,24.488333333333333,72.89333333333335,17.96333333333333,20,0.3072,0.02716666666666667,-0.013104,0.4062,0.2082,0.0023,0.7401,0.7867,1.0,0.2274,maize
Darbhanga_Bihar,Darbhanga,Bihar,26.2,85.9,79,44,118,7.14,66.3,2.38,2023,10748.6,34.87166666666667,14.104999999999999,24.488333333333333,72.89333333333335,17.96333333333333,20,0.3072,0.02716666666666667,-0.013104,0.4062,0.2082,0.0023,0.7401,0.7867,1.0,0.2274,maize
Darbhanga_Bihar,Darbhanga,Bihar,26.2,85.9,80,44,112,7.13,61.3,2.16,2023,10748.6,34.87166666666667,14.104999999999999,24.488333333333333,72.89333333333335,17.96333333333333,20,0.3072,0.02716666666666667,-0.013104,0.4062,0.2082,0.0023,0.7274,0.79,1.0,0.2235,maize
Darbhanga_Bihar,Darbhanga,Bihar,26.2,85.9,80,44,112,7.13,61.3,2.16,2023,10748.6,34.87166666666667,14.104999999999999,24.488333333333333,72.89333333333335,17.96333333333333,20,0.3072,0.02716666666666667,-0.013104,0.4062,0.2082,0.0023,0.7274,0.79,1.0,0.2235,maize
Darbhanga_Bihar,Darbhanga,Bihar,26.2,85.9,80,44,112,7.13,61.3,2.16,2023,10748.6,34.87166666666667,14.104999999999999,24.488333333333333,72.89333333333335,17.96333333333333,20,0.3072,0.02716666666666667,-0.013104,0.4062,0.2082,0.0023,0.7274,0.79,1.0,0.2235,maize
Darbhanga_Bihar,Darbhanga,Bihar,26.2,85.9,80,44,112,7.13,61.3,2.16,2023,10748.6,34.87166666666667,14.104999999999999,24.488333333333333,72.89333333333335,17.96333333333333,20,0.3072,0.02716666666666667,-0.013104,0.4062,0.2082,0.0023,0.7274,0.79,1.0,0.2235,maize
Darbhanga_Bihar,Darbhanga,Bihar,26.2,85.9,80,44,112,7.13,61.3,2.16,2023,10748.6,34.87166666666667,14.104999999999999,24.488333333333333,72.89333333333335,17.96333333333333,20,0.3072,0.02716666666666667,-0.013104,0.4062,0.2082,0.0023,0.7274,0.79,1.0,0.2235,maize
Darbhanga_Bihar,Darbhanga,Bihar,26.2,85.9,70,44,114,7.31,68.6,2.1,2023,10748.6,34.87166666666667,14.104999999999999,24.488333333333333,72.89333333333335,17.96333333333333,20,0.3072,0.02716666666666667,-0.013104,0.4062,0.2082,0.0023,0.6693,0.73,1.0,0.2056,maize
Darbhanga_Bihar,Darbhanga,Bihar,26.2,85.9,70,44,114,7.31,68.6,2.1,2023,10748.6,34.87166666666667,14.104999999999999,24.488333333333333,72.89333333333335,17.96333333333333,20,0.3072,0.02716666666666667,-0.013104,0.4062,0.2082,0.0023,0.6693,0.73,1.0,0.2056,maize
Darbhanga_Bihar,Darbhanga,Bihar,26.2,85.9,70,44,114,7.31,68.6,2.1,2023,10748.6,34.87166666666667,14.104999999999999,24.488333333333333,72.89333333333335,17.96333333333333,20,0.3072,0.02716666666666667,-0.013104,0.4062,0.2082,0.0023,0.6693,0.73,1.0,0.2056,maize
Darbhanga_Bihar,Darbhanga,Bihar,26.2,85.9,70,44,114,7.31,68.6,2.1,2023,10748.6,34.87166666666667,14.104999999999999,24.488333333333333,72.89333333333335,17.96333333333333,20,0.3072,0.02716666666666667,-0.013104,0.4062,0.2082,0.0023,0.6693,0.73,1.0,0.2056,maize
Darbhanga_Bihar,Darbhanga,Bihar,26.2,85.9,70,44,114,7.31,68.6,2.1,2023,10748.6,34.87166666666667,14.104999999999999,24.488333333333333,72.89333333333335,17.96333333333333,20,0.3072,0.02716666666666667,-0.013104,0.4062,0.2082,0.0023,0.6693,0.73,1.0,0.2056,maize
Darbhanga_Bihar,Darbhanga,Bihar,26.2,85.9,79,41,114,7.07,64.6,2.34,2023,10748.6,34.87166666666667,14.104999999999999,24.488333333333333,72.89333333333335,17.96333333333333,20,0.3072,0.02716666666666667,-0.013104,0.4062,0.2082,0.0023,0.7043,0.81,1.0,0.2164,maize
Darbhanga_Bihar,Darbhanga,Bihar,26.2,85.9,79,41,114,7.07,64.6,2.34,2023,10748.6,34.87166666666667,14.104999999999999,24.488333333333333,72.89333333333335,17.96333333333333,20,0.3072,0.02716666666666667,-0.013104,0.4062,0.2082,0.0023,0.7043,0.81,1.0,0.2164,maize
Darbhanga_Bihar,Darbhanga,Bihar,26.2,85.9,79,41,114,7.07,64.6,2.34,2023,10748.6,34.87166666666667,14.104999999999999,24.488333333333333,72.89333333333335,17.96333333333333,20,0.3072,0.02716666666666667,-0.013104,0.4062,0.2082,0.0023,0.7043,0.81,1.0,0.2164,maize
Darbhanga_Bihar,Darbhanga,Bihar,26.2,85.9,79,41,114,7.07,64.6,2.34,2023,10748.6,34.87166666666667,14.104999999999999,24.488333333333333,72.89333333333335,17.96333333333333,20,0.3072,0.02716666666666667,-0.013104,0.4062,0.2082,0.0023,0.7043,0.81,1.0,0.2164,maize
Darbhanga_Bihar,Darbhanga,Bihar,26.2,85.9,79,41,114,7.07,64.6,2.34,2023,10748.6,34.87166666666667,14.104999999999999,24.488333333333333,72.89333333333335,17.96333333333333,20,0.3072,0.02716666666666667,-0.013104,0.4062,0.2082,0.0023,0.7043,0.81,1.0,0.2164,maize
Darbhanga_Bihar,Darbhanga,Bihar,26.2,85.9,79,42,109,7.39,60.8,2.13,2023,10748.6,34.87166666666667,14.104999999999999,24.488333333333333,72.89333333333335,17.96333333333333,20,0.3072,0.02716666666666667,-0.013104,0.4062,0.2082,0.0023,0.696,0.7033,1.0,0.2138,maize
Darbhanga_Bihar,Darbhanga,Bihar,26.2,85.9,79,42,109,7.39,60.8,2.13,2023,10748.6,34.87166666666667,14.104999999999999,24.488333333333333,72.89333333333335,17.96333333333333,20,0.3072,0.02716666666666667,-0.013104,0.4062,0.2082,0.0023,0.696,0.7033,1.0,0.2138,maize
Darbhanga_Bihar,Darbhanga,Bihar,26.2,85.9,79,42,109,7.39,60.8,2.13,2023,10748.6,34.87166666666667,14.104999999999999,24.488333333333333,72.89333333333335,17.96333333333333,20,0.3072,0.02716666666666667,-0.013104,0.4062,0.2082,0.0023,0.696,0.7033,1.0,0.2138,maize
Darbhanga_Bihar,Darbhanga,Bihar,26.2,85.9,79,42,109,7.39,60.8,2.13,2023,10748.6,34.87166666666667,14.104999999999999,24.488333333333333,72.89333333333335,17.96333333333333,20,0.3072,0.02716666666666667,-0.013104,0.4062,0.2082,0.0023,0.696,0.7033,1.0,0.2138,maize
Darbhanga_Bihar,Darbhanga,Bihar,26.2,85.9,79,42,109,7.39,60.8,2.13,2023,10748.6,34.87166666666667,14.104999999999999,24.488333333333333,72.89333333333335,17.96333333333333,20,0.3072,0.02716666666666667,-0.013104,0.4062,0.2082,0.0023,0.696,0.7033,1.0,0.2138,maize
Khurda_Odisha,Khurda,Odisha,20.2,85.8,77,43,116,6.69,68.3,2.37,2023,11786.5,35.15833333333333,22.038333333333334,28.598333333333336,74.72833333333332,18.858333333333334,20,0.3996416666666667,0.0313,-0.013095,0.4986,0.3007,0.0024,0.7132,0.9367,1.0,0.285,rice
Khurda_Odisha,Khurda,Odisha,20.2,85.8,77,43,116,6.69,68.3,2.37,2023,11786.5,35.15833333333333,22.038333333333334,28.598333333333336,74.72833333333332,18.858333333333334,20,0.3996416666666667,0.0313,-0.013095,0.4986,0.3007,0.0024,0.7132,0.9367,1.0,0.285,rice
Khurda_Odisha,Khurda,Odisha,20.2,85.8,77,43,116,6.69,68.3,2.37,2023,11786.5,35.15833333333333,22.038333333333334,28.598333333333336,74.72833333333332,18.858333333333334,20,0.3996416666666667,0.0313,-0.013095,0.4986,0.3007,0.0024,0.7132,0.9367,1.0,0.285,rice
Khurda_Odisha,Khurda,Odisha,20.2,85.8,77,43,116,6.69,68.3,2.37,2023,11786.5,35.15833333333333,22.038333333333334,28.598333333333336,74.72833333333332,18.858333333333334,20,0.3996416666666667,0.0313,-0.013095,0.4986,0.3007,0.0024,0.7132,0.9367,1.0,0.285,rice
Khurda_Odisha,Khurda,Odisha,20.2,85.8,77,43,116,6.69,68.3,2.37,2023,11786.5,35.15833333333333,22.038333333333334,28.598333333333336,74.72833333333332,18.858333333333334,20,0.3996416666666667,0.0313,-0.013095,0.4986,0.3007,0.0024,0.7132,0.9367,1.0,0.285,rice
Khurda_Odisha,Khurda,Odisha,20.2,85.8,77,36,111,7.0,60.3,2.24,2023,11786.5,35.15833333333333,22.038333333333334,28.598333333333336,74.72833333333332,18.858333333333334,20,0.3996416666666667,0.0313,-0.013095,0.4986,0.3007,0.0024,0.6434,0.8333,1.0,0.2571,rice
Khurda_Odisha,Khurda,Odisha,20.2,85.8,77,36,111,7.0,60.3,2.24,2023,11786.5,35.15833333333333,22.038333333333334,28.598333333333336,74.72833333333332,18.858333333333334,20,0.3996416666666667,0.0313,-0.013095,0.4986,0.3007,0.0024,0.6434,0.8333,1.0,0.2571,rice
Khurda_Odisha,Khurda,Odisha,20.2,85.8,77,36,111,7.0,60.3,2.24,2023,11786.5,35.15833333333333,22.038333333333334,28.598333333333336,74.72833333333332,18.858333333333334,20,0.3996416666666667,0.0313,-0.013095,0.4986,0.3007,0.0024,0.6434,0.8333,1.0,0.2571,rice
Khurda_Odisha,Khurda,Odisha,20.2,85.8,77,36,111,7.0,60.3,2.24,2023,11786.5,35.15833333333333,22.038333333333334,28.598333333333336,74.72833333333332,18.858333333333334,20,0.3996416666666667,0.0313,-0.013095,0.4986,0.3007,0.0024,0.6434,0.8333,1.0,0.2571,rice
Khurda_Odisha,Khurda,Odisha,20.2,85.8,77,36,111,7.0,60.3,2.24,2023,11786.5,35.15833333333333,22.038333333333334,28.598333333333336,74.72833333333332,18.858333333333334,20,0.3996416666666667,0.0313,-0.013095,0.4986,0.3007,0.0024,0.6434,0.8333,1.0,0.2571,rice
Khurda_Odisha,Khurda,Odisha,20.2,85.8,80,44,120,6.6,64.4,2.35,2023,11786.5,35.15833333333333,22.038333333333334,28.598333333333336,74.72833333333332,18.858333333333334,20,0.3996416666666667,0.0313,-0.013095,0.4986,0.3007,0.0024,0.753,0.9667,1.0,0.3009,rice
Khurda_Odisha,Khurda,Odisha,20.2,85.8,80,44,120,6.6,64.4,2.35,2023,11786.5,35.15833333333333,22.038333333333334,28.598333333333336,74.72833333333332,18.858333333333334,20,0.3996416666666667,0.0313,-0.013095,0.4986,0.3007,0.0024,0.753,0.9667,1.0,0.3009,rice
Khurda_Odisha,Khurda,Odisha,20.2,85.8,80,44,120,6.6,64.4,2.35,2023,11786.5,35.15833333333333,22.038333333333334,28.598333333333336,74.72833333333332,18.858333333333334,20,0.3996416666666667,0.0313,-0.013095,0.4986,0.3007,0.0024,0.753,0.9667,1.0,0.3009,rice
Khurda_Odisha,Khurda,Odisha,20.2,85.8,80,44,120,6.6,64.4,2.35,2023,11786.5,35.15833333333333,22.038333333333334,28.598333333333336,74.72833333333332,18.858333333333334,20,0.3996416666666667,0.0313,-0.013095,0.4986,0.3007,0.0024,0.753,0.9667,1.0,0.3009,rice
Khurda_Odisha,Khurda,Odisha,20.2,85.8,80,44,120,6.6,64.4,2.35,2023,11786.5,35.15833333333333,22.038333333333334,28.598333333333336,74.72833333333332,18.858333333333334,20,0.3996416666666667,0.0313,-0.013095,0.4986,0.3007,0.0024,0.753,0.9667,1.0,0.3009,rice
Khurda_Odisha,Khurda,Odisha,20.2,85.8,82,44,113,6.75,63.6,2.2,2023,11786.5,35.15833333333333,22.038333333333334,28.598333333333336,74.72833333333332,18.858333333333334,20,0.3996416666666667,0.0313,-0.013095,0.4986,0.3007,0.0024,0.7435,0.9167,1.0,0.2971,rice
Khurda_Odisha,Khurda,Odisha,20.2,85.8,82,44,113,6.75,63.6,2.2,2023,11786.5,35.15833333333333,22.038333333333334,28.598333333333336,74.72833333333332,18.858333333333334,20,0.3996416666666667,0.0313,-0.013095,0.4986,0.3007,0.0024,0.7435,0.9167,1.0,0.2971,rice
Khurda_Odisha,Khurda,Odisha,20.2,85.8,82,44,113,6.75,63.6,2.2,2023,11786.5,35.15833333333333,22.038333333333334,28.598333333333336,74.72833333333332,18.858333333333334,20,0.3996416666666667,0.0313,-0.013095,0.4986,0.3007,0.0024,0.7435,0.9167,1.0,0.2971,rice
Khurda_Odisha,Khurda,Odisha,20.2,85.8,82,44,113,6.75,63.6,2.2,2023,11786.5,35.15833333333333,22.038333333333334,28.598333333333336,74.72833333333332,18.858333333333334,20,0.3996416666666667,0.0313,-0.013095,0.4986,0.3007,0.0024,0.7435,0.9167,1.0,0.2971,rice
Khurda_Odisha,Khurda,Odisha,20.2,85.8,82,44,113,6.75,63.6,2.2,2023,11786.5,35.15833333333333,22.038333333333334,28.598333333333336,74.72833333333332,18.858333333333334,20,0.3996416666666667,0.0313,-0.013095,0.4986,0.3007,0.0024,0.7435,0.9167,1.0,0.2971,rice
Khurda_Odisha,Khurda,Odisha,20.2,85.8,82,43,113,6.94,60.5,2.24,2023,11786.5,35.15833333333333,22.038333333333334,28.598333333333336,74.72833333333332,18.858333333333334,20,0.3996416666666667,0.0313,-0.013095,0.4986,0.3007,0.0024,0.7358,0.8533,1.0,0.2941,rice
Khurda_Odisha,Khurda,Odisha,20.2,85.8,82,43,113,6.94,60.5,2.24,2023,11786.5,35.15833333333333,22.038333333333334,28.598333333333336,74.72833333333332,18.858333333333334,20,0.3996416666666667,0.0313,-0.013095,0.4986,0.3007,0.0024,0.7358,0.8533,1.0,0.2941,rice
Khurda_Odisha,Khurda,Odisha,20.2,85.8,82,43,113,6.94,60.5,2.24,2023,11786.5,35.15833333333333,22.038333333333334,28.598333333333336,74.72833333333332,18.858333333333334,20,0.3996416666666667,0.0313,-0.013095,0.4986,0.3007,0.0024,0.7358,0.8533,1.0,0.2941,rice
Khurda_Odisha,Khurda,Odisha,20.2,85.8,82,43,113,6.94,60.5,2.24,2023,11786.5,35.15833333333333,22.038333333333334,28.598333333333336,74.72833333333332,18.858333333333334,20,0.3996416666666667,0.0313,-0.013095,0.4986,0.3007,0.0024,0.7358,0.8533,1.0,0.2941,rice
Khurda_Odisha,Khurda,Odisha,20.2,85.8,82,43,113,6.94,60.5,2.24,2023,11786.5,35.15833333333333,22.038333333333334,28.598333333333336,74.72833333333332,18.858333333333334,20,0.3996416666666667,0.0313,-0.013095,0.4986,0.3007,0.0024,0.7358,0.8533,1.0,0.2941,rice
Cuttack_Odisha,Cuttack,Odisha,20.5,85.9,75,42,107,7.05,71.7,2.49,2023,11501.0,33.815000000000005,21.83,27.822499999999998,76.6,17.955,20,0.3985166666666667,0.032575,-0.013099,0.4975,0.2995,0.0024,0.6638,0.8167,1.0,0.2645,rice
Cuttack_Odisha,Cuttack,Odisha,20.5,85.9,75,42,107,7.05,71.7,2.49,2023,11501.0,33.815000000000005,21.83,27.822499999999998,76.6,17.955,20,0.3985166666666667,0.032575,-0.013099,0.4975,0.2995,0.0024,0.6638,0.8167,1.0,0.2645,rice
Cuttack_Odisha,Cuttack,Odisha,20.5,85.9,75,42,107,7.05,71.7,2.49,2023,11501.0,33.815000000000005,21.83,27.822499999999998,76.6,17.955,20,0.3985166666666667,0.032575,-0.013099,0.4975,0.2995,0.0024,0.6638,0.8167,1.0,0.2645,rice
Cuttack_Odisha,Cuttack,Odisha,20.5,85.9,75,42,107,7.05,71.7,2.49,2023,11501.0,33.815000000000005,21.83,27.822499999999998,76.6,17.955,20,0.3985166666666667,0.032575,-0.013099,0.4975,0.2995,0.0024,0.6638,0.8167,1.0,0.2645,rice
Cuttack_Odisha,Cuttack,Odisha,20.5,85.9,75,42,107,7.05,71.7,2.49,2023,11501.0,33.815000000000005,21.83,27.822499999999998,76.6,17.955,20,0.3985166666666667,0.032575,-0.013099,0.4975,0.2995,0.0024,0.6638,0.8167,1.0,0.2645,rice
Cuttack_Odisha,Cuttack,Odisha,20.5,85.9,85,45,117,6.82,67.2,2.49,2023,11501.0,33.815000000000005,21.83,27.822499999999998,76.6,17.955,20,0.3985166666666667,0.032575,-0.013099,0.4975,0.2995,0.0024,0.7833,0.8933,1.0,0.3122,rice
Cuttack_Odisha,Cuttack,Odisha,20.5,85.9,85,45,117,6.82,67.2,2.49,2023,11501.0,33.815000000000005,21.83,27.822499999999998,76.6,17.955,20,0.3985166666666667,0.032575,-0.013099,0.4975,0.2995,0.0024,0.7833,0.8933,1.0,0.3122,rice
Cuttack_Odisha,Cuttack,Odisha,20.5,85.9,85,45,117,6.82,67.2,2.49,2023,11501.0,33.815000000000005,21.83,27.822499999999998,76.6,17.955,20,0.3985166666666667,0.032575,-0.013099,0.4975,0.2995,0.0024,0.7833,0.8933,1.0,0.3122,rice
Cuttack_Odisha,Cuttack,Odisha,20.5,85.9,85,45,117,6.82,67.2,2.49,2023,11501.0,33.815000000000005,21.83,27.822499999999998,76.6,17.955,20,0.3985166666666667,0.032575,-0.013099,0.4975,0.2995,0.0024,0.7833,0.8933,1.0,0.3122,rice
Cuttack_Odisha,Cuttack,Odisha,20.5,85.9,85,45,117,6.82,67.2,2.49,2023,11501.0,33.815000000000005,21.83,27.822499999999998,76.6,17.955,20,0.3985166666666667,0.032575,-0.013099,0.4975,0.2995,0.0024,0.7833,0.8933,1.0,0.3122,rice
Cuttack_Odisha,Cuttack,Odisha,20.5,85.9,76,41,122,6.87,65.5,2.57,2023,11501.0,33.815000000000005,21.83,27.822499999999998,76.6,17.955,20,0.3985166666666667,0.032575,-0.013099,0.4975,0.2995,0.0024,0.7105,0.8767,1.0,0.2831,rice
Cuttack_Odisha,Cuttack,Odisha,20.5,85.9,76,41,122,6.87,65.5,2.57,2023,11501.0,33.815000000000005,21.83,27.822499999999998,76.6,17.955,20,0.3985166666666667,0.032575,-0.013099,0.4975,0.2995,0.0024,0.7105,0.8767,1.0,0.2831,rice
Cuttack_Odisha,Cuttack,Odisha,20.5,85.9,76,41,122,6.87,65.5,2.57,2023,11501.0,33.815000000000005,21.83,27.822499999999998,76.6,17.955,20,0.3985166666666667,0.032575,-0.013099,0.4975,0.2995,0.0024,0.7105,0.8767,1.0,0.2831,rice
Cuttack_Odisha,Cuttack,Odisha,20.5,85.9,76,41,122,6.87,65.5,2.57,2023,11501.0,33.815000000000005,21.83,27.822499999999998,76.6,17.955,20,0.3985166666666667,0.032575,-0.013099,0.4975,0.2995,0.0024,0.7105,0.8767,1.0,0.2831,rice
Cuttack_Odisha,Cuttack,Odisha,20.5,85.9,76,41,122,6.87,65.5,2.57,2023,11501.0,33.815000000000005,21.83,27.822499999999998,76.6,17.955,20,0.3985166666666667,0.032575,-0.013099,0.4975,0.2995,0.0024,0.7105,0.8767,1.0,0.2831,rice
Cuttack_Odisha,Cuttack,Odisha,20.5,85.9,71,38,107,6.76,63.2,2.58,2023,11501.0,33.815000000000005,21.83,27.822499999999998,76.6,17.955,20,0.3985166666666667,0.032575,-0.013099,0.4975,0.2995,0.0024,0.6073,0.9133,1.0,0.242,rice
Cuttack_Odisha,Cuttack,Odisha,20.5,85.9,71,38,107,6.76,63.2,2.58,2023,11501.0,33.815000000000005,21.83,27.822499999999998,76.6,17.955,20,0.3985166666666667,0.032575,-0.013099,0.4975,0.2995,0.0024,0.6073,0.9133,1.0,0.242,rice
Cuttack_Odisha,Cuttack,Odisha,20.5,85.9,71,38,107,6.76,63.2,2.58,2023,11501.0,33.815000000000005,21.83,27.822499999999998,76.6,17.955,20,0.3985166666666667,0.032575,-0.013099,0.4975,0.2995,0.0024,0.6073,0.9133,1.0,0.242,rice
Cuttack_Odisha,Cuttack,Odisha,20.5,85.9,71,38,107,6.76,63.2,2.58,2023,11501.0,33.815000000000005,21.83,27.822499999999998,76.6,17.955,20,0.3985166666666667,0.032575,-0.013099,0.4975,0.2995,0.0024,0.6073,0.9133,1.0,0.242,rice
Cuttack_Odisha,Cuttack,Odisha,20.5,85.9,71,38,107,6.76,63.2,2.58,2023,11501.0,33.815000000000005,21.83,27.822499999999998,76.6,17.955,20,0.3985166666666667,0.032575,-0.013099,0.4975,0.2995,0.0024,0.6073,0.9133,1.0,0.242,rice
Cuttack_Odisha,Cuttack,Odisha,20.5,85.9,72,39,111,6.81,69.2,2.58,2023,11501.0,33.815000000000005,21.83,27.822499999999998,76.6,17.955,20,0.3985166666666667,0.032575,-0.013099,0.4975,0.2995,0.0024,0.6342,0.8967,1.0,0.2527,rice
Cuttack_Odisha,Cuttack,Odisha,20.5,85.9,72,39,111,6.81,69.2,2.58,2023,11501.0,33.815000000000005,21.83,27.822499999999998,76.6,17.955,20,0.3985166666666667,0.032575,-0.013099,0.4975,0.2995,0.0024,0.6342,0.8967,1.0,0.2527,rice
Cuttack_Odisha,Cuttack,Odisha,20.5,85.9,72,39,111,6.81,69.2,2.58,2023,11501.0,33.815000000000005,21.83,27.822499999999998,76.6,17.955,20,0.3985166666666667,0.032575,-0.013099,0.4975,0.2995,0.0024,0.6342,0.8967,1.0,0.2527,rice
Cuttack_Odisha,Cuttack,Odisha,20.5,85.9,72,39,111,6.81,69.2,2.58,2023,11501.0,33.815000000000005,21.83,27.822499999999998,76.6,17.955,20,0.3985166666666667,0.032575,-0.013099,0.4975,0.2995,0.0024,0.6342,0.8967,1.0,0.2527,rice
Cuttack_Odisha,Cuttack,Odisha,20.5,85.9,72,39,111,6.81,69.2,2.58,2023,11501.0,33.815000000000005,21.83,27.822499999999998,76.6,17.955,20,0.3985166666666667,0.032575,-0.013099,0.4975,0.2995,0.0024,0.6342,0.8967,1.0,0.2527,rice
Sambalpur_Odisha,Sambalpur,Odisha,21.5,83.9,63,38,108,7.0,61.5,2.02,2023,10946.0,36.055,19.884999999999998,27.970000000000002,69.2,20.15666666666667,20,0.6810416666666667,0.03534166666666667,-0.013095,0.78,0.5821,0.0026,0.5588,0.8333,1.0,0.3806,rice
Sambalpur_Odisha,Sambalpur,Odisha,21.5,83.9,63,38,108,7.0,61.5,2.02,2023,10946.0,36.055,19.884999999999998,27.970000000000002,69.2,20.15666666666667,20,0.6810416666666667,0.03534166666666667,-0.013095,0.78,0.5821,0.0026,0.5588,0.8333,1.0,0.3806,rice
Sambalpur_Odisha,Sambalpur,Odisha,21.5,83.9,63,38,108,7.0,61.5,2.02,2023,10946.0,36.055,19.884999999999998,27.970000000000002,69.2,20.15666666666667,20,0.6810416666666667,0.03534166666666667,-0.013095,0.78,0.5821,0.0026,0.5588,0.8333,1.0,0.3806,rice
Sambalpur_Odisha,Sambalpur,Odisha,21.5,83.9,63,38,108,7.0,61.5,2.02,2023,10946.0,36.055,19.884999999999998,27.970000000000002,69.2,20.15666666666667,20,0.6810416666666667,0.03534166666666667,-0.013095,0.78,0.5821,0.0026,0.5588,0.8333,1.0,0.3806,rice
Sambalpur_Odisha,Sambalpur,Odisha,21.5,83.9,63,38,108,7.0,61.5,2.02,2023,10946.0,36.055,19.884999999999998,27.970000000000002,69.2,20.15666666666667,20,0.6810416666666667,0.03534166666666667,-0.013095,0.78,0.5821,0.0026,0.5588,0.8333,1.0,0.3806,rice
Sambalpur_Odisha,Sambalpur,Odisha,21.5,83.9,69,42,114,6.96,62.1,1.95,2023,10946.0,36.055,19.884999999999998,27.970000000000002,69.2,20.15666666666667,20,0.6810416666666667,0.03534166666666667,-0.013095,0.78,0.5821,0.0026,0.6475,0.8467,1.0,0.441,rice
Sambalpur_Odisha,Sambalpur,Odisha,21.5,83.9,69,42,114,6.96,62.1,1.95,2023,10946.0,36.055,19.884999999999998,27.970000000000002,69.2,20.15666666666667,20,0.6810416666666667,0.03534166666666667,-0.013095,0.78,0.5821,0.0026,0.6475,0.8467,1.0,0.441,rice
Sambalpur_Odisha,Sambalpur,Odisha,21.5,83.9,69,42,114,6.96,62.1,1.95,2023,10946.0,36.055,19.884999999999998,27.970000000000002,69.2,20.15666666666667,20,0.6810416666666667,0.03534166666666667,-0.013095,0.78,0.5821,0.0026,0.6475,0.8467,1.0,0.441,rice
Sambalpur_Odisha,Sambalpur,Odisha,21.5,83.9,69,42,114,6.96,62.1,1.95,2023,10946.0,36.055,19.884999999999998,27.970000000000002,69.2,20.15666666666667,20,0.6810416666666667,0.03534166666666667,-0.013095,0.78,0.5821,0.0026,0.6475,0.8467,1.0,0.441,rice
Sambalpur_Odisha,Sambalpur,Odisha,21.5,83.9,69,42,114,6.96,62.1,1.95,2023,10946.0,36.055,19.884999999999998,27.970000000000002,69.2,20.15666666666667,20,0.6810416666666667,0.03534166666666667,-0.013095,0.78,0.5821,0.0026,0.6475,0.8467,1.0,0.441,rice
Sambalpur_Odisha,Sambalpur,Odisha,21.5,83.9,63,40,112,6.9,62.8,2.26,2023,10946.0,36.055,19.884999999999998,27.970000000000002,69.2,20.15666666666667,20,0.6810416666666667,0.03534166666666667,-0.013095,0.78,0.5821,0.0026,0.587,0.8667,1.0,0.3998,rice
Sambalpur_Odisha,Sambalpur,Odisha,21.5,83.9,63,40,112,6.9,62.8,2.26,2023,10946.0,36.055,19.884999999999998,27.970000000000002,69.2,20.15666666666667,20,0.6810416666666667,0.03534166666666667,-0.013095,0.78,0.5821,0.0026,0.587,0.8667,1.0,0.3998,rice
Sambalpur_Odisha,Sambalpur,Odisha,21.5,83.9,63,40,112,6.9,62.8,2.26,2023,10946.0,36.055,19.884999999999998,27.970000000000002,69.2,20.15666666666667,20,0.6810416666666667,0.03534166666666667,-0.013095,0.78,0.5821,0.0026,0.587,0.8667,1.0,0.3998,rice
Sambalpur_Odisha,Sambalpur,Odisha,21.5,83.9,63,40,112,6.9,62.8,2.26,2023,10946.0,36.055,19.884999999999998,27.970000000000002,69.2,20.15666666666667,20,0.6810416666666667,0.03534166666666667,-0.013095,0.78,0.5821,0.0026,0.587,0.8667,1.0,0.3998,rice
Sambalpur_Odisha,Sambalpur,Odisha,21.5,83.9,63,40,112,6.9,62.8,2.26,2023,10946.0,36.055,19.884999999999998,27.970000000000002,69.2,20.15666666666667,20,0.6810416666666667,0.03534166666666667,-0.013095,0.78,0.5821,0.0026,0.587,0.8667,1.0,0.3998,rice
Sambalpur_Odisha,Sambalpur,Odisha,21.5,83.9,74,42,104,6.86,61.6,1.94,2023,10946.0,36.055,19.884999999999998,27.970000000000002,69.2,20.15666666666667,20,0.6810416666666667,0.03534166666666667,-0.013095,0.78,0.5821,0.0026,0.6478,0.88,1.0,0.4412,rice
Sambalpur_Odisha,Sambalpur,Odisha,21.5,83.9,74,42,104,6.86,61.6,1.94,2023,10946.0,36.055,19.884999999999998,27.970000000000002,69.2,20.15666666666667,20,0.6810416666666667,0.03534166666666667,-0.013095,0.78,0.5821,0.0026,0.6478,0.88,1.0,0.4412,rice
Sambalpur_Odisha,Sambalpur,Odisha,21.5,83.9,74,42,104,6.86,61.6,1.94,2023,10946.0,36.055,19.884999999999998,27.970000000000002,69.2,20.15666666666667,20,0.6810416666666667,0.03534166666666667,-0.013095,0.78,0.5821,0.0026,0.6478,0.88,1.0,0.4412,rice
Sambalpur_Odisha,Sambalpur,Odisha,21.5,83.9,74,42,104,6.86,61.6,1.94,2023,10946.0,36.055,19.884999999999998,27.970000000000002,69.2,20.15666666666667,20,0.6810416666666667,0.03534166666666667,-0.013095,0.78,0.5821,0.0026,0.6478,0.88,1.0,0.4412,rice
Sambalpur_Odisha,Sambalpur,Odisha,21.5,83.9,74,42,104,6.86,61.6,1.94,2023,10946.0,36.055,19.884999999999998,27.970000000000002,69.2,20.15666666666667,20,0.6810416666666667,0.03534166666666667,-0.013095,0.78,0.5821,0.0026,0.6478,0.88,1.0,0.4412,rice
Sambalpur_Odisha,Sambalpur,Odisha,21.5,83.9,75,42,114,6.83,59.0,1.99,2023,10946.0,36.055,19.884999999999998,27.970000000000002,69.2,20.15666666666667,20,0.6810416666666667,0.03534166666666667,-0.013095,0.78,0.5821,0.0026,0.6862,0.89,1.0,0.4673,rice
Sambalpur_Odisha,Sambalpur,Odisha,21.5,83.9,75,42,114,6.83,59.0,1.99,2023,10946.0,36.055,19.884999999999998,27.970000000000002,69.2,20.15666666666667,20,0.6810416666666667,0.03534166666666667,-0.013095,0.78,0.5821,0.0026,0.6862,0.89,1.0,0.4673,rice
Sambalpur_Odisha,Sambalpur,Odisha,21.5,83.9,75,42,114,6.83,59.0,1.99,2023,10946.0,36.055,19.884999999999998,27.970000000000002,69.2,20.15666666666667,20,0.6810416666666667,0.03534166666666667,-0.013095,0.78,0.5821,0.0026,0.6862,0.89,1.0,0.4673,rice
Sambalpur_Odisha,Sambalpur,Odisha,21.5,83.9,75,42,114,6.83,59.0,1.99,2023,10946.0,36.055,19.884999999999998,27.970000000000002,69.2,20.15666666666667,20,0.6810416666666667,0.03534166666666667,-0.013095,0.78,0.5821,0.0026,0.6862,0.89,1.0,0.4673,rice
Sambalpur_Odisha,Sambalpur,Odisha,21.5,83.9,75,42,114,6.83,59.0,1.99,2023,10946.0,36.055,19.884999999999998,27.970000000000002,69.2,20.15666666666667,20,0.6810416666666667,0.03534166666666667,-0.013095,0.78,0.5821,0.0026,0.6862,0.89,1.0,0.4673,rice
Koraput_Odisha,Koraput,Odisha,18.8,82.7,60,36,105,6.49,73.6,2.44,2023,13233.5,32.05166666666666,18.038333333333334,25.045,78.50833333333334,17.23,20,0.6449416666666666,0.029475,-0.013095,0.7439,0.546,0.0019,0.5145,0.9967,1.0,0.3318,black_gram
Koraput_Odisha,Koraput,Odisha,18.8,82.7,60,36,105,6.49,73.6,2.44,2023,13233.5,32.05166666666666,18.038333333333334,25.045,78.50833333333334,17.23,20,0.6449416666666666,0.029475,-0.013095,0.7439,0.546,0.0019,0.5145,0.9967,1.0,0.3318,black_gram
Koraput_Odisha,Koraput,Odisha,18.8,82.7,60,36,105,6.49,73.6,2.44,2023,13233.5,32.05166666666666,18.038333333333334,25.045,78.50833333333334,17.23,20,0.6449416666666666,0.029475,-0.013095,0.7439,0.546,0.0019,0.5145,0.9967,1.0,0.3318,black_gram
Koraput_Odisha,Koraput,Odisha,18.8,82.7,60,36,105,6.49,73.6,2.44,2023,13233.5,32.05166666666666,18.038333333333334,25.045,78.50833333333334,17.23,20,0.6449416666666666,0.029475,-0.013095,0.7439,0.546,0.0019,0.5145,0.9967,1.0,0.3318,black_gram
Koraput_Odisha,Koraput,Odisha,18.8,82.7,60,36,105,6.49,73.6,2.44,2023,13233.5,32.05166666666666,18.038333333333334,25.045,78.50833333333334,17.23,20,0.6449416666666666,0.029475,-0.013095,0.7439,0.546,0.0019,0.5145,0.9967,1.0,0.3318,black_gram
Koraput_Odisha,Koraput,Odisha,18.8,82.7,60,32,107,6.56,73.8,2.5,2023,13233.5,32.05166666666666,18.038333333333334,25.045,78.50833333333334,17.23,20,0.6449416666666666,0.029475,-0.013095,0.7439,0.546,0.0019,0.4901,0.98,1.0,0.3161,black_gram
Koraput_Odisha,Koraput,Odisha,18.8,82.7,60,32,107,6.56,73.8,2.5,2023,13233.5,32.05166666666666,18.038333333333334,25.045,78.50833333333334,17.23,20,0.6449416666666666,0.029475,-0.013095,0.7439,0.546,0.0019,0.4901,0.98,1.0,0.3161,black_gram
Koraput_Odisha,Koraput,Odisha,18.8,82.7,60,32,107,6.56,73.8,2.5,2023,13233.5,32.05166666666666,18.038333333333334,25.045,78.50833333333334,17.23,20,0.6449416666666666,0.029475,-0.013095,0.7439,0.546,0.0019,0.4901,0.98,1.0,0.3161,black_gram
Koraput_Odisha,Koraput,Odisha,18.8,82.7,60,32,107,6.56,73.8,2.5,2023,13233.5,32.05166666666666,18.038333333333334,25.045,78.50833333333334,17.23,20,0.6449416666666666,0.029475,-0.013095,0.7439,0.546,0.0019,0.4901,0.98,1.0,0.3161,black_gram
Koraput_Odisha,Koraput,Odisha,18.8,82.7,60,32,107,6.56,73.8,2.5,2023,13233.5,32.05166666666666,18.038333333333334,25.045,78.50833333333334,17.23,20,0.6449416666666666,0.029475,-0.013095,0.7439,0.546,0.0019,0.4901,0.98,1.0,0.3161,black_gram
Koraput_Odisha,Koraput,Odisha,18.8,82.7,62,32,98,6.39,69.5,2.75,2023,13233.5,32.05166666666666,18.038333333333334,25.045,78.50833333333334,17.23,20,0.6449416666666666,0.029475,-0.013095,0.7439,0.546,0.0019,0.4743,0.9633,1.0,0.3059,black_gram
Koraput_Odisha,Koraput,Odisha,18.8,82.7,62,32,98,6.39,69.5,2.75,2023,13233.5,32.05166666666666,18.038333333333334,25.045,78.50833333333334,17.23,20,0.6449416666666666,0.029475,-0.013095,0.7439,0.546,0.0019,0.4743,0.9633,1.0,0.3059,black_gram
Koraput_Odisha,Koraput,Odisha,18.8,82.7,62,32,98,6.39,69.5,2.75,2023,13233.5,32.05166666666666,18.038333333333334,25.045,78.50833333333334,17.23,20,0.6449416666666666,0.029475,-0.013095,0.7439,0.546,0.0019,0.4743,0.9633,1.0,0.3059,black_gram
Koraput_Odisha,Koraput,Odisha,18.8,82.7,62,32,98,6.39,69.5,2.75,2023,13233.5,32.05166666666666,18.038333333333334,25.045,78.50833333333334,17.23,20,0.6449416666666666,0.029475,-0.013095,0.7439,0.546,0.0019,0.4743,0.9633,1.0,0.3059,black_gram
Koraput_Odisha,Koraput,Odisha,18.8,82.7,62,32,98,6.39,69.5,2.75,2023,13233.5,32.05166666666666,18.038333333333334,25.045,78.50833333333334,17.23,20,0.6449416666666666,0.029475,-0.013095,0.7439,0.546,0.0019,0.4743,0.9633,1.0,0.3059,black_gram
Koraput_Odisha,Koraput,Odisha,18.8,82.7,60,39,108,6.69,66.9,2.45,2023,13233.5,32.05166666666666,18.038333333333334,25.045,78.50833333333334,17.23,20,0.6449416666666666,0.029475,-0.013095,0.7439,0.546,0.0019,0.5472,0.9367,1.0,0.3529,black_gram
Koraput_Odisha,Koraput,Odisha,18.8,82.7,60,39,108,6.69,66.9,2.45,2023,13233.5,32.05166666666666,18.038333333333334,25.045,78.50833333333334,17.23,20,0.6449416666666666,0.029475,-0.013095,0.7439,0.546,0.0019,0.5472,0.9367,1.0,0.3529,black_gram
Koraput_Odisha,Koraput,Odisha,18.8,82.7,60,39,108,6.69,66.9,2.45,2023,13233.5,32.05166666666666,18.038333333333334,25.045,78.50833333333334,17.23,20,0.6449416666666666,0.029475,-0.013095,0.7439,0.546,0.0019,0.5472,0.9367,1.0,0.3529,black_gram
Koraput_Odisha,Koraput,Odisha,18.8,82.7,60,39,108,6.69,66.9,2.45,2023,13233.5,32.05166666666666,18.038333333333334,25.045,78.50833333333334,17.23,20,0.6449416666666666,0.029475,-0.013095,0.7439,0.546,0.0019,0.5472,0.9367,1.0,0.3529,black_gram
Koraput_Odisha,Koraput,Odisha,18.8,82.7,60,39,108,6.69,66.9,2.45,2023,13233.5,32.05166666666666,18.038333333333334,25.045,78.50833333333334,17.23,20,0.6449416666666666,0.029475,-0.013095,0.7439,0.546,0.0019,0.5472,0.9367,1.0,0.3529,black_gram
Koraput_Odisha,Koraput,Odisha,18.8,82.7,75,34,95,6.48,65.4,2.5,2023,13233.5,32.05166666666666,18.038333333333334,25.045,78.50833333333334,17.23,20,0.6449416666666666,0.029475,-0.013095,0.7439,0.546,0.0019,0.564,0.9933,1.0,0.3637,black_gram
Koraput_Odisha,Koraput,Odisha,18.8,82.7,75,34,95,6.48,65.4,2.5,2023,13233.5,32.05166666666666,18.038333333333334,25.045,78.50833333333334,17.23,20,0.6449416666666666,0.029475,-0.013095,0.7439,0.546,0.0019,0.564,0.9933,1.0,0.3637,black_gram
Koraput_Odisha,Koraput,Odisha,18.8,82.7,75,34,95,6.48,65.4,2.5,2023,13233.5,32.05166666666666,18.038333333333334,25.045,78.50833333333334,17.23,20,0.6449416666666666,0.029475,-0.013095,0.7439,0.546,0.0019,0.564,0.9933,1.0,0.3637,black_gram
Koraput_Odisha,Koraput,Odisha,18.8,82.7,75,34,95,6.48,65.4,2.5,2023,13233.5,32.05166666666666,18.038333333333334,25.045,78.50833333333334,17.23,20,0.6449416666666666,0.029475,-0.013095,0.7439,0.546,0.0019,0.564,0.9933,1.0,0.3637,black_gram
Koraput_Odisha,Koraput,Odisha,18.8,82.7,75,34,95,6.48,65.4,2.5,2023,13233.5,32.05166666666666,18.038333333333334,25.045,78.50833333333334,17.23,20,0.6449416666666666,0.029475,-0.013095,0.7439,0.546,0.0019,0.564,0.9933,1.0,0.3637,black_gram
Mayurbhanj_Odisha,Mayurbhanj,Odisha,21.9,86.7,67,38,105,6.56,67.9,2.39,2023,12468.300000000001,33.51166666666667,20.011666666666667,26.761666666666667,74.13666666666667,18.091666666666665,20,0.3324416666666667,0.027466666666666667,-0.013095,0.4314,0.2335,0.0021,0.5751,0.98,1.0,0.1912,maize
Mayurbhanj_Odisha,Mayurbhanj,Odisha,21.9,86.7,67,38,105,6.56,67.9,2.39,2023,12468.300000000001,33.51166666666667,20.011666666666667,26.761666666666667,74.13666666666667,18.091666666666665,20,0.3324416666666667,0.027466666666666667,-0.013095,0.4314,0.2335,0.0021,0.5751,0.98,1.0,0.1912,maize
Mayurbhanj_Odisha,Mayurbhanj,Odisha,21.9,86.7,67,38,105,6.56,67.9,2.39,2023,12468.300000000001,33.51166666666667,20.011666666666667,26.761666666666667,74.13666666666667,18.091666666666665,20,0.3324416666666667,0.027466666666666667,-0.013095,0.4314,0.2335,0.0021,0.5751,0.98,1.0,0.1912,maize
Mayurbhanj_Odisha,Mayurbhanj,Odisha,21.9,86.7,67,38,105,6.56,67.9,2.39,2023,12468.300000000001,33.51166666666667,20.011666666666667,26.761666666666667,74.13666666666667,18.091666666666665,20,0.3324416666666667,0.027466666666666667,-0.013095,0.4314,0.2335,0.0021,0.5751,0.98,1.0,0.1912,maize
Mayurbhanj_Odisha,Mayurbhanj,Odisha,21.9,86.7,67,38,105,6.56,67.9,2.39,2023,12468.300000000001,33.51166666666667,20.011666666666667,26.761666666666667,74.13666666666667,18.091666666666665,20,0.3324416666666667,0.027466666666666667,-0.013095,0.4314,0.2335,0.0021,0.5751,0.98,1.0,0.1912,maize
Mayurbhanj_Odisha,Mayurbhanj,Odisha,21.9,86.7,77,40,109,6.51,61.7,2.27,2023,12468.300000000001,33.51166666666667,20.011666666666667,26.761666666666667,74.13666666666667,18.091666666666665,20,0.3324416666666667,0.027466666666666667,-0.013095,0.4314,0.2335,0.0021,0.6677,0.9967,1.0,0.222,maize
Mayurbhanj_Odisha,Mayurbhanj,Odisha,21.9,86.7,77,40,109,6.51,61.7,2.27,2023,12468.300000000001,33.51166666666667,20.011666666666667,26.761666666666667,74.13666666666667,18.091666666666665,20,0.3324416666666667,0.027466666666666667,-0.013095,0.4314,0.2335,0.0021,0.6677,0.9967,1.0,0.222,maize
Mayurbhanj_Odisha,Mayurbhanj,Odisha,21.9,86.7,77,40,109,6.51,61.7,2.27,2023,12468.300000000001,33.51166666666667,20.011666666666667,26.761666666666667,74.13666666666667,18.091666666666665,20,0.3324416666666667,0.027466666666666667,-0.013095,0.4314,0.2335,0.0021,0.6677,0.9967,1.0,0.222,maize
Mayurbhanj_Odisha,Mayurbhanj,Odisha,21.9,86.7,77,40,109,6.51,61.7,2.27,2023,12468.300000000001,33.51166666666667,20.011666666666667,26.761666666666667,74.13666666666667,18.091666666666665,20,0.3324416666666667,0.027466666666666667,-0.013095,0.4314,0.2335,0.0021,0.6677,0.9967,1.0,0.222,maize
Mayurbhanj_Odisha,Mayurbhanj,Odisha,21.9,86.7,77,40,109,6.51,61.7,2.27,2023,12468.300000000001,33.51166666666667,20.011666666666667,26.761666666666667,74.13666666666667,18.091666666666665,20,0.3324416666666667,0.027466666666666667,-0.013095,0.4314,0.2335,0.0021,0.6677,0.9967,1.0,0.222,maize
Mayurbhanj_Odisha,Mayurbhanj,Odisha,21.9,86.7,77,44,104,6.69,67.3,2.4,2023,12468.300000000001,33.51166666666667,20.011666666666667,26.761666666666667,74.13666666666667,18.091666666666665,20,0.3324416666666667,0.027466666666666667,-0.013095,0.4314,0.2335,0.0021,0.6825,0.9367,1.0,0.2269,maize
Mayurbhanj_Odisha,Mayurbhanj,Odisha,21.9,86.7,77,44,104,6.69,67.3,2.4,2023,12468.300000000001,33.51166666666667,20.011666666666667,26.761666666666667,74.13666666666667,18.091666666666665,20,0.3324416666666667,0.027466666666666667,-0.013095,0.4314,0.2335,0.0021,0.6825,0.9367,1.0,0.2269,maize
Mayurbhanj_Odisha,Mayurbhanj,Odisha,21.9,86.7,77,44,104,6.69,67.3,2.4,2023,12468.300000000001,33.51166666666667,20.011666666666667,26.761666666666667,74.13666666666667,18.091666666666665,20,0.3324416666666667,0.027466666666666667,-0.013095,0.4314,0.2335,0.0021,0.6825,0.9367,1.0,0.2269,maize
Mayurbhanj_Odisha,Mayurbhanj,Odisha,21.9,86.7,77,44,104,6.69,67.3,2.4,2023,12468.300000000001,33.51166666666667,20.011666666666667,26.761666666666667,74.13666666666667,18.091666666666665,20,0.3324416666666667,0.027466666666666667,-0.013095,0.4314,0.2335,0.0021,0.6825,0.9367,1.0,0.2269,maize
Mayurbhanj_Odisha,Mayurbhanj,Odisha,21.9,86.7,77,44,104,6.69,67.3,2.4,2023,12468.300000000001,33.51166666666667,20.011666666666667,26.761666666666667,74.13666666666667,18.091666666666665,20,0.3324416666666667,0.027466666666666667,-0.013095,0.4314,0.2335,0.0021,0.6825,0.9367,1.0,0.2269,maize
Mayurbhanj_Odisha,Mayurbhanj,Odisha,21.9,86.7,64,42,116,6.85,68.6,2.35,2023,12468.300000000001,33.51166666666667,20.011666666666667,26.761666666666667,74.13666666666667,18.091666666666665,20,0.3324416666666667,0.027466666666666667,-0.013095,0.4314,0.2335,0.0021,0.6216,0.8833,1.0,0.2066,maize
Mayurbhanj_Odisha,Mayurbhanj,Odisha,21.9,86.7,64,42,116,6.85,68.6,2.35,2023,12468.300000000001,33.51166666666667,20.011666666666667,26.761666666666667,74.13666666666667,18.091666666666665,20,0.3324416666666667,0.027466666666666667,-0.013095,0.4314,0.2335,0.0021,0.6216,0.8833,1.0,0.2066,maize
Mayurbhanj_Odisha,Mayurbhanj,Odisha,21.9,86.7,64,42,116,6.85,68.6,2.35,2023,12468.300000000001,33.51166666666667,20.011666666666667,26.761666666666667,74.13666666666667,18.091666666666665,20,0.3324416666666667,0.027466666666666667,-0.013095,0.4314,0.2335,0.0021,0.6216,0.8833,1.0,0.2066,maize
Mayurbhanj_Odisha,Mayurbhanj,Odisha,21.9,86.7,64,42,116,6.85,68.6,2.35,2023,12468.300000000001,33.51166666666667,20.011666666666667,26.761666666666667,74.13666666666667,18.091666666666665,20,0.3324416666666667,0.027466666666666667,-0.013095,0.4314,0.2335,0.0021,0.6216,0.8833,1.0,0.2066,maize
Mayurbhanj_Odisha,Mayurbhanj,Odisha,21.9,86.7,64,42,116,6.85,68.6,2.35,2023,12468.300000000001,33.51166666666667,20.011666666666667,26.761666666666667,74.13666666666667,18.091666666666665,20,0.3324416666666667,0.027466666666666667,-0.013095,0.4314,0.2335,0.0021,0.6216,0.8833,1.0,0.2066,maize
Mayurbhanj_Odisha,Mayurbhanj,Odisha,21.9,86.7,79,41,112,6.82,68.2,2.32,2023,12468.300000000001,33.51166666666667,20.011666666666667,26.761666666666667,74.13666666666667,18.091666666666665,20,0.3324416666666667,0.027466666666666667,-0.013095,0.4314,0.2335,0.0021,0.6979,0.8933,1.0,0.232,maize
Mayurbhanj_Odisha,Mayurbhanj,Odisha,21.9,86.7,79,41,112,6.82,68.2,2.32,2023,12468.300000000001,33.51166666666667,20.011666666666667,26.761666666666667,74.13666666666667,18.091666666666665,20,0.3324416666666667,0.027466666666666667,-0.013095,0.4314,0.2335,0.0021,0.6979,0.8933,1.0,0.232,maize
Mayurbhanj_Odisha,Mayurbhanj,Odisha,21.9,86.7,79,41,112,6.82,68.2,2.32,2023,12468.300000000001,33.51166666666667,20.011666666666667,26.761666666666667,74.13666666666667,18.091666666666665,20,0.3324416666666667,0.027466666666666667,-0.013095,0.4314,0.2335,0.0021,0.6979,0.8933,1.0,0.232,maize
Mayurbhanj_Odisha,Mayurbhanj,Odisha,21.9,86.7,79,41,112,6.82,68.2,2.32,2023,12468.300000000001,33.51166666666667,20.011666666666667,26.761666666666667,74.13666666666667,18.091666666666665,20,0.3324416666666667,0.027466666666666667,-0.013095,0.4314,0.2335,0.0021,0.6979,0.8933,1.0,0.232,maize
Mayurbhanj_Odisha,Mayurbhanj,Odisha,21.9,86.7,79,41,112,6.82,68.2,2.32,2023,12468.300000000001,33.51166666666667,20.011666666666667,26.761666666666667,74.13666666666667,18.091666666666665,20,0.3324416666666667,0.027466666666666667,-0.013095,0.4314,0.2335,0.0021,0.6979,0.8933,1.0,0.232,maize
Nadia_West_Bengal,Nadia,West Bengal,23.5,88.5,85,47,129,6.53,67.6,2.67,2023,13011.1,33.65,18.118333333333332,25.884166666666665,80.075,16.89,20,0.424,0.025099999999999997,-0.013104,0.523,0.325,0.002,0.837,0.99,1.0,0.3549,rice
Nadia_West_Bengal,Nadia,West Bengal,23.5,88.5,85,47,129,6.53,67.6,2.67,2023,13011.1,33.65,18.118333333333332,25.884166666666665,80.075,16.89,20,0.424,0.025099999999999997,-0.013104,0.523,0.325,0.002,0.837,0.99,1.0,0.3549,rice
Nadia_West_Bengal,Nadia,West Bengal,23.5,88.5,85,47,129,6.53,67.6,2.67,2023,13011.1,33.65,18.118333333333332,25.884166666666665,80.075,16.89,20,0.424,0.025099999999999997,-0.013104,0.523,0.325,0.002,0.837,0.99,1.0,0.3549,rice
Nadia_West_Bengal,Nadia,West Bengal,23.5,88.5,85,47,129,6.53,67.6,2.67,2023,13011.1,33.65,18.118333333333332,25.884166666666665,80.075,16.89,20,0.424,0.025099999999999997,-0.013104,0.523,0.325,0.002,0.837,0.99,1.0,0.3549,rice
Nadia_West_Bengal,Nadia,West Bengal,23.5,88.5,85,47,129,6.53,67.6,2.67,2023,13011.1,33.65,18.118333333333332,25.884166666666665,80.075,16.89,20,0.424,0.025099999999999997,-0.013104,0.523,0.325,0.002,0.837,0.99,1.0,0.3549,rice
Nadia_West_Bengal,Nadia,West Bengal,23.5,88.5,74,43,110,6.49,76.1,2.4,2023,13011.1,33.65,18.118333333333332,25.884166666666665,80.075,16.89,20,0.424,0.025099999999999997,-0.013104,0.523,0.325,0.002,0.6747,0.9967,1.0,0.2861,rice
Nadia_West_Bengal,Nadia,West Bengal,23.5,88.5,74,43,110,6.49,76.1,2.4,2023,13011.1,33.65,18.118333333333332,25.884166666666665,80.075,16.89,20,0.424,0.025099999999999997,-0.013104,0.523,0.325,0.002,0.6747,0.9967,1.0,0.2861,rice
Nadia_West_Bengal,Nadia,West Bengal,23.5,88.5,74,43,110,6.49,76.1,2.4,2023,13011.1,33.65,18.118333333333332,25.884166666666665,80.075,16.89,20,0.424,0.025099999999999997,-0.013104,0.523,0.325,0.002,0.6747,0.9967,1.0,0.2861,rice
Nadia_West_Bengal,Nadia,West Bengal,23.5,88.5,74,43,110,6.49,76.1,2.4,2023,13011.1,33.65,18.118333333333332,25.884166666666665,80.075,16.89,20,0.424,0.025099999999999997,-0.013104,0.523,0.325,0.002,0.6747,0.9967,1.0,0.2861,rice
Nadia_West_Bengal,Nadia,West Bengal,23.5,88.5,74,43,110,6.49,76.1,2.4,2023,13011.1,33.65,18.118333333333332,25.884166666666665,80.075,16.89,20,0.424,0.025099999999999997,-0.013104,0.523,0.325,0.002,0.6747,0.9967,1.0,0.2861,rice
Nadia_West_Bengal,Nadia,West Bengal,23.5,88.5,75,44,122,6.6,73.0,2.63,2023,13011.1,33.65,18.118333333333332,25.884166666666665,80.075,16.89,20,0.424,0.025099999999999997,-0.013104,0.523,0.325,0.002,0.7271,0.9667,1.0,0.3083,rice
Nadia_West_Bengal,Nadia,West Bengal,23.5,88.5,75,44,122,6.6,73.0,2.63,2023,13011.1,33.65,18.118333333333332,25.884166666666665,80.075,16.89,20,0.424,0.025099999999999997,-0.013104,0.523,0.325,0.002,0.7271,0.9667,1.0,0.3083,rice
Nadia_West_Bengal,Nadia,West Bengal,23.5,88.5,75,44,122,6.6,73.0,2.63,2023,13011.1,33.65,18.118333333333332,25.884166666666665,80.075,16.89,20,0.424,0.025099999999999997,-0.013104,0.523,0.325,0.002,0.7271,0.9667,1.0,0.3083,rice
Nadia_West_Bengal,Nadia,West Bengal,23.5,88.5,75,44,122,6.6,73.0,2.63,2023,13011.1,33.65,18.118333333333332,25.884166666666665,80.075,16.89,20,0.424,0.025099999999999997,-0.013104,0.523,0.325,0.002,0.7271,0.9667,1.0,0.3083,rice
Nadia_West_Bengal,Nadia,West Bengal,23.5,88.5,75,44,122,6.6,73.0,2.63,2023,13011.1,33.65,18.118333333333332,25.884166666666665,80.075,16.89,20,0.424,0.025099999999999997,-0.013104,0.523,0.325,0.002,0.7271,0.9667,1.0,0.3083,rice
Nadia_West_Bengal,Nadia,West Bengal,23.5,88.5,84,47,124,6.65,73.0,2.74,2023,13011.1,33.65,18.118333333333332,25.884166666666665,80.075,16.89,20,0.424,0.025099999999999997,-0.013104,0.523,0.325,0.002,0.8146,0.95,1.0,0.3454,rice
Nadia_West_Bengal,Nadia,West Bengal,23.5,88.5,84,47,124,6.65,73.0,2.74,2023,13011.1,33.65,18.118333333333332,25.884166666666665,80.075,16.89,20,0.424,0.025099999999999997,-0.013104,0.523,0.325,0.002,0.8146,0.95,1.0,0.3454,rice
Nadia_West_Bengal,Nadia,West Bengal,23.5,88.5,84,47,124,6.65,73.0,2.74,2023,13011.1,33.65,18.118333333333332,25.884166666666665,80.075,16.89,20,0.424,0.025099999999999997,-0.013104,0.523,0.325,0.002,0.8146,0.95,1.0,0.3454,rice
Nadia_West_Bengal,Nadia,West Bengal,23.5,88.5,84,47,124,6.65,73.0,2.74,2023,13011.1,33.65,18.118333333333332,25.884166666666665,80.075,16.89,20,0.424,0.025099999999999997,-0.013104,0.523,0.325,0.002,0.8146,0.95,1.0,0.3454,rice
Nadia_West_Bengal,Nadia,West Bengal,23.5,88.5,84,47,124,6.65,73.0,2.74,2023,13011.1,33.65,18.118333333333332,25.884166666666665,80.075,16.89,20,0.424,0.025099999999999997,-0.013104,0.523,0.325,0.002,0.8146,0.95,1.0,0.3454,rice
Nadia_West_Bengal,Nadia,West Bengal,23.5,88.5,79,48,110,6.65,73.9,2.67,2023,13011.1,33.65,18.118333333333332,25.884166666666665,80.075,16.89,20,0.424,0.025099999999999997,-0.013104,0.523,0.325,0.002,0.7454,0.95,1.0,0.316,rice
Nadia_West_Bengal,Nadia,West Bengal,23.5,88.5,79,48,110,6.65,73.9,2.67,2023,13011.1,33.65,18.118333333333332,25.884166666666665,80.075,16.89,20,0.424,0.025099999999999997,-0.013104,0.523,0.325,0.002,0.7454,0.95,1.0,0.316,rice
Nadia_West_Bengal,Nadia,West Bengal,23.5,88.5,79,48,110,6.65,73.9,2.67,2023,13011.1,33.65,18.118333333333332,25.884166666666665,80.075,16.89,20,0.424,0.025099999999999997,-0.013104,0.523,0.325,0.002,0.7454,0.95,1.0,0.316,rice
Nadia_West_Bengal,Nadia,West Bengal,23.5,88.5,79,48,110,6.65,73.9,2.67,2023,13011.1,33.65,18.118333333333332,25.884166666666665,80.075,16.89,20,0.424,0.025099999999999997,-0.013104,0.523,0.325,0.002,0.7454,0.95,1.0,0.316,rice
Nadia_West_Bengal,Nadia,West Bengal,23.5,88.5,79,48,110,6.65,73.9,2.67,2023,13011.1,33.65,18.118333333333332,25.884166666666665,80.075,16.89,20,0.424,0.025099999999999997,-0.013104,0.523,0.325,0.002,0.7454,0.95,1.0,0.316,rice
Bardhaman_West_Bengal,Bardhaman,West Bengal,23.2,87.9,89,49,113,6.63,66.3,2.31,2023,11139.1,34.718333333333334,18.375,26.546666666666667,77.63666666666667,17.92,20,0.4107,0.03360833333333333,-0.013104,0.5097,0.3117,0.0024,0.8272,0.9567,1.0,0.3397,rice
Bardhaman_West_Bengal,Bardhaman,West Bengal,23.2,87.9,89,49,113,6.63,66.3,2.31,2023,11139.1,34.718333333333334,18.375,26.546666666666667,77.63666666666667,17.92,20,0.4107,0.03360833333333333,-0.013104,0.5097,0.3117,0.0024,0.8272,0.9567,1.0,0.3397,rice
Bardhaman_West_Bengal,Bardhaman,West Bengal,23.2,87.9,89,49,113,6.63,66.3,2.31,2023,11139.1,34.718333333333334,18.375,26.546666666666667,77.63666666666667,17.92,20,0.4107,0.03360833333333333,-0.013104,0.5097,0.3117,0.0024,0.8272,0.9567,1.0,0.3397,rice
Bardhaman_West_Bengal,Bardhaman,West Bengal,23.2,87.9,89,49,113,6.63,66.3,2.31,2023,11139.1,34.718333333333334,18.375,26.546666666666667,77.63666666666667,17.92,20,0.4107,0.03360833333333333,-0.013104,0.5097,0.3117,0.0024,0.8272,0.9567,1.0,0.3397,rice
Bardhaman_West_Bengal,Bardhaman,West Bengal,23.2,87.9,89,49,113,6.63,66.3,2.31,2023,11139.1,34.718333333333334,18.375,26.546666666666667,77.63666666666667,17.92,20,0.4107,0.03360833333333333,-0.013104,0.5097,0.3117,0.0024,0.8272,0.9567,1.0,0.3397,rice
Bardhaman_West_Bengal,Bardhaman,West Bengal,23.2,87.9,74,47,115,6.7,68.6,2.52,2023,11139.1,34.718333333333334,18.375,26.546666666666667,77.63666666666667,17.92,20,0.4107,0.03360833333333333,-0.013104,0.5097,0.3117,0.0024,0.7214,0.9333,1.0,0.2963,rice
Bardhaman_West_Bengal,Bardhaman,West Bengal,23.2,87.9,74,47,115,6.7,68.6,2.52,2023,11139.1,34.718333333333334,18.375,26.546666666666667,77.63666666666667,17.92,20,0.4107,0.03360833333333333,-0.013104,0.5097,0.3117,0.0024,0.7214,0.9333,1.0,0.2963,rice
Bardhaman_West_Bengal,Bardhaman,West Bengal,23.2,87.9,74,47,115,6.7,68.6,2.52,2023,11139.1,34.718333333333334,18.375,26.546666666666667,77.63666666666667,17.92,20,0.4107,0.03360833333333333,-0.013104,0.5097,0.3117,0.0024,0.7214,0.9333,1.0,0.2963,rice
Bardhaman_West_Bengal,Bardhaman,West Bengal,23.2,87.9,74,47,115,6.7,68.6,2.52,2023,11139.1,34.718333333333334,18.375,26.546666666666667,77.63666666666667,17.92,20,0.4107,0.03360833333333333,-0.013104,0.5097,0.3117,0.0024,0.7214,0.9333,1.0,0.2963,rice
Bardhaman_West_Bengal,Bardhaman,West Bengal,23.2,87.9,74,47,115,6.7,68.6,2.52,2023,11139.1,34.718333333333334,18.375,26.546666666666667,77.63666666666667,17.92,20,0.4107,0.03360833333333333,-0.013104,0.5097,0.3117,0.0024,0.7214,0.9333,1.0,0.2963,rice
Bardhaman_West_Bengal,Bardhaman,West Bengal,23.2,87.9,88,47,123,6.59,71.9,2.46,2023,11139.1,34.718333333333334,18.375,26.546666666666667,77.63666666666667,17.92,20,0.4107,0.03360833333333333,-0.013104,0.5097,0.3117,0.0024,0.8372,0.97,1.0,0.3438,rice
Bardhaman_West_Bengal,Bardhaman,West Bengal,23.2,87.9,88,47,123,6.59,71.9,2.46,2023,11139.1,34.718333333333334,18.375,26.546666666666667,77.63666666666667,17.92,20,0.4107,0.03360833333333333,-0.013104,0.5097,0.3117,0.0024,0.8372,0.97,1.0,0.3438,rice
Bardhaman_West_Bengal,Bardhaman,West Bengal,23.2,87.9,88,47,123,6.59,71.9,2.46,2023,11139.1,34.718333333333334,18.375,26.546666666666667,77.63666666666667,17.92,20,0.4107,0.03360833333333333,-0.013104,0.5097,0.3117,0.0024,0.8372,0.97,1.0,0.3438,rice
Bardhaman_West_Bengal,Bardhaman,West Bengal,23.2,87.9,88,47,123,6.59,71.9,2.46,2023,11139.1,34.718333333333334,18.375,26.546666666666667,77.63666666666667,17.92,20,0.4107,0.03360833333333333,-0.013104,0.5097,0.3117,0.0024,0.8372,0.97,1.0,0.3438,rice
Bardhaman_West_Bengal,Bardhaman,West Bengal,23.2,87.9,88,47,123,6.59,71.9,2.46,2023,11139.1,34.718333333333334,18.375,26.546666666666667,77.63666666666667,17.92,20,0.4107,0.03360833333333333,-0.013104,0.5097,0.3117,0.0024,0.8372,0.97,1.0,0.3438,rice
Bardhaman_West_Bengal,Bardhaman,West Bengal,23.2,87.9,83,45,131,6.56,70.1,2.59,2023,11139.1,34.718333333333334,18.375,26.546666666666667,77.63666666666667,17.92,20,0.4107,0.03360833333333333,-0.013104,0.5097,0.3117,0.0024,0.8151,0.98,1.0,0.3348,rice
Bardhaman_West_Bengal,Bardhaman,West Bengal,23.2,87.9,83,45,131,6.56,70.1,2.59,2023,11139.1,34.718333333333334,18.375,26.546666666666667,77.63666666666667,17.92,20,0.4107,0.03360833333333333,-0.013104,0.5097,0.3117,0.0024,0.8151,0.98,1.0,0.3348,rice
Bardhaman_West_Bengal,Bardhaman,West Bengal,23.2,87.9,83,45,131,6.56,70.1,2.59,2023,11139.1,34.718333333333334,18.375,26.546666666666667,77.63666666666667,17.92,20,0.4107,0.03360833333333333,-0.013104,0.5097,0.3117,0.0024,0.8151,0.98,1.0,0.3348,rice
Bardhaman_West_Bengal,Bardhaman,West Bengal,23.2,87.9,83,45,131,6.56,70.1,2.59,2023,11139.1,34.718333333333334,18.375,26.546666666666667,77.63666666666667,17.92,20,0.4107,0.03360833333333333,-0.013104,0.5097,0.3117,0.0024,0.8151,0.98,1.0,0.3348,rice
Bardhaman_West_Bengal,Bardhaman,West Bengal,23.2,87.9,83,45,131,6.56,70.1,2.59,2023,11139.1,34.718333333333334,18.375,26.546666666666667,77.63666666666667,17.92,20,0.4107,0.03360833333333333,-0.013104,0.5097,0.3117,0.0024,0.8151,0.98,1.0,0.3348,rice
Bardhaman_West_Bengal,Bardhaman,West Bengal,23.2,87.9,78,43,127,6.61,70.9,2.44,2023,11139.1,34.718333333333334,18.375,26.546666666666667,77.63666666666667,17.92,20,0.4107,0.03360833333333333,-0.013104,0.5097,0.3117,0.0024,0.7547,0.9633,1.0,0.31,rice
Bardhaman_West_Bengal,Bardhaman,West Bengal,23.2,87.9,78,43,127,6.61,70.9,2.44,2023,11139.1,34.718333333333334,18.375,26.546666666666667,77.63666666666667,17.92,20,0.4107,0.03360833333333333,-0.013104,0.5097,0.3117,0.0024,0.7547,0.9633,1.0,0.31,rice
Bardhaman_West_Bengal,Bardhaman,West Bengal,23.2,87.9,78,43,127,6.61,70.9,2.44,2023,11139.1,34.718333333333334,18.375,26.546666666666667,77.63666666666667,17.92,20,0.4107,0.03360833333333333,-0.013104,0.5097,0.3117,0.0024,0.7547,0.9633,1.0,0.31,rice
Bardhaman_West_Bengal,Bardhaman,West Bengal,23.2,87.9,78,43,127,6.61,70.9,2.44,2023,11139.1,34.718333333333334,18.375,26.546666666666667,77.63666666666667,17.92,20,0.4107,0.03360833333333333,-0.013104,0.5097,0.3117,0.0024,0.7547,0.9633,1.0,0.31,rice
Bardhaman_West_Bengal,Bardhaman,West Bengal,23.2,87.9,78,43,127,6.61,70.9,2.44,2023,11139.1,34.718333333333334,18.375,26.546666666666667,77.63666666666667,17.92,20,0.4107,0.03360833333333333,-0.013104,0.5097,0.3117,0.0024,0.7547,0.9633,1.0,0.31,rice
Murshidabad_West_Bengal,Murshidabad,West Bengal,24.2,88.3,75,40,121,6.97,69.8,2.3,2023,11722.2,34.175,18.186666666666667,26.180833333333332,78.22333333333333,17.154999999999998,20,0.4124333333333334,0.032391666666666666,-0.013097,0.5114,0.3134,0.0022,0.6931,0.8433,1.0,0.2859,rice
Murshidabad_West_Bengal,Murshidabad,West Bengal,24.2,88.3,75,40,121,6.97,69.8,2.3,2023,11722.2,34.175,18.186666666666667,26.180833333333332,78.22333333333333,17.154999999999998,20,0.4124333333333334,0.032391666666666666,-0.013097,0.5114,0.3134,0.0022,0.6931,0.8433,1.0,0.2859,rice
Murshidabad_West_Bengal,Murshidabad,West Bengal,24.2,88.3,75,40,121,6.97,69.8,2.3,2023,11722.2,34.175,18.186666666666667,26.180833333333332,78.22333333333333,17.154999999999998,20,0.4124333333333334,0.032391666666666666,-0.013097,0.5114,0.3134,0.0022,0.6931,0.8433,1.0,0.2859,rice
Murshidabad_West_Bengal,Murshidabad,West Bengal,24.2,88.3,75,40,121,6.97,69.8,2.3,2023,11722.2,34.175,18.186666666666667,26.180833333333332,78.22333333333333,17.154999999999998,20,0.4124333333333334,0.032391666666666666,-0.013097,0.5114,0.3134,0.0022,0.6931,0.8433,1.0,0.2859,rice
Murshidabad_West_Bengal,Murshidabad,West Bengal,24.2,88.3,75,40,121,6.97,69.8,2.3,2023,11722.2,34.175,18.186666666666667,26.180833333333332,78.22333333333333,17.154999999999998,20,0.4124333333333334,0.032391666666666666,-0.013097,0.5114,0.3134,0.0022,0.6931,0.8433,1.0,0.2859,rice
Murshidabad_West_Bengal,Murshidabad,West Bengal,24.2,88.3,71,41,116,6.66,64.6,2.27,2023,11722.2,34.175,18.186666666666667,26.180833333333332,78.22333333333333,17.154999999999998,20,0.4124333333333334,0.032391666666666666,-0.013097,0.5114,0.3134,0.0022,0.6591,0.9467,1.0,0.2718,rice
Murshidabad_West_Bengal,Murshidabad,West Bengal,24.2,88.3,71,41,116,6.66,64.6,2.27,2023,11722.2,34.175,18.186666666666667,26.180833333333332,78.22333333333333,17.154999999999998,20,0.4124333333333334,0.032391666666666666,-0.013097,0.5114,0.3134,0.0022,0.6591,0.9467,1.0,0.2718,rice
Murshidabad_West_Bengal,Murshidabad,West Bengal,24.2,88.3,71,41,116,6.66,64.6,2.27,2023,11722.2,34.175,18.186666666666667,26.180833333333332,78.22333333333333,17.154999999999998,20,0.4124333333333334,0.032391666666666666,-0.013097,0.5114,0.3134,0.0022,0.6591,0.9467,1.0,0.2718,rice
Murshidabad_West_Bengal,Murshidabad,West Bengal,24.2,88.3,71,41,116,6.66,64.6,2.27,2023,11722.2,34.175,18.186666666666667,26.180833333333332,78.22333333333333,17.154999999999998,20,0.4124333333333334,0.032391666666666666,-0.013097,0.5114,0.3134,0.0022,0.6591,0.9467,1.0,0.2718,rice
Murshidabad_West_Bengal,Murshidabad,West Bengal,24.2,88.3,71,41,116,6.66,64.6,2.27,2023,11722.2,34.175,18.186666666666667,26.180833333333332,78.22333333333333,17.154999999999998,20,0.4124333333333334,0.032391666666666666,-0.013097,0.5114,0.3134,0.0022,0.6591,0.9467,1.0,0.2718,rice
Murshidabad_West_Bengal,Murshidabad,West Bengal,24.2,88.3,71,44,118,6.79,65.0,2.21,2023,11722.2,34.175,18.186666666666667,26.180833333333332,78.22333333333333,17.154999999999998,20,0.4124333333333334,0.032391666666666666,-0.013097,0.5114,0.3134,0.0022,0.6885,0.9033,1.0,0.284,rice
Murshidabad_West_Bengal,Murshidabad,West Bengal,24.2,88.3,71,44,118,6.79,65.0,2.21,2023,11722.2,34.175,18.186666666666667,26.180833333333332,78.22333333333333,17.154999999999998,20,0.4124333333333334,0.032391666666666666,-0.013097,0.5114,0.3134,0.0022,0.6885,0.9033,1.0,0.284,rice
Murshidabad_West_Bengal,Murshidabad,West Bengal,24.2,88.3,71,44,118,6.79,65.0,2.21,2023,11722.2,34.175,18.186666666666667,26.180833333333332,78.22333333333333,17.154999999999998,20,0.4124333333333334,0.032391666666666666,-0.013097,0.5114,0.3134,0.0022,0.6885,0.9033,1.0,0.284,rice
Murshidabad_West_Bengal,Murshidabad,West Bengal,24.2,88.3,71,44,118,6.79,65.0,2.21,2023,11722.2,34.175,18.186666666666667,26.180833333333332,78.22333333333333,17.154999999999998,20,0.4124333333333334,0.032391666666666666,-0.013097,0.5114,0.3134,0.0022,0.6885,0.9033,1.0,0.284,rice
Murshidabad_West_Bengal,Murshidabad,West Bengal,24.2,88.3,71,44,118,6.79,65.0,2.21,2023,11722.2,34.175,18.186666666666667,26.180833333333332,78.22333333333333,17.154999999999998,20,0.4124333333333334,0.032391666666666666,-0.013097,0.5114,0.3134,0.0022,0.6885,0.9033,1.0,0.284,rice
Murshidabad_West_Bengal,Murshidabad,West Bengal,24.2,88.3,76,37,119,6.63,63.8,2.25,2023,11722.2,34.175,18.186666666666667,26.180833333333332,78.22333333333333,17.154999999999998,20,0.4124333333333334,0.032391666666666666,-0.013097,0.5114,0.3134,0.0022,0.6701,0.9567,1.0,0.2764,rice
Murshidabad_West_Bengal,Murshidabad,West Bengal,24.2,88.3,76,37,119,6.63,63.8,2.25,2023,11722.2,34.175,18.186666666666667,26.180833333333332,78.22333333333333,17.154999999999998,20,0.4124333333333334,0.032391666666666666,-0.013097,0.5114,0.3134,0.0022,0.6701,0.9567,1.0,0.2764,rice
Murshidabad_West_Bengal,Murshidabad,West Bengal,24.2,88.3,76,37,119,6.63,63.8,2.25,2023,11722.2,34.175,18.186666666666667,26.180833333333332,78.22333333333333,17.154999999999998,20,0.4124333333333334,0.032391666666666666,-0.013097,0.5114,0.3134,0.0022,0.6701,0.9567,1.0,0.2764,rice
Murshidabad_West_Bengal,Murshidabad,West Bengal,24.2,88.3,76,37,119,6.63,63.8,2.25,2023,11722.2,34.175,18.186666666666667,26.180833333333332,78.22333333333333,17.154999999999998,20,0.4124333333333334,0.032391666666666666,-0.013097,0.5114,0.3134,0.0022,0.6701,0.9567,1.0,0.2764,rice
Murshidabad_West_Bengal,Murshidabad,West Bengal,24.2,88.3,76,37,119,6.63,63.8,2.25,2023,11722.2,34.175,18.186666666666667,26.180833333333332,78.22333333333333,17.154999999999998,20,0.4124333333333334,0.032391666666666666,-0.013097,0.5114,0.3134,0.0022,0.6701,0.9567,1.0,0.2764,rice
Murshidabad_West_Bengal,Murshidabad,West Bengal,24.2,88.3,78,45,118,6.7,68.2,2.6,2023,11722.2,34.175,18.186666666666667,26.180833333333332,78.22333333333333,17.154999999999998,20,0.4124333333333334,0.032391666666666666,-0.013097,0.5114,0.3134,0.0022,0.7414,0.9333,1.0,0.3058,rice
Murshidabad_West_Bengal,Murshidabad,West Bengal,24.2,88.3,78,45,118,6.7,68.2,2.6,2023,11722.2,34.175,18.186666666666667,26.180833333333332,78.22333333333333,17.154999999999998,20,0.4124333333333334,0.032391666666666666,-0.013097,0.5114,0.3134,0.0022,0.7414,0.9333,1.0,0.3058,rice
Murshidabad_West_Bengal,Murshidabad,West Bengal,24.2,88.3,78,45,118,6.7,68.2,2.6,2023,11722.2,34.175,18.186666666666667,26.180833333333332,78.22333333333333,17.154999999999998,20,0.4124333333333334,0.032391666666666666,-0.013097,0.5114,0.3134,0.0022,0.7414,0.9333,1.0,0.3058,rice
Murshidabad_West_Bengal,Murshidabad,West Bengal,24.2,88.3,78,45,118,6.7,68.2,2.6,2023,11722.2,34.175,18.186666666666667,26.180833333333332,78.22333333333333,17.154999999999998,20,0.4124333333333334,0.032391666666666666,-0.013097,0.5114,0.3134,0.0022,0.7414,0.9333,1.0,0.3058,rice
Murshidabad_West_Bengal,Murshidabad,West Bengal,24.2,88.3,78,45,118,6.7,68.2,2.6,2023,11722.2,34.175,18.186666666666667,26.180833333333332,78.22333333333333,17.154999999999998,20,0.4124333333333334,0.032391666666666666,-0.013097,0.5114,0.3134,0.0022,0.7414,0.9333,1.0,0.3058,rice
Hooghly_West_Bengal,Hooghly,West Bengal,22.9,88.4,81,39,124,6.55,67.7,2.55,2023,13242.4,33.403333333333336,18.096666666666668,25.75,79.865,17.091666666666665,20,0.6113666666666667,0.03496666666666667,-0.013097,0.7104,0.5124,0.0019,0.7337,0.9833,1.0,0.4486,rice
Hooghly_West_Bengal,Hooghly,West Bengal,22.9,88.4,81,39,124,6.55,67.7,2.55,2023,13242.4,33.403333333333336,18.096666666666668,25.75,79.865,17.091666666666665,20,0.6113666666666667,0.03496666666666667,-0.013097,0.7104,0.5124,0.0019,0.7337,0.9833,1.0,0.4486,rice
Hooghly_West_Bengal,Hooghly,West Bengal,22.9,88.4,81,39,124,6.55,67.7,2.55,2023,13242.4,33.403333333333336,18.096666666666668,25.75,79.865,17.091666666666665,20,0.6113666666666667,0.03496666666666667,-0.013097,0.7104,0.5124,0.0019,0.7337,0.9833,1.0,0.4486,rice
Hooghly_West_Bengal,Hooghly,West Bengal,22.9,88.4,81,39,124,6.55,67.7,2.55,2023,13242.4,33.403333333333336,18.096666666666668,25.75,79.865,17.091666666666665,20,0.6113666666666667,0.03496666666666667,-0.013097,0.7104,0.5124,0.0019,0.7337,0.9833,1.0,0.4486,rice
Hooghly_West_Bengal,Hooghly,West Bengal,22.9,88.4,81,39,124,6.55,67.7,2.55,2023,13242.4,33.403333333333336,18.096666666666668,25.75,79.865,17.091666666666665,20,0.6113666666666667,0.03496666666666667,-0.013097,0.7104,0.5124,0.0019,0.7337,0.9833,1.0,0.4486,rice
Hooghly_West_Bengal,Hooghly,West Bengal,22.9,88.4,81,48,117,6.31,69.8,2.42,2023,13242.4,33.403333333333336,18.096666666666668,25.75,79.865,17.091666666666665,20,0.6113666666666667,0.03496666666666667,-0.013097,0.7104,0.5124,0.0019,0.7806,0.9367,1.0,0.4772,rice
Hooghly_West_Bengal,Hooghly,West Bengal,22.9,88.4,81,48,117,6.31,69.8,2.42,2023,13242.4,33.403333333333336,18.096666666666668,25.75,79.865,17.091666666666665,20,0.6113666666666667,0.03496666666666667,-0.013097,0.7104,0.5124,0.0019,0.7806,0.9367,1.0,0.4772,rice
Hooghly_West_Bengal,Hooghly,West Bengal,22.9,88.4,81,48,117,6.31,69.8,2.42,2023,13242.4,33.403333333333336,18.096666666666668,25.75,79.865,17.091666666666665,20,0.6113666666666667,0.03496666666666667,-0.013097,0.7104,0.5124,0.0019,0.7806,0.9367,1.0,0.4772,rice
Hooghly_West_Bengal,Hooghly,West Bengal,22.9,88.4,81,48,117,6.31,69.8,2.42,2023,13242.4,33.403333333333336,18.096666666666668,25.75,79.865,17.091666666666665,20,0.6113666666666667,0.03496666666666667,-0.013097,0.7104,0.5124,0.0019,0.7806,0.9367,1.0,0.4772,rice
Hooghly_West_Bengal,Hooghly,West Bengal,22.9,88.4,81,48,117,6.31,69.8,2.42,2023,13242.4,33.403333333333336,18.096666666666668,25.75,79.865,17.091666666666665,20,0.6113666666666667,0.03496666666666667,-0.013097,0.7104,0.5124,0.0019,0.7806,0.9367,1.0,0.4772,rice
Hooghly_West_Bengal,Hooghly,West Bengal,22.9,88.4,83,47,119,6.6,70.9,2.45,2023,13242.4,33.403333333333336,18.096666666666668,25.75,79.865,17.091666666666665,20,0.6113666666666667,0.03496666666666667,-0.013097,0.7104,0.5124,0.0019,0.7922,0.9667,1.0,0.4843,rice
Hooghly_West_Bengal,Hooghly,West Bengal,22.9,88.4,83,47,119,6.6,70.9,2.45,2023,13242.4,33.403333333333336,18.096666666666668,25.75,79.865,17.091666666666665,20,0.6113666666666667,0.03496666666666667,-0.013097,0.7104,0.5124,0.0019,0.7922,0.9667,1.0,0.4843,rice
Hooghly_West_Bengal,Hooghly,West Bengal,22.9,88.4,83,47,119,6.6,70.9,2.45,2023,13242.4,33.403333333333336,18.096666666666668,25.75,79.865,17.091666666666665,20,0.6113666666666667,0.03496666666666667,-0.013097,0.7104,0.5124,0.0019,0.7922,0.9667,1.0,0.4843,rice
Hooghly_West_Bengal,Hooghly,West Bengal,22.9,88.4,83,47,119,6.6,70.9,2.45,2023,13242.4,33.403333333333336,18.096666666666668,25.75,79.865,17.091666666666665,20,0.6113666666666667,0.03496666666666667,-0.013097,0.7104,0.5124,0.0019,0.7922,0.9667,1.0,0.4843,rice
Hooghly_West_Bengal,Hooghly,West Bengal,22.9,88.4,83,47,119,6.6,70.9,2.45,2023,13242.4,33.403333333333336,18.096666666666668,25.75,79.865,17.091666666666665,20,0.6113666666666667,0.03496666666666667,-0.013097,0.7104,0.5124,0.0019,0.7922,0.9667,1.0,0.4843,rice
Hooghly_West_Bengal,Hooghly,West Bengal,22.9,88.4,84,45,108,6.57,70.3,2.56,2023,13242.4,33.403333333333336,18.096666666666668,25.75,79.865,17.091666666666665,20,0.6113666666666667,0.03496666666666667,-0.013097,0.7104,0.5124,0.0019,0.7482,0.9767,1.0,0.4574,rice
Hooghly_West_Bengal,Hooghly,West Bengal,22.9,88.4,84,45,108,6.57,70.3,2.56,2023,13242.4,33.403333333333336,18.096666666666668,25.75,79.865,17.091666666666665,20,0.6113666666666667,0.03496666666666667,-0.013097,0.7104,0.5124,0.0019,0.7482,0.9767,1.0,0.4574,rice
Hooghly_West_Bengal,Hooghly,West Bengal,22.9,88.4,84,45,108,6.57,70.3,2.56,2023,13242.4,33.403333333333336,18.096666666666668,25.75,79.865,17.091666666666665,20,0.6113666666666667,0.03496666666666667,-0.013097,0.7104,0.5124,0.0019,0.7482,0.9767,1.0,0.4574,rice
Hooghly_West_Bengal,Hooghly,West Bengal,22.9,88.4,84,45,108,6.57,70.3,2.56,2023,13242.4,33.403333333333336,18.096666666666668,25.75,79.865,17.091666666666665,20,0.6113666666666667,0.03496666666666667,-0.013097,0.7104,0.5124,0.0019,0.7482,0.9767,1.0,0.4574,rice
Hooghly_West_Bengal,Hooghly,West Bengal,22.9,88.4,84,45,108,6.57,70.3,2.56,2023,13242.4,33.403333333333336,18.096666666666668,25.75,79.865,17.091666666666665,20,0.6113666666666667,0.03496666666666667,-0.013097,0.7104,0.5124,0.0019,0.7482,0.9767,1.0,0.4574,rice
Hooghly_West_Bengal,Hooghly,West Bengal,22.9,88.4,76,42,110,6.6,73.8,2.74,2023,13242.4,33.403333333333336,18.096666666666668,25.75,79.865,17.091666666666665,20,0.6113666666666667,0.03496666666666667,-0.013097,0.7104,0.5124,0.0019,0.6799,0.9667,1.0,0.4157,rice
Hooghly_West_Bengal,Hooghly,West Bengal,22.9,88.4,76,42,110,6.6,73.8,2.74,2023,13242.4,33.403333333333336,18.096666666666668,25.75,79.865,17.091666666666665,20,0.6113666666666667,0.03496666666666667,-0.013097,0.7104,0.5124,0.0019,0.6799,0.9667,1.0,0.4157,rice
Hooghly_West_Bengal,Hooghly,West Bengal,22.9,88.4,76,42,110,6.6,73.8,2.74,2023,13242.4,33.403333333333336,18.096666666666668,25.75,79.865,17.091666666666665,20,0.6113666666666667,0.03496666666666667,-0.013097,0.7104,0.5124,0.0019,0.6799,0.9667,1.0,0.4157,rice
Hooghly_West_Bengal,Hooghly,West Bengal,22.9,88.4,76,42,110,6.6,73.8,2.74,2023,13242.4,33.403333333333336,18.096666666666668,25.75,79.865,17.091666666666665,20,0.6113666666666667,0.03496666666666667,-0.013097,0.7104,0.5124,0.0019,0.6799,0.9667,1.0,0.4157,rice
Hooghly_West_Bengal,Hooghly,West Bengal,22.9,88.4,76,42,110,6.6,73.8,2.74,2023,13242.4,33.403333333333336,18.096666666666668,25.75,79.865,17.091666666666665,20,0.6113666666666667,0.03496666666666667,-0.013097,0.7104,0.5124,0.0019,0.6799,0.9667,1.0,0.4157,rice
Jalpaiguri_West_Bengal,Jalpaiguri,West Bengal,26.5,88.7,84,49,130,6.32,85.0,3.19,2023,23042.2,30.788333333333334,13.818333333333333,22.303333333333335,84.61999999999999,15.351666666666667,20,0.6828416666666667,0.029233333333333333,-0.013095,0.7818,0.5839,0.001,0.8491,0.94,1.0,0.5798,maize
Jalpaiguri_West_Bengal,Jalpaiguri,West Bengal,26.5,88.7,84,49,130,6.32,85.0,3.19,2023,23042.2,30.788333333333334,13.818333333333333,22.303333333333335,84.61999999999999,15.351666666666667,20,0.6828416666666667,0.029233333333333333,-0.013095,0.7818,0.5839,0.001,0.8491,0.94,1.0,0.5798,maize
Jalpaiguri_West_Bengal,Jalpaiguri,West Bengal,26.5,88.7,84,49,130,6.32,85.0,3.19,2023,23042.2,30.788333333333334,13.818333333333333,22.303333333333335,84.61999999999999,15.351666666666667,20,0.6828416666666667,0.029233333333333333,-0.013095,0.7818,0.5839,0.001,0.8491,0.94,1.0,0.5798,maize
Jalpaiguri_West_Bengal,Jalpaiguri,West Bengal,26.5,88.7,84,49,130,6.32,85.0,3.19,2023,23042.2,30.788333333333334,13.818333333333333,22.303333333333335,84.61999999999999,15.351666666666667,20,0.6828416666666667,0.029233333333333333,-0.013095,0.7818,0.5839,0.001,0.8491,0.94,1.0,0.5798,maize
Jalpaiguri_West_Bengal,Jalpaiguri,West Bengal,26.5,88.7,84,49,130,6.32,85.0,3.19,2023,23042.2,30.788333333333334,13.818333333333333,22.303333333333335,84.61999999999999,15.351666666666667,20,0.6828416666666667,0.029233333333333333,-0.013095,0.7818,0.5839,0.001,0.8491,0.94,1.0,0.5798,maize
Jalpaiguri_West_Bengal,Jalpaiguri,West Bengal,26.5,88.7,81,47,125,6.19,76.4,3.0,2023,23042.2,30.788333333333334,13.818333333333333,22.303333333333335,84.61999999999999,15.351666666666667,20,0.6828416666666667,0.029233333333333333,-0.013095,0.7818,0.5839,0.001,0.7985,0.8967,1.0,0.5452,maize
Jalpaiguri_West_Bengal,Jalpaiguri,West Bengal,26.5,88.7,81,47,125,6.19,76.4,3.0,2023,23042.2,30.788333333333334,13.818333333333333,22.303333333333335,84.61999999999999,15.351666666666667,20,0.6828416666666667,0.029233333333333333,-0.013095,0.7818,0.5839,0.001,0.7985,0.8967,1.0,0.5452,maize
Jalpaiguri_West_Bengal,Jalpaiguri,West Bengal,26.5,88.7,81,47,125,6.19,76.4,3.0,2023,23042.2,30.788333333333334,13.818333333333333,22.303333333333335,84.61999999999999,15.351666666666667,20,0.6828416666666667,0.029233333333333333,-0.013095,0.7818,0.5839,0.001,0.7985,0.8967,1.0,0.5452,maize
Jalpaiguri_West_Bengal,Jalpaiguri,West Bengal,26.5,88.7,81,47,125,6.19,76.4,3.0,2023,23042.2,30.788333333333334,13.818333333333333,22.303333333333335,84.61999999999999,15.351666666666667,20,0.6828416666666667,0.029233333333333333,-0.013095,0.7818,0.5839,0.001,0.7985,0.8967,1.0,0.5452,maize
Jalpaiguri_West_Bengal,Jalpaiguri,West Bengal,26.5,88.7,81,47,125,6.19,76.4,3.0,2023,23042.2,30.788333333333334,13.818333333333333,22.303333333333335,84.61999999999999,15.351666666666667,20,0.6828416666666667,0.029233333333333333,-0.013095,0.7818,0.5839,0.001,0.7985,0.8967,1.0,0.5452,maize
Jalpaiguri_West_Bengal,Jalpaiguri,West Bengal,26.5,88.7,78,52,125,6.12,82.6,2.9,2023,23042.2,30.788333333333334,13.818333333333333,22.303333333333335,84.61999999999999,15.351666666666667,20,0.6828416666666667,0.029233333333333333,-0.013095,0.7818,0.5839,0.001,0.8176,0.8733,1.0,0.5583,maize
Jalpaiguri_West_Bengal,Jalpaiguri,West Bengal,26.5,88.7,78,52,125,6.12,82.6,2.9,2023,23042.2,30.788333333333334,13.818333333333333,22.303333333333335,84.61999999999999,15.351666666666667,20,0.6828416666666667,0.029233333333333333,-0.013095,0.7818,0.5839,0.001,0.8176,0.8733,1.0,0.5583,maize
Jalpaiguri_West_Bengal,Jalpaiguri,West Bengal,26.5,88.7,78,52,125,6.12,82.6,2.9,2023,23042.2,30.788333333333334,13.818333333333333,22.303333333333335,84.61999999999999,15.351666666666667,20,0.6828416666666667,0.029233333333333333,-0.013095,0.7818,0.5839,0.001,0.8176,0.8733,1.0,0.5583,maize
Jalpaiguri_West_Bengal,Jalpaiguri,West Bengal,26.5,88.7,78,52,125,6.12,82.6,2.9,2023,23042.2,30.788333333333334,13.818333333333333,22.303333333333335,84.61999999999999,15.351666666666667,20,0.6828416666666667,0.029233333333333333,-0.013095,0.7818,0.5839,0.001,0.8176,0.8733,1.0,0.5583,maize
Jalpaiguri_West_Bengal,Jalpaiguri,West Bengal,26.5,88.7,78,52,125,6.12,82.6,2.9,2023,23042.2,30.788333333333334,13.818333333333333,22.303333333333335,84.61999999999999,15.351666666666667,20,0.6828416666666667,0.029233333333333333,-0.013095,0.7818,0.5839,0.001,0.8176,0.8733,1.0,0.5583,maize
Jalpaiguri_West_Bengal,Jalpaiguri,West Bengal,26.5,88.7,90,44,137,6.03,80.9,2.91,2023,23042.2,30.788333333333334,13.818333333333333,22.303333333333335,84.61999999999999,15.351666666666667,20,0.6828416666666667,0.029233333333333333,-0.013095,0.7818,0.5839,0.001,0.8717,0.8433,1.0,0.5952,maize
Jalpaiguri_West_Bengal,Jalpaiguri,West Bengal,26.5,88.7,90,44,137,6.03,80.9,2.91,2023,23042.2,30.788333333333334,13.818333333333333,22.303333333333335,84.61999999999999,15.351666666666667,20,0.6828416666666667,0.029233333333333333,-0.013095,0.7818,0.5839,0.001,0.8717,0.8433,1.0,0.5952,maize
Jalpaiguri_West_Bengal,Jalpaiguri,West Bengal,26.5,88.7,90,44,137,6.03,80.9,2.91,2023,23042.2,30.788333333333334,13.818333333333333,22.303333333333335,84.61999999999999,15.351666666666667,20,0.6828416666666667,0.029233333333333333,-0.013095,0.7818,0.5839,0.001,0.8717,0.8433,1.0,0.5952,maize
Jalpaiguri_West_Bengal,Jalpaiguri,West Bengal,26.5,88.7,90,44,137,6.03,80.9,2.91,2023,23042.2,30.788333333333334,13.818333333333333,22.303333333333335,84.61999999999999,15.351666666666667,20,0.6828416666666667,0.029233333333333333,-0.013095,0.7818,0.5839,0.001,0.8717,0.8433,1.0,0.5952,maize
Jalpaiguri_West_Bengal,Jalpaiguri,West Bengal,26.5,88.7,90,44,137,6.03,80.9,2.91,2023,23042.2,30.788333333333334,13.818333333333333,22.303333333333335,84.61999999999999,15.351666666666667,20,0.6828416666666667,0.029233333333333333,-0.013095,0.7818,0.5839,0.001,0.8717,0.8433,1.0,0.5952,maize
Jalpaiguri_West_Bengal,Jalpaiguri,West Bengal,26.5,88.7,89,47,136,6.33,83.9,2.82,2023,23042.2,30.788333333333334,13.818333333333333,22.303333333333335,84.61999999999999,15.351666666666667,20,0.6828416666666667,0.029233333333333333,-0.013095,0.7818,0.5839,0.001,0.8852,0.9433,1.0,0.6045,maize
Jalpaiguri_West_Bengal,Jalpaiguri,West Bengal,26.5,88.7,89,47,136,6.33,83.9,2.82,2023,23042.2,30.788333333333334,13.818333333333333,22.303333333333335,84.61999999999999,15.351666666666667,20,0.6828416666666667,0.029233333333333333,-0.013095,0.7818,0.5839,0.001,0.8852,0.9433,1.0,0.6045,maize
Jalpaiguri_West_Bengal,Jalpaiguri,West Bengal,26.5,88.7,89,47,136,6.33,83.9,2.82,2023,23042.2,30.788333333333334,13.818333333333333,22.303333333333335,84.61999999999999,15.351666666666667,20,0.6828416666666667,0.029233333333333333,-0.013095,0.7818,0.5839,0.001,0.8852,0.9433,1.0,0.6045,maize
Jalpaiguri_West_Bengal,Jalpaiguri,West Bengal,26.5,88.7,89,47,136,6.33,83.9,2.82,2023,23042.2,30.788333333333334,13.818333333333333,22.303333333333335,84.61999999999999,15.351666666666667,20,0.6828416666666667,0.029233333333333333,-0.013095,0.7818,0.5839,0.001,0.8852,0.9433,1.0,0.6045,maize
Jalpaiguri_West_Bengal,Jalpaiguri,West Bengal,26.5,88.7,89,47,136,6.33,83.9,2.82,2023,23042.2,30.788333333333334,13.818333333333333,22.303333333333335,84.61999999999999,15.351666666666667,20,0.6828416666666667,0.029233333333333333,-0.013095,0.7818,0.5839,0.001,0.8852,0.9433,1.0,0.6045,maize
Nizamabad_Telangana,Nizamabad,Telangana,18.7,78.1,65,42,113,7.1,50.7,2.27,2023,7669.0,36.95666666666667,22.221666666666668,29.589166666666664,65.13333333333334,21.333333333333332,20,0.4537583333333333,0.029708333333333333,-0.013095,0.5527,0.3548,0.0039,0.6185,0.8,1.0,0.2806,turmeric
Nizamabad_Telangana,Nizamabad,Telangana,18.7,78.1,65,42,113,7.1,50.7,2.27,2023,7669.0,36.95666666666667,22.221666666666668,29.589166666666664,65.13333333333334,21.333333333333332,20,0.4537583333333333,0.029708333333333333,-0.013095,0.5527,0.3548,0.0039,0.6185,0.8,1.0,0.2806,turmeric
Nizamabad_Telangana,Nizamabad,Telangana,18.7,78.1,65,42,113,7.1,50.7,2.27,2023,7669.0,36.95666666666667,22.221666666666668,29.589166666666664,65.13333333333334,21.333333333333332,20,0.4537583333333333,0.029708333333333333,-0.013095,0.5527,0.3548,0.0039,0.6185,0.8,1.0,0.2806,turmeric
Nizamabad_Telangana,Nizamabad,Telangana,18.7,78.1,65,42,113,7.1,50.7,2.27,2023,7669.0,36.95666666666667,22.221666666666668,29.589166666666664,65.13333333333334,21.333333333333332,20,0.4537583333333333,0.029708333333333333,-0.013095,0.5527,0.3548,0.0039,0.6185,0.8,1.0,0.2806,turmeric
Nizamabad_Telangana,Nizamabad,Telangana,18.7,78.1,65,42,113,7.1,50.7,2.27,2023,7669.0,36.95666666666667,22.221666666666668,29.589166666666664,65.13333333333334,21.333333333333332,20,0.4537583333333333,0.029708333333333333,-0.013095,0.5527,0.3548,0.0039,0.6185,0.8,1.0,0.2806,turmeric
Nizamabad_Telangana,Nizamabad,Telangana,18.7,78.1,64,37,116,6.84,51.4,1.9,2023,7669.0,36.95666666666667,22.221666666666668,29.589166666666664,65.13333333333334,21.333333333333332,20,0.4537583333333333,0.029708333333333333,-0.013095,0.5527,0.3548,0.0039,0.5831,0.8867,1.0,0.2646,turmeric
Nizamabad_Telangana,Nizamabad,Telangana,18.7,78.1,64,37,116,6.84,51.4,1.9,2023,7669.0,36.95666666666667,22.221666666666668,29.589166666666664,65.13333333333334,21.333333333333332,20,0.4537583333333333,0.029708333333333333,-0.013095,0.5527,0.3548,0.0039,0.5831,0.8867,1.0,0.2646,turmeric
Nizamabad_Telangana,Nizamabad,Telangana,18.7,78.1,64,37,116,6.84,51.4,1.9,2023,7669.0,36.95666666666667,22.221666666666668,29.589166666666664,65.13333333333334,21.333333333333332,20,0.4537583333333333,0.029708333333333333,-0.013095,0.5527,0.3548,0.0039,0.5831,0.8867,1.0,0.2646,turmeric
Nizamabad_Telangana,Nizamabad,Telangana,18.7,78.1,64,37,116,6.84,51.4,1.9,2023,7669.0,36.95666666666667,22.221666666666668,29.589166666666664,65.13333333333334,21.333333333333332,20,0.4537583333333333,0.029708333333333333,-0.013095,0.5527,0.3548,0.0039,0.5831,0.8867,1.0,0.2646,turmeric
Nizamabad_Telangana,Nizamabad,Telangana,18.7,78.1,64,37,116,6.84,51.4,1.9,2023,7669.0,36.95666666666667,22.221666666666668,29.589166666666664,65.13333333333334,21.333333333333332,20,0.4537583333333333,0.029708333333333333,-0.013095,0.5527,0.3548,0.0039,0.5831,0.8867,1.0,0.2646,turmeric
Nizamabad_Telangana,Nizamabad,Telangana,18.7,78.1,70,43,107,7.02,52.5,2.03,2023,7669.0,36.95666666666667,22.221666666666668,29.589166666666664,65.13333333333334,21.333333333333332,20,0.4537583333333333,0.029708333333333333,-0.013095,0.5527,0.3548,0.0039,0.6393,0.8267,1.0,0.2901,turmeric
Nizamabad_Telangana,Nizamabad,Telangana,18.7,78.1,70,43,107,7.02,52.5,2.03,2023,7669.0,36.95666666666667,22.221666666666668,29.589166666666664,65.13333333333334,21.333333333333332,20,0.4537583333333333,0.029708333333333333,-0.013095,0.5527,0.3548,0.0039,0.6393,0.8267,1.0,0.2901,turmeric
Nizamabad_Telangana,Nizamabad,Telangana,18.7,78.1,70,43,107,7.02,52.5,2.03,2023,7669.0,36.95666666666667,22.221666666666668,29.589166666666664,65.13333333333334,21.333333333333332,20,0.4537583333333333,0.029708333333333333,-0.013095,0.5527,0.3548,0.0039,0.6393,0.8267,1.0,0.2901,turmeric
Nizamabad_Telangana,Nizamabad,Telangana,18.7,78.1,70,43,107,7.02,52.5,2.03,2023,7669.0,36.95666666666667,22.221666666666668,29.589166666666664,65.13333333333334,21.333333333333332,20,0.4537583333333333,0.029708333333333333,-0.013095,0.5527,0.3548,0.0039,0.6393,0.8267,1.0,0.2901,turmeric
Nizamabad_Telangana,Nizamabad,Telangana,18.7,78.1,70,43,107,7.02,52.5,2.03,2023,7669.0,36.95666666666667,22.221666666666668,29.589166666666664,65.13333333333334,21.333333333333332,20,0.4537583333333333,0.029708333333333333,-0.013095,0.5527,0.3548,0.0039,0.6393,0.8267,1.0,0.2901,turmeric
Nizamabad_Telangana,Nizamabad,Telangana,18.7,78.1,69,40,110,6.8,58.3,2.3,2023,7669.0,36.95666666666667,22.221666666666668,29.589166666666664,65.13333333333334,21.333333333333332,20,0.4537583333333333,0.029708333333333333,-0.013095,0.5527,0.3548,0.0039,0.6193,0.9,1.0,0.281,turmeric
Nizamabad_Telangana,Nizamabad,Telangana,18.7,78.1,69,40,110,6.8,58.3,2.3,2023,7669.0,36.95666666666667,22.221666666666668,29.589166666666664,65.13333333333334,21.333333333333332,20,0.4537583333333333,0.029708333333333333,-0.013095,0.5527,0.3548,0.0039,0.6193,0.9,1.0,0.281,turmeric
Nizamabad_Telangana,Nizamabad,Telangana,18.7,78.1,69,40,110,6.8,58.3,2.3,2023,7669.0,36.95666666666667,22.221666666666668,29.589166666666664,65.13333333333334,21.333333333333332,20,0.4537583333333333,0.029708333333333333,-0.013095,0.5527,0.3548,0.0039,0.6193,0.9,1.0,0.281,turmeric
Nizamabad_Telangana,Nizamabad,Telangana,18.7,78.1,69,40,110,6.8,58.3,2.3,2023,7669.0,36.95666666666667,22.221666666666668,29.589166666666664,65.13333333333334,21.333333333333332,20,0.4537583333333333,0.029708333333333333,-0.013095,0.5527,0.3548,0.0039,0.6193,0.9,1.0,0.281,turmeric
Nizamabad_Telangana,Nizamabad,Telangana,18.7,78.1,69,40,110,6.8,58.3,2.3,2023,7669.0,36.95666666666667,22.221666666666668,29.589166666666664,65.13333333333334,21.333333333333332,20,0.4537583333333333,0.029708333333333333,-0.013095,0.5527,0.3548,0.0039,0.6193,0.9,1.0,0.281,turmeric
Nizamabad_Telangana,Nizamabad,Telangana,18.7,78.1,70,44,107,6.97,56.7,1.95,2023,7669.0,36.95666666666667,22.221666666666668,29.589166666666664,65.13333333333334,21.333333333333332,20,0.4537583333333333,0.029708333333333333,-0.013095,0.5527,0.3548,0.0039,0.647,0.8433,1.0,0.2936,turmeric
Nizamabad_Telangana,Nizamabad,Telangana,18.7,78.1,70,44,107,6.97,56.7,1.95,2023,7669.0,36.95666666666667,22.221666666666668,29.589166666666664,65.13333333333334,21.333333333333332,20,0.4537583333333333,0.029708333333333333,-0.013095,0.5527,0.3548,0.0039,0.647,0.8433,1.0,0.2936,turmeric
Nizamabad_Telangana,Nizamabad,Telangana,18.7,78.1,70,44,107,6.97,56.7,1.95,2023,7669.0,36.95666666666667,22.221666666666668,29.589166666666664,65.13333333333334,21.333333333333332,20,0.4537583333333333,0.029708333333333333,-0.013095,0.5527,0.3548,0.0039,0.647,0.8433,1.0,0.2936,turmeric
Nizamabad_Telangana,Nizamabad,Telangana,18.7,78.1,70,44,107,6.97,56.7,1.95,2023,7669.0,36.95666666666667,22.221666666666668,29.589166666666664,65.13333333333334,21.333333333333332,20,0.4537583333333333,0.029708333333333333,-0.013095,0.5527,0.3548,0.0039,0.647,0.8433,1.0,0.2936,turmeric
Nizamabad_Telangana,Nizamabad,Telangana,18.7,78.1,70,44,107,6.97,56.7,1.95,2023,7669.0,36.95666666666667,22.221666666666668,29.589166666666664,65.13333333333334,21.333333333333332,20,0.4537583333333333,0.029708333333333333,-0.013095,0.5527,0.3548,0.0039,0.647,0.8433,1.0,0.2936,turmeric
Warangal_Telangana,Warangal,Telangana,18.0,79.6,79,42,112,7.26,61.9,2.13,2023,8045.6,36.205000000000005,21.791666666666668,28.998333333333335,68.74499999999999,20.15,20,0.41736666666666666,0.028024999999999998,-0.013097,0.5164,0.3184,0.0036,0.7056,0.7467,1.0,0.2945,cotton
Warangal_Telangana,Warangal,Telangana,18.0,79.6,79,42,112,7.26,61.9,2.13,2023,8045.6,36.205000000000005,21.791666666666668,28.998333333333335,68.74499999999999,20.15,20,0.41736666666666666,0.028024999999999998,-0.013097,0.5164,0.3184,0.0036,0.7056,0.7467,1.0,0.2945,cotton
Warangal_Telangana,Warangal,Telangana,18.0,79.6,79,42,112,7.26,61.9,2.13,2023,8045.6,36.205000000000005,21.791666666666668,28.998333333333335,68.74499999999999,20.15,20,0.41736666666666666,0.028024999999999998,-0.013097,0.5164,0.3184,0.0036,0.7056,0.7467,1.0,0.2945,cotton
Warangal_Telangana,Warangal,Telangana,18.0,79.6,79,42,112,7.26,61.9,2.13,2023,8045.6,36.205000000000005,21.791666666666668,28.998333333333335,68.74499999999999,20.15,20,0.41736666666666666,0.028024999999999998,-0.013097,0.5164,0.3184,0.0036,0.7056,0.7467,1.0,0.2945,cotton
Warangal_Telangana,Warangal,Telangana,18.0,79.6,79,42,112,7.26,61.9,2.13,2023,8045.6,36.205000000000005,21.791666666666668,28.998333333333335,68.74499999999999,20.15,20,0.41736666666666666,0.028024999999999998,-0.013097,0.5164,0.3184,0.0036,0.7056,0.7467,1.0,0.2945,cotton
Warangal_Telangana,Warangal,Telangana,18.0,79.6,80,42,102,7.3,58.1,2.22,2023,8045.6,36.205000000000005,21.791666666666668,28.998333333333335,68.74499999999999,20.15,20,0.41736666666666666,0.028024999999999998,-0.013097,0.5164,0.3184,0.0036,0.6801,0.7333,1.0,0.2839,cotton
Warangal_Telangana,Warangal,Telangana,18.0,79.6,80,42,102,7.3,58.1,2.22,2023,8045.6,36.205000000000005,21.791666666666668,28.998333333333335,68.74499999999999,20.15,20,0.41736666666666666,0.028024999999999998,-0.013097,0.5164,0.3184,0.0036,0.6801,0.7333,1.0,0.2839,cotton
Warangal_Telangana,Warangal,Telangana,18.0,79.6,80,42,102,7.3,58.1,2.22,2023,8045.6,36.205000000000005,21.791666666666668,28.998333333333335,68.74499999999999,20.15,20,0.41736666666666666,0.028024999999999998,-0.013097,0.5164,0.3184,0.0036,0.6801,0.7333,1.0,0.2839,cotton
Warangal_Telangana,Warangal,Telangana,18.0,79.6,80,42,102,7.3,58.1,2.22,2023,8045.6,36.205000000000005,21.791666666666668,28.998333333333335,68.74499999999999,20.15,20,0.41736666666666666,0.028024999999999998,-0.013097,0.5164,0.3184,0.0036,0.6801,0.7333,1.0,0.2839,cotton
Warangal_Telangana,Warangal,Telangana,18.0,79.6,80,42,102,7.3,58.1,2.22,2023,8045.6,36.205000000000005,21.791666666666668,28.998333333333335,68.74499999999999,20.15,20,0.41736666666666666,0.028024999999999998,-0.013097,0.5164,0.3184,0.0036,0.6801,0.7333,1.0,0.2839,cotton
Warangal_Telangana,Warangal,Telangana,18.0,79.6,75,37,113,7.15,61.6,2.21,2023,8045.6,36.205000000000005,21.791666666666668,28.998333333333335,68.74499999999999,20.15,20,0.41736666666666666,0.028024999999999998,-0.013097,0.5164,0.3184,0.0036,0.6445,0.7833,1.0,0.269,cotton
Warangal_Telangana,Warangal,Telangana,18.0,79.6,75,37,113,7.15,61.6,2.21,2023,8045.6,36.205000000000005,21.791666666666668,28.998333333333335,68.74499999999999,20.15,20,0.41736666666666666,0.028024999999999998,-0.013097,0.5164,0.3184,0.0036,0.6445,0.7833,1.0,0.269,cotton
Warangal_Telangana,Warangal,Telangana,18.0,79.6,75,37,113,7.15,61.6,2.21,2023,8045.6,36.205000000000005,21.791666666666668,28.998333333333335,68.74499999999999,20.15,20,0.41736666666666666,0.028024999999999998,-0.013097,0.5164,0.3184,0.0036,0.6445,0.7833,1.0,0.269,cotton
Warangal_Telangana,Warangal,Telangana,18.0,79.6,75,37,113,7.15,61.6,2.21,2023,8045.6,36.205000000000005,21.791666666666668,28.998333333333335,68.74499999999999,20.15,20,0.41736666666666666,0.028024999999999998,-0.013097,0.5164,0.3184,0.0036,0.6445,0.7833,1.0,0.269,cotton
Warangal_Telangana,Warangal,Telangana,18.0,79.6,75,37,113,7.15,61.6,2.21,2023,8045.6,36.205000000000005,21.791666666666668,28.998333333333335,68.74499999999999,20.15,20,0.41736666666666666,0.028024999999999998,-0.013097,0.5164,0.3184,0.0036,0.6445,0.7833,1.0,0.269,cotton
Warangal_Telangana,Warangal,Telangana,18.0,79.6,75,42,117,7.06,57.8,2.26,2023,8045.6,36.205000000000005,21.791666666666668,28.998333333333335,68.74499999999999,20.15,20,0.41736666666666666,0.028024999999999998,-0.013097,0.5164,0.3184,0.0036,0.6957,0.8133,1.0,0.2904,cotton
Warangal_Telangana,Warangal,Telangana,18.0,79.6,75,42,117,7.06,57.8,2.26,2023,8045.6,36.205000000000005,21.791666666666668,28.998333333333335,68.74499999999999,20.15,20,0.41736666666666666,0.028024999999999998,-0.013097,0.5164,0.3184,0.0036,0.6957,0.8133,1.0,0.2904,cotton
Warangal_Telangana,Warangal,Telangana,18.0,79.6,75,42,117,7.06,57.8,2.26,2023,8045.6,36.205000000000005,21.791666666666668,28.998333333333335,68.74499999999999,20.15,20,0.41736666666666666,0.028024999999999998,-0.013097,0.5164,0.3184,0.0036,0.6957,0.8133,1.0,0.2904,cotton
Warangal_Telangana,Warangal,Telangana,18.0,79.6,75,42,117,7.06,57.8,2.26,2023,8045.6,36.205000000000005,21.791666666666668,28.998333333333335,68.74499999999999,20.15,20,0.41736666666666666,0.028024999999999998,-0.013097,0.5164,0.3184,0.0036,0.6957,0.8133,1.0,0.2904,cotton
Warangal_Telangana,Warangal,Telangana,18.0,79.6,75,42,117,7.06,57.8,2.26,2023,8045.6,36.205000000000005,21.791666666666668,28.998333333333335,68.74499999999999,20.15,20,0.41736666666666666,0.028024999999999998,-0.013097,0.5164,0.3184,0.0036,0.6957,0.8133,1.0,0.2904,cotton
Warangal_Telangana,Warangal,Telangana,18.0,79.6,78,43,114,6.93,53.4,2.31,2023,8045.6,36.205000000000005,21.791666666666668,28.998333333333335,68.74499999999999,20.15,20,0.41736666666666666,0.028024999999999998,-0.013097,0.5164,0.3184,0.0036,0.7132,0.8567,1.0,0.2977,cotton
Warangal_Telangana,Warangal,Telangana,18.0,79.6,78,43,114,6.93,53.4,2.31,2023,8045.6,36.205000000000005,21.791666666666668,28.998333333333335,68.74499999999999,20.15,20,0.41736666666666666,0.028024999999999998,-0.013097,0.5164,0.3184,0.0036,0.7132,0.8567,1.0,0.2977,cotton
Warangal_Telangana,Warangal,Telangana,18.0,79.6,78,43,114,6.93,53.4,2.31,2023,8045.6,36.205000000000005,21.791666666666668,28.998333333333335,68.74499999999999,20.15,20,0.41736666666666666,0.028024999999999998,-0.013097,0.5164,0.3184,0.0036,0.7132,0.8567,1.0,0.2977,cotton
Warangal_Telangana,Warangal,Telangana,18.0,79.6,78,43,114,6.93,53.4,2.31,2023,8045.6,36.205000000000005,21.791666666666668,28.998333333333335,68.74499999999999,20.15,20,0.41736666666666666,0.028024999999999998,-0.013097,0.5164,0.3184,0.0036,0.7132,0.8567,1.0,0.2977,cotton
Warangal_Telangana,Warangal,Telangana,18.0,79.6,78,43,114,6.93,53.4,2.31,2023,8045.6,36.205000000000005,21.791666666666668,28.998333333333335,68.74499999999999,20.15,20,0.41736666666666666,0.028024999999999998,-0.013097,0.5164,0.3184,0.0036,0.7132,0.8567,1.0,0.2977,cotton
Karimnagar_Telangana,Karimnagar,Telangana,18.4,79.1,70,34,108,7.36,49.9,2.16,2023,7592.1,36.87,21.868333333333332,29.36916666666667,64.775,21.045,20,0.4404416666666667,0.02835,-0.013095,0.5394,0.3415,0.0039,0.5732,0.7133,1.0,0.2525,rice
Karimnagar_Telangana,Karimnagar,Telangana,18.4,79.1,70,34,108,7.36,49.9,2.16,2023,7592.1,36.87,21.868333333333332,29.36916666666667,64.775,21.045,20,0.4404416666666667,0.02835,-0.013095,0.5394,0.3415,0.0039,0.5732,0.7133,1.0,0.2525,rice
Karimnagar_Telangana,Karimnagar,Telangana,18.4,79.1,70,34,108,7.36,49.9,2.16,2023,7592.1,36.87,21.868333333333332,29.36916666666667,64.775,21.045,20,0.4404416666666667,0.02835,-0.013095,0.5394,0.3415,0.0039,0.5732,0.7133,1.0,0.2525,rice
Karimnagar_Telangana,Karimnagar,Telangana,18.4,79.1,70,34,108,7.36,49.9,2.16,2023,7592.1,36.87,21.868333333333332,29.36916666666667,64.775,21.045,20,0.4404416666666667,0.02835,-0.013095,0.5394,0.3415,0.0039,0.5732,0.7133,1.0,0.2525,rice
Karimnagar_Telangana,Karimnagar,Telangana,18.4,79.1,70,34,108,7.36,49.9,2.16,2023,7592.1,36.87,21.868333333333332,29.36916666666667,64.775,21.045,20,0.4404416666666667,0.02835,-0.013095,0.5394,0.3415,0.0039,0.5732,0.7133,1.0,0.2525,rice
Karimnagar_Telangana,Karimnagar,Telangana,18.4,79.1,74,34,102,7.22,55.8,2.17,2023,7592.1,36.87,21.868333333333332,29.36916666666667,64.775,21.045,20,0.4404416666666667,0.02835,-0.013095,0.5394,0.3415,0.0039,0.5799,0.76,1.0,0.2554,rice
Karimnagar_Telangana,Karimnagar,Telangana,18.4,79.1,74,34,102,7.22,55.8,2.17,2023,7592.1,36.87,21.868333333333332,29.36916666666667,64.775,21.045,20,0.4404416666666667,0.02835,-0.013095,0.5394,0.3415,0.0039,0.5799,0.76,1.0,0.2554,rice
Karimnagar_Telangana,Karimnagar,Telangana,18.4,79.1,74,34,102,7.22,55.8,2.17,2023,7592.1,36.87,21.868333333333332,29.36916666666667,64.775,21.045,20,0.4404416666666667,0.02835,-0.013095,0.5394,0.3415,0.0039,0.5799,0.76,1.0,0.2554,rice
Karimnagar_Telangana,Karimnagar,Telangana,18.4,79.1,74,34,102,7.22,55.8,2.17,2023,7592.1,36.87,21.868333333333332,29.36916666666667,64.775,21.045,20,0.4404416666666667,0.02835,-0.013095,0.5394,0.3415,0.0039,0.5799,0.76,1.0,0.2554,rice
Karimnagar_Telangana,Karimnagar,Telangana,18.4,79.1,74,34,102,7.22,55.8,2.17,2023,7592.1,36.87,21.868333333333332,29.36916666666667,64.775,21.045,20,0.4404416666666667,0.02835,-0.013095,0.5394,0.3415,0.0039,0.5799,0.76,1.0,0.2554,rice
Karimnagar_Telangana,Karimnagar,Telangana,18.4,79.1,72,42,98,7.18,49.7,1.86,2023,7592.1,36.87,21.868333333333332,29.36916666666667,64.775,21.045,20,0.4404416666666667,0.02835,-0.013095,0.5394,0.3415,0.0039,0.6158,0.7733,1.0,0.2712,rice
Karimnagar_Telangana,Karimnagar,Telangana,18.4,79.1,72,42,98,7.18,49.7,1.86,2023,7592.1,36.87,21.868333333333332,29.36916666666667,64.775,21.045,20,0.4404416666666667,0.02835,-0.013095,0.5394,0.3415,0.0039,0.6158,0.7733,1.0,0.2712,rice
Karimnagar_Telangana,Karimnagar,Telangana,18.4,79.1,72,42,98,7.18,49.7,1.86,2023,7592.1,36.87,21.868333333333332,29.36916666666667,64.775,21.045,20,0.4404416666666667,0.02835,-0.013095,0.5394,0.3415,0.0039,0.6158,0.7733,1.0,0.2712,rice
Karimnagar_Telangana,Karimnagar,Telangana,18.4,79.1,72,42,98,7.18,49.7,1.86,2023,7592.1,36.87,21.868333333333332,29.36916666666667,64.775,21.045,20,0.4404416666666667,0.02835,-0.013095,0.5394,0.3415,0.0039,0.6158,0.7733,1.0,0.2712,rice
Karimnagar_Telangana,Karimnagar,Telangana,18.4,79.1,72,42,98,7.18,49.7,1.86,2023,7592.1,36.87,21.868333333333332,29.36916666666667,64.775,21.045,20,0.4404416666666667,0.02835,-0.013095,0.5394,0.3415,0.0039,0.6158,0.7733,1.0,0.2712,rice
Karimnagar_Telangana,Karimnagar,Telangana,18.4,79.1,69,37,102,7.25,51.3,1.81,2023,7592.1,36.87,21.868333333333332,29.36916666666667,64.775,21.045,20,0.4404416666666667,0.02835,-0.013095,0.5394,0.3415,0.0039,0.5707,0.75,1.0,0.2514,rice
Karimnagar_Telangana,Karimnagar,Telangana,18.4,79.1,69,37,102,7.25,51.3,1.81,2023,7592.1,36.87,21.868333333333332,29.36916666666667,64.775,21.045,20,0.4404416666666667,0.02835,-0.013095,0.5394,0.3415,0.0039,0.5707,0.75,1.0,0.2514,rice
Karimnagar_Telangana,Karimnagar,Telangana,18.4,79.1,69,37,102,7.25,51.3,1.81,2023,7592.1,36.87,21.868333333333332,29.36916666666667,64.775,21.045,20,0.4404416666666667,0.02835,-0.013095,0.5394,0.3415,0.0039,0.5707,0.75,1.0,0.2514,rice
Karimnagar_Telangana,Karimnagar,Telangana,18.4,79.1,69,37,102,7.25,51.3,1.81,2023,7592.1,36.87,21.868333333333332,29.36916666666667,64.775,21.045,20,0.4404416666666667,0.02835,-0.013095,0.5394,0.3415,0.0039,0.5707,0.75,1.0,0.2514,rice
Karimnagar_Telangana,Karimnagar,Telangana,18.4,79.1,69,37,102,7.25,51.3,1.81,2023,7592.1,36.87,21.868333333333332,29.36916666666667,64.775,21.045,20,0.4404416666666667,0.02835,-0.013095,0.5394,0.3415,0.0039,0.5707,0.75,1.0,0.2514,rice
Karimnagar_Telangana,Karimnagar,Telangana,18.4,79.1,64,37,105,7.39,54.4,1.99,2023,7592.1,36.87,21.868333333333332,29.36916666666667,64.775,21.045,20,0.4404416666666667,0.02835,-0.013095,0.5394,0.3415,0.0039,0.548,0.7033,1.0,0.2414,rice
Karimnagar_Telangana,Karimnagar,Telangana,18.4,79.1,64,37,105,7.39,54.4,1.99,2023,7592.1,36.87,21.868333333333332,29.36916666666667,64.775,21.045,20,0.4404416666666667,0.02835,-0.013095,0.5394,0.3415,0.0039,0.548,0.7033,1.0,0.2414,rice
Karimnagar_Telangana,Karimnagar,Telangana,18.4,79.1,64,37,105,7.39,54.4,1.99,2023,7592.1,36.87,21.868333333333332,29.36916666666667,64.775,21.045,20,0.4404416666666667,0.02835,-0.013095,0.5394,0.3415,0.0039,0.548,0.7033,1.0,0.2414,rice
Karimnagar_Telangana,Karimnagar,Telangana,18.4,79.1,64,37,105,7.39,54.4,1.99,2023,7592.1,36.87,21.868333333333332,29.36916666666667,64.775,21.045,20,0.4404416666666667,0.02835,-0.013095,0.5394,0.3415,0.0039,0.548,0.7033,1.0,0.2414,rice
Karimnagar_Telangana,Karimnagar,Telangana,18.4,79.1,64,37,105,7.39,54.4,1.99,2023,7592.1,36.87,21.868333333333332,29.36916666666667,64.775,21.045,20,0.4404416666666667,0.02835,-0.013095,0.5394,0.3415,0.0039,0.548,0.7033,1.0,0.2414,rice
Khammam_Telangana,Khammam,Telangana,17.2,80.1,70,41,112,6.76,61.5,2.39,2023,9143.8,34.84666666666667,21.788333333333334,28.3175,70.82166666666667,19.083333333333332,20,0.3766,0.0333,-0.013104,0.4756,0.2776,0.0031,0.6398,0.9133,1.0,0.2409,cotton
Khammam_Telangana,Khammam,Telangana,17.2,80.1,70,41,112,6.76,61.5,2.39,2023,9143.8,34.84666666666667,21.788333333333334,28.3175,70.82166666666667,19.083333333333332,20,0.3766,0.0333,-0.013104,0.4756,0.2776,0.0031,0.6398,0.9133,1.0,0.2409,cotton
Khammam_Telangana,Khammam,Telangana,17.2,80.1,70,41,112,6.76,61.5,2.39,2023,9143.8,34.84666666666667,21.788333333333334,28.3175,70.82166666666667,19.083333333333332,20,0.3766,0.0333,-0.013104,0.4756,0.2776,0.0031,0.6398,0.9133,1.0,0.2409,cotton
Khammam_Telangana,Khammam,Telangana,17.2,80.1,70,41,112,6.76,61.5,2.39,2023,9143.8,34.84666666666667,21.788333333333334,28.3175,70.82166666666667,19.083333333333332,20,0.3766,0.0333,-0.013104,0.4756,0.2776,0.0031,0.6398,0.9133,1.0,0.2409,cotton
Khammam_Telangana,Khammam,Telangana,17.2,80.1,70,41,112,6.76,61.5,2.39,2023,9143.8,34.84666666666667,21.788333333333334,28.3175,70.82166666666667,19.083333333333332,20,0.3766,0.0333,-0.013104,0.4756,0.2776,0.0031,0.6398,0.9133,1.0,0.2409,cotton
Khammam_Telangana,Khammam,Telangana,17.2,80.1,79,48,117,6.83,64.6,2.52,2023,9143.8,34.84666666666667,21.788333333333334,28.3175,70.82166666666667,19.083333333333332,20,0.3766,0.0333,-0.013104,0.4756,0.2776,0.0031,0.7677,0.89,1.0,0.2891,cotton
Khammam_Telangana,Khammam,Telangana,17.2,80.1,79,48,117,6.83,64.6,2.52,2023,9143.8,34.84666666666667,21.788333333333334,28.3175,70.82166666666667,19.083333333333332,20,0.3766,0.0333,-0.013104,0.4756,0.2776,0.0031,0.7677,0.89,1.0,0.2891,cotton
Khammam_Telangana,Khammam,Telangana,17.2,80.1,79,48,117,6.83,64.6,2.52,2023,9143.8,34.84666666666667,21.788333333333334,28.3175,70.82166666666667,19.083333333333332,20,0.3766,0.0333,-0.013104,0.4756,0.2776,0.0031,0.7677,0.89,1.0,0.2891,cotton
Khammam_Telangana,Khammam,Telangana,17.2,80.1,79,48,117,6.83,64.6,2.52,2023,9143.8,34.84666666666667,21.788333333333334,28.3175,70.82166666666667,19.083333333333332,20,0.3766,0.0333,-0.013104,0.4756,0.2776,0.0031,0.7677,0.89,1.0,0.2891,cotton
Khammam_Telangana,Khammam,Telangana,17.2,80.1,79,48,117,6.83,64.6,2.52,2023,9143.8,34.84666666666667,21.788333333333334,28.3175,70.82166666666667,19.083333333333332,20,0.3766,0.0333,-0.013104,0.4756,0.2776,0.0031,0.7677,0.89,1.0,0.2891,cotton
Khammam_Telangana,Khammam,Telangana,17.2,80.1,75,45,108,7.03,59.7,2.39,2023,9143.8,34.84666666666667,21.788333333333334,28.3175,70.82166666666667,19.083333333333332,20,0.3766,0.0333,-0.013104,0.4756,0.2776,0.0031,0.6901,0.8233,1.0,0.2599,cotton
Khammam_Telangana,Khammam,Telangana,17.2,80.1,75,45,108,7.03,59.7,2.39,2023,9143.8,34.84666666666667,21.788333333333334,28.3175,70.82166666666667,19.083333333333332,20,0.3766,0.0333,-0.013104,0.4756,0.2776,0.0031,0.6901,0.8233,1.0,0.2599,cotton
Khammam_Telangana,Khammam,Telangana,17.2,80.1,75,45,108,7.03,59.7,2.39,2023,9143.8,34.84666666666667,21.788333333333334,28.3175,70.82166666666667,19.083333333333332,20,0.3766,0.0333,-0.013104,0.4756,0.2776,0.0031,0.6901,0.8233,1.0,0.2599,cotton
Khammam_Telangana,Khammam,Telangana,17.2,80.1,75,45,108,7.03,59.7,2.39,2023,9143.8,34.84666666666667,21.788333333333334,28.3175,70.82166666666667,19.083333333333332,20,0.3766,0.0333,-0.013104,0.4756,0.2776,0.0031,0.6901,0.8233,1.0,0.2599,cotton
Khammam_Telangana,Khammam,Telangana,17.2,80.1,75,45,108,7.03,59.7,2.39,2023,9143.8,34.84666666666667,21.788333333333334,28.3175,70.82166666666667,19.083333333333332,20,0.3766,0.0333,-0.013104,0.4756,0.2776,0.0031,0.6901,0.8233,1.0,0.2599,cotton
Khammam_Telangana,Khammam,Telangana,17.2,80.1,77,39,107,6.89,66.6,2.54,2023,9143.8,34.84666666666667,21.788333333333334,28.3175,70.82166666666667,19.083333333333332,20,0.3766,0.0333,-0.013104,0.4756,0.2776,0.0031,0.6537,0.87,1.0,0.2462,cotton
Khammam_Telangana,Khammam,Telangana,17.2,80.1,77,39,107,6.89,66.6,2.54,2023,9143.8,34.84666666666667,21.788333333333334,28.3175,70.82166666666667,19.083333333333332,20,0.3766,0.0333,-0.013104,0.4756,0.2776,0.0031,0.6537,0.87,1.0,0.2462,cotton
Khammam_Telangana,Khammam,Telangana,17.2,80.1,77,39,107,6.89,66.6,2.54,2023,9143.8,34.84666666666667,21.788333333333334,28.3175,70.82166666666667,19.083333333333332,20,0.3766,0.0333,-0.013104,0.4756,0.2776,0.0031,0.6537,0.87,1.0,0.2462,cotton
Khammam_Telangana,Khammam,Telangana,17.2,80.1,77,39,107,6.89,66.6,2.54,2023,9143.8,34.84666666666667,21.788333333333334,28.3175,70.82166666666667,19.083333333333332,20,0.3766,0.0333,-0.013104,0.4756,0.2776,0.0031,0.6537,0.87,1.0,0.2462,cotton
Khammam_Telangana,Khammam,Telangana,17.2,80.1,77,39,107,6.89,66.6,2.54,2023,9143.8,34.84666666666667,21.788333333333334,28.3175,70.82166666666667,19.083333333333332,20,0.3766,0.0333,-0.013104,0.4756,0.2776,0.0031,0.6537,0.87,1.0,0.2462,cotton
Khammam_Telangana,Khammam,Telangana,17.2,80.1,81,46,111,6.78,64.3,2.4,2023,9143.8,34.84666666666667,21.788333333333334,28.3175,70.82166666666667,19.083333333333332,20,0.3766,0.0333,-0.013104,0.4756,0.2776,0.0031,0.7461,0.9067,1.0,0.281,cotton
Khammam_Telangana,Khammam,Telangana,17.2,80.1,81,46,111,6.78,64.3,2.4,2023,9143.8,34.84666666666667,21.788333333333334,28.3175,70.82166666666667,19.083333333333332,20,0.3766,0.0333,-0.013104,0.4756,0.2776,0.0031,0.7461,0.9067,1.0,0.281,cotton
Khammam_Telangana,Khammam,Telangana,17.2,80.1,81,46,111,6.78,64.3,2.4,2023,9143.8,34.84666666666667,21.788333333333334,28.3175,70.82166666666667,19.083333333333332,20,0.3766,0.0333,-0.013104,0.4756,0.2776,0.0031,0.7461,0.9067,1.0,0.281,cotton
Khammam_Telangana,Khammam,Telangana,17.2,80.1,81,46,111,6.78,64.3,2.4,2023,9143.8,34.84666666666667,21.788333333333334,28.3175,70.82166666666667,19.083333333333332,20,0.3766,0.0333,-0.013104,0.4756,0.2776,0.0031,0.7461,0.9067,1.0,0.281,cotton
Khammam_Telangana,Khammam,Telangana,17.2,80.1,81,46,111,6.78,64.3,2.4,2023,9143.8,34.84666666666667,21.788333333333334,28.3175,70.82166666666667,19.083333333333332,20,0.3766,0.0333,-0.013104,0.4756,0.2776,0.0031,0.7461,0.9067,1.0,0.281,cotton
Nalgonda_Telangana,Nalgonda,Telangana,17.1,79.3,73,38,97,7.14,44.3,1.94,2023,6711.5,37.69833333333334,22.075,29.886666666666667,60.958333333333336,22.103333333333335,20,0.3018416666666667,0.026366666666666667,-0.013095,0.4008,0.2029,0.0045,0.5882,0.7867,1.0,0.1775,groundnut
Nalgonda_Telangana,Nalgonda,Telangana,17.1,79.3,73,38,97,7.14,44.3,1.94,2023,6711.5,37.69833333333334,22.075,29.886666666666667,60.958333333333336,22.103333333333335,20,0.3018416666666667,0.026366666666666667,-0.013095,0.4008,0.2029,0.0045,0.5882,0.7867,1.0,0.1775,groundnut
Nalgonda_Telangana,Nalgonda,Telangana,17.1,79.3,73,38,97,7.14,44.3,1.94,2023,6711.5,37.69833333333334,22.075,29.886666666666667,60.958333333333336,22.103333333333335,20,0.3018416666666667,0.026366666666666667,-0.013095,0.4008,0.2029,0.0045,0.5882,0.7867,1.0,0.1775,groundnut
Nalgonda_Telangana,Nalgonda,Telangana,17.1,79.3,73,38,97,7.14,44.3,1.94,2023,6711.5,37.69833333333334,22.075,29.886666666666667,60.958333333333336,22.103333333333335,20,0.3018416666666667,0.026366666666666667,-0.013095,0.4008,0.2029,0.0045,0.5882,0.7867,1.0,0.1775,groundnut
Nalgonda_Telangana,Nalgonda,Telangana,17.1,79.3,73,38,97,7.14,44.3,1.94,2023,6711.5,37.69833333333334,22.075,29.886666666666667,60.958333333333336,22.103333333333335,20,0.3018416666666667,0.026366666666666667,-0.013095,0.4008,0.2029,0.0045,0.5882,0.7867,1.0,0.1775,groundnut
Nalgonda_Telangana,Nalgonda,Telangana,17.1,79.3,72,35,94,7.36,52.6,1.83,2023,6711.5,37.69833333333334,22.075,29.886666666666667,60.958333333333336,22.103333333333335,20,0.3018416666666667,0.026366666666666667,-0.013095,0.4008,0.2029,0.0045,0.5491,0.7133,1.0,0.1657,groundnut
Nalgonda_Telangana,Nalgonda,Telangana,17.1,79.3,72,35,94,7.36,52.6,1.83,2023,6711.5,37.69833333333334,22.075,29.886666666666667,60.958333333333336,22.103333333333335,20,0.3018416666666667,0.026366666666666667,-0.013095,0.4008,0.2029,0.0045,0.5491,0.7133,1.0,0.1657,groundnut
Nalgonda_Telangana,Nalgonda,Telangana,17.1,79.3,72,35,94,7.36,52.6,1.83,2023,6711.5,37.69833333333334,22.075,29.886666666666667,60.958333333333336,22.103333333333335,20,0.3018416666666667,0.026366666666666667,-0.013095,0.4008,0.2029,0.0045,0.5491,0.7133,1.0,0.1657,groundnut
Nalgonda_Telangana,Nalgonda,Telangana,17.1,79.3,72,35,94,7.36,52.6,1.83,2023,6711.5,37.69833333333334,22.075,29.886666666666667,60.958333333333336,22.103333333333335,20,0.3018416666666667,0.026366666666666667,-0.013095,0.4008,0.2029,0.0045,0.5491,0.7133,1.0,0.1657,groundnut
Nalgonda_Telangana,Nalgonda,Telangana,17.1,79.3,72,35,94,7.36,52.6,1.83,2023,6711.5,37.69833333333334,22.075,29.886666666666667,60.958333333333336,22.103333333333335,20,0.3018416666666667,0.026366666666666667,-0.013095,0.4008,0.2029,0.0045,0.5491,0.7133,1.0,0.1657,groundnut
Nalgonda_Telangana,Nalgonda,Telangana,17.1,79.3,75,32,106,7.23,47.3,1.62,2023,6711.5,37.69833333333334,22.075,29.886666666666667,60.958333333333336,22.103333333333335,20,0.3018416666666667,0.026366666666666667,-0.013095,0.4008,0.2029,0.0045,0.5837,0.7567,1.0,0.1762,groundnut
Nalgonda_Telangana,Nalgonda,Telangana,17.1,79.3,75,32,106,7.23,47.3,1.62,2023,6711.5,37.69833333333334,22.075,29.886666666666667,60.958333333333336,22.103333333333335,20,0.3018416666666667,0.026366666666666667,-0.013095,0.4008,0.2029,0.0045,0.5837,0.7567,1.0,0.1762,groundnut
Nalgonda_Telangana,Nalgonda,Telangana,17.1,79.3,75,32,106,7.23,47.3,1.62,2023,6711.5,37.69833333333334,22.075,29.886666666666667,60.958333333333336,22.103333333333335,20,0.3018416666666667,0.026366666666666667,-0.013095,0.4008,0.2029,0.0045,0.5837,0.7567,1.0,0.1762,groundnut
Nalgonda_Telangana,Nalgonda,Telangana,17.1,79.3,75,32,106,7.23,47.3,1.62,2023,6711.5,37.69833333333334,22.075,29.886666666666667,60.958333333333336,22.103333333333335,20,0.3018416666666667,0.026366666666666667,-0.013095,0.4008,0.2029,0.0045,0.5837,0.7567,1.0,0.1762,groundnut
Nalgonda_Telangana,Nalgonda,Telangana,17.1,79.3,75,32,106,7.23,47.3,1.62,2023,6711.5,37.69833333333334,22.075,29.886666666666667,60.958333333333336,22.103333333333335,20,0.3018416666666667,0.026366666666666667,-0.013095,0.4008,0.2029,0.0045,0.5837,0.7567,1.0,0.1762,groundnut
Nalgonda_Telangana,Nalgonda,Telangana,17.1,79.3,61,31,99,7.29,47.5,1.81,2023,6711.5,37.69833333333334,22.075,29.886666666666667,60.958333333333336,22.103333333333335,20,0.3018416666666667,0.026366666666666667,-0.013095,0.4008,0.2029,0.0045,0.4634,0.7367,1.0,0.1399,groundnut
Nalgonda_Telangana,Nalgonda,Telangana,17.1,79.3,61,31,99,7.29,47.5,1.81,2023,6711.5,37.69833333333334,22.075,29.886666666666667,60.958333333333336,22.103333333333335,20,0.3018416666666667,0.026366666666666667,-0.013095,0.4008,0.2029,0.0045,0.4634,0.7367,1.0,0.1399,groundnut
Nalgonda_Telangana,Nalgonda,Telangana,17.1,79.3,61,31,99,7.29,47.5,1.81,2023,6711.5,37.69833333333334,22.075,29.886666666666667,60.958333333333336,22.103333333333335,20,0.3018416666666667,0.026366666666666667,-0.013095,0.4008,0.2029,0.0045,0.4634,0.7367,1.0,0.1399,groundnut
Nalgonda_Telangana,Nalgonda,Telangana,17.1,79.3,61,31,99,7.29,47.5,1.81,2023,6711.5,37.69833333333334,22.075,29.886666666666667,60.958333333333336,22.103333333333335,20,0.3018416666666667,0.026366666666666667,-0.013095,0.4008,0.2029,0.0045,0.4634,0.7367,1.0,0.1399,groundnut
Nalgonda_Telangana,Nalgonda,Telangana,17.1,79.3,61,31,99,7.29,47.5,1.81,2023,6711.5,37.69833333333334,22.075,29.886666666666667,60.958333333333336,22.103333333333335,20,0.3018416666666667,0.026366666666666667,-0.013095,0.4008,0.2029,0.0045,0.4634,0.7367,1.0,0.1399,groundnut
Nalgonda_Telangana,Nalgonda,Telangana,17.1,79.3,68,33,109,7.3,48.7,1.71,2023,6711.5,37.69833333333334,22.075,29.886666666666667,60.958333333333336,22.103333333333335,20,0.3018416666666667,0.026366666666666667,-0.013095,0.4008,0.2029,0.0045,0.5558,0.7333,1.0,0.1678,groundnut
Nalgonda_Telangana,Nalgonda,Telangana,17.1,79.3,68,33,109,7.3,48.7,1.71,2023,6711.5,37.69833333333334,22.075,29.886666666666667,60.958333333333336,22.103333333333335,20,0.3018416666666667,0.026366666666666667,-0.013095,0.4008,0.2029,0.0045,0.5558,0.7333,1.0,0.1678,groundnut
Nalgonda_Telangana,Nalgonda,Telangana,17.1,79.3,68,33,109,7.3,48.7,1.71,2023,6711.5,37.69833333333334,22.075,29.886666666666667,60.958333333333336,22.103333333333335,20,0.3018416666666667,0.026366666666666667,-0.013095,0.4008,0.2029,0.0045,0.5558,0.7333,1.0,0.1678,groundnut
Nalgonda_Telangana,Nalgonda,Telangana,17.1,79.3,68,33,109,7.3,48.7,1.71,2023,6711.5,37.69833333333334,22.075,29.886666666666667,60.958333333333336,22.103333333333335,20,0.3018416666666667,0.026366666666666667,-0.013095,0.4008,0.2029,0.0045,0.5558,0.7333,1.0,0.1678,groundnut
Nalgonda_Telangana,Nalgonda,Telangana,17.1,79.3,68,33,109,7.3,48.7,1.71,2023,6711.5,37.69833333333334,22.075,29.886666666666667,60.958333333333336,22.103333333333335,20,0.3018416666666667,0.026366666666666667,-0.013095,0.4008,0.2029,0.0045,0.5558,0.7333,1.0,0.1678,groundnut
