region_id,district,state,year,month,rainfall_mm,temp_max,temp_min,humidity,solar_radiation
Thanjavur_Tamil_Nadu,Thanjavur,Tamil Nadu,2023,1,0.0,36.2,23.4,83.3,16.1
Thanjavur_Tamil_Nadu,Thanjavur,Tamil Nadu,2023,2,49.1,32.3,21.7,74.9,17.2
Thanjavur_Tamil_Nadu,Thanjavur,Tamil Nadu,2023,3,48.8,32.7,23.4,74.2,17.2
Thanjavur_Tamil_Nadu,Thanjavur,Tamil Nadu,2023,4,42.5,35.7,21.8,80.2,18.4
Thanjavur_Tamil_Nadu,Thanjavur,Tamil Nadu,2023,5,33.9,32.0,21.3,87.2,19.9
Thanjavur_Tamil_Nadu,Thanjavur,Tamil Nadu,2023,6,369.6,31.6,23.7,79.0,16.5
Thanjavur_Tamil_Nadu,Thanjavur,Tamil Nadu,2023,7,301.3,36.5,22.0,82.6,17.2
Thanjavur_Tamil_Nadu,Thanjavur,Tamil Nadu,2023,8,326.4,32.1,24.9,84.4,19.8
Thanjavur_Tamil_Nadu,Thanjavur,Tamil Nadu,2023,9,397.1,36.5,21.4,75.1,16.2
Thanjavur_Tamil_Nadu,Thanjavur,Tamil Nadu,2023,10,129.4,32.6,24.3,77.7,17.1
Thanjavur_Tamil_Nadu,Thanjavur,Tamil Nadu,2023,11,135.4,35.8,21.3,87.8,19.1
Thanjavur_Tamil_Nadu,Thanjavur,Tamil Nadu,2023,12,0.0,35.9,23.8,83.7,19.1
Thanjavur_Tamil_Nadu,Thanjavur,Tamil Nadu,2023,1,5.3,33.2,23.7,82.7,18.4
Thanjavur_Tamil_Nadu,Thanjavur,Tamil Nadu,2023,2,19.2,33.3,24.9,85.6,18.9
Thanjavur_Tamil_Nadu,Thanjavur,Tamil Nadu,2023,3,28.6,31.2,23.8,73.8,17.8
Thanjavur_Tamil_Nadu,Thanjavur,Tamil Nadu,2023,4,52.6,33.9,23.3,83.1,16.6
Thanjavur_Tamil_Nadu,Thanjavur,Tamil Nadu,2023,5,56.8,32.2,24.8,81.6,18.8
Thanjavur_Tamil_Nadu,Thanjavur,Tamil Nadu,2023,6,395.6,32.8,21.4,79.3,16.9
Thanjavur_Tamil_Nadu,Thanjavur,Tamil Nadu,2023,7,320.9,32.9,21.5,77.7,19.6
Thanjavur_Tamil_Nadu,Thanjavur,Tamil Nadu,2023,8,285.0,31.0,22.4,76.9,16.7
Thanjavur_Tamil_Nadu,Thanjavur,Tamil Nadu,2023,9,326.5,35.2,22.1,75.9,16.7
Thanjavur_Tamil_Nadu,Thanjavur,Tamil Nadu,2023,10,128.4,33.4,21.3,76.1,17.0
Thanjavur_Tamil_Nadu,Thanjavur,Tamil Nadu,2023,11,169.6,31.9,25.0,76.3,19.9
Thanjavur_Tamil_Nadu,Thanjavur,Tamil Nadu,2023,12,1.8,33.1,23.5,82.9,18.1
Thanjavur_Tamil_Nadu,Thanjavur,Tamil Nadu,2023,1,30.1,36.9,22.6,85.1,19.2
Thanjavur_Tamil_Nadu,Thanjavur,Tamil Nadu,2023,2,13.6,35.2,24.4,77.2,16.9
Thanjavur_Tamil_Nadu,Thanjavur,Tamil Nadu,2023,3,72.5,33.1,21.4,87.0,17.6
Thanjavur_Tamil_Nadu,Thanjavur,Tamil Nadu,2023,4,64.7,35.1,23.9,75.3,18.2
Thanjavur_Tamil_Nadu,Thanjavur,Tamil Nadu,2023,5,48.5,32.0,24.9,80.3,17.0
Thanjavur_Tamil_Nadu,Thanjavur,Tamil Nadu,2023,6,430.4,34.3,24.5,75.0,17.1
Thanjavur_Tamil_Nadu,Thanjavur,Tamil Nadu,2023,7,371.4,36.1,22.6,86.2,19.4
Thanjavur_Tamil_Nadu,Thanjavur,Tamil Nadu,2023,8,412.1,35.0,23.3,78.0,19.8
Thanjavur_Tamil_Nadu,Thanjavur,Tamil Nadu,2023,9,399.0,32.8,22.9,79.2,20.0
Thanjavur_Tamil_Nadu,Thanjavur,Tamil Nadu,2023,10,103.6,34.0,21.7,77.9,19.0
Thanjavur_Tamil_Nadu,Thanjavur,Tamil Nadu,2023,11,155.2,34.3,23.0,82.2,17.0
Thanjavur_Tamil_Nadu,Thanjavur,Tamil Nadu,2023,12,44.5,33.9,24.6,79.0,17.4
Thanjavur_Tamil_Nadu,Thanjavur,Tamil Nadu,2023,1,12.0,37.0,22.9,76.5,19.5
Thanjavur_Tamil_Nadu,Thanjavur,Tamil Nadu,2023,2,47.9,33.0,23.2,81.2,19.9
Thanjavur_Tamil_Nadu,Thanjavur,Tamil Nadu,2023,3,23.2,32.1,22.1,79.8,17.5
Thanjavur_Tamil_Nadu,Thanjavur,Tamil Nadu,2023,4,59.4,36.6,21.3,75.3,18.7
Thanjavur_Tamil_Nadu,Thanjavur,Tamil Nadu,2023,5,34.1,32.8,22.3,85.6,16.5
Thanjavur_Tamil_Nadu,Thanjavur,Tamil Nadu,2023,6,361.2,32.8,22.7,76.1,18.4
Thanjavur_Tamil_Nadu,Thanjavur,Tamil Nadu,2023,7,224.3,34.8,21.8,73.1,17.6
Thanjavur_Tamil_Nadu,Thanjavur,Tamil Nadu,2023,8,253.9,31.2,23.3,79.0,18.7
Thanjavur_Tamil_Nadu,Thanjavur,Tamil Nadu,2023,9,275.5,36.9,24.4,85.8,17.0
Thanjavur_Tamil_Nadu,Thanjavur,Tamil Nadu,2023,10,105.0,34.2,22.3,85.2,17.1
Thanjavur_Tamil_Nadu,Thanjavur,Tamil Nadu,2023,11,179.1,36.1,21.8,78.6,18.8
Thanjavur_Tamil_Nadu,Thanjavur,Tamil Nadu,2023,12,0.0,36.8,23.9,72.7,17.6
Thanjavur_Tamil_Nadu,Thanjavur,Tamil Nadu,2023,1,10.4,36.5,22.8,75.8,16.4
Thanjavur_Tamil_Nadu,Thanjavur,Tamil Nadu,2023,2,31.6,34.8,23.1,82.5,17.7
Thanjavur_Tamil_Nadu,Thanjavur,Tamil Nadu,2023,3,42.9,34.4,21.6,73.9,17.4
Thanjavur_Tamil_Nadu,Thanjavur,Tamil Nadu,2023,4,15.5,32.9,24.9,74.8,16.1
Thanjavur_Tamil_Nadu,Thanjavur,Tamil Nadu,2023,5,74.8,33.1,22.9,82.4,16.2
Thanjavur_Tamil_Nadu,Thanjavur,Tamil Nadu,2023,6,418.6,32.6,21.1,86.9,18.0
Thanjavur_Tamil_Nadu,Thanjavur,Tamil Nadu,2023,7,335.4,34.7,24.8,87.1,19.5
Thanjavur_Tamil_Nadu,Thanjavur,Tamil Nadu,2023,8,357.9,35.1,23.3,74.1,19.2
Thanjavur_Tamil_Nadu,Thanjavur,Tamil Nadu,2023,9,384.7,35.9,23.6,75.3,17.1
Thanjavur_Tamil_Nadu,Thanjavur,Tamil Nadu,2023,10,120.8,31.2,23.5,77.4,18.6
Thanjavur_Tamil_Nadu,Thanjavur,Tamil Nadu,2023,11,145.5,33.0,22.0,79.9,18.8
Thanjavur_Tamil_Nadu,Thanjavur,Tamil Nadu,2023,12,36.2,31.2,22.7,87.5,18.2
Coimbatore_Tamil_Nadu,Coimbatore,Tamil Nadu,2023,1,13.1,38.6,23.4,63.9,21.0
Coimbatore_Tamil_Nadu,Coimbatore,Tamil Nadu,2023,2,3.2,38.4,22.0,70.2,19.3
Coimbatore_Tamil_Nadu,Coimbatore,Tamil Nadu,2023,3,39.2,33.1,23.6,58.5,19.3
Coimbatore_Tamil_Nadu,Coimbatore,Tamil Nadu,2023,4,63.2,36.4,22.5,64.2,19.2
Coimbatore_Tamil_Nadu,Coimbatore,Tamil Nadu,2023,5,34.0,37.5,23.2,69.6,18.4
Coimbatore_Tamil_Nadu,Coimbatore,Tamil Nadu,2023,6,185.8,36.3,21.8,71.2,19.4
Coimbatore_Tamil_Nadu,Coimbatore,Tamil Nadu,2023,7,145.2,37.6,22.5,58.6,18.3
Coimbatore_Tamil_Nadu,Coimbatore,Tamil Nadu,2023,8,210.5,37.9,22.8,58.3,18.3
Coimbatore_Tamil_Nadu,Coimbatore,Tamil Nadu,2023,9,255.9,35.2,23.3,72.2,21.9
Coimbatore_Tamil_Nadu,Coimbatore,Tamil Nadu,2023,10,100.2,33.5,23.1,65.9,19.7
Coimbatore_Tamil_Nadu,Coimbatore,Tamil Nadu,2023,11,96.7,36.0,20.0,64.5,18.2
Coimbatore_Tamil_Nadu,Coimbatore,Tamil Nadu,2023,12,0.0,36.9,23.0,66.3,21.8
Coimbatore_Tamil_Nadu,Coimbatore,Tamil Nadu,2023,1,4.5,38.3,22.1,72.9,18.3
Coimbatore_Tamil_Nadu,Coimbatore,Tamil Nadu,2023,2,34.3,36.1,22.5,68.1,19.8
Coimbatore_Tamil_Nadu,Coimbatore,Tamil Nadu,2023,3,39.2,38.4,20.2,61.5,21.8
Coimbatore_Tamil_Nadu,Coimbatore,Tamil Nadu,2023,4,41.7,36.7,21.1,60.0,19.9
Coimbatore_Tamil_Nadu,Coimbatore,Tamil Nadu,2023,5,31.2,33.5,23.9,72.8,20.8
Coimbatore_Tamil_Nadu,Coimbatore,Tamil Nadu,2023,6,200.8,37.9,22.7,59.6,21.6
Coimbatore_Tamil_Nadu,Coimbatore,Tamil Nadu,2023,7,259.8,37.4,22.5,63.7,21.7
Coimbatore_Tamil_Nadu,Coimbatore,Tamil Nadu,2023,8,228.7,33.2,21.5,70.0,21.9
Coimbatore_Tamil_Nadu,Coimbatore,Tamil Nadu,2023,9,167.1,35.3,23.9,70.5,21.4
Coimbatore_Tamil_Nadu,Coimbatore,Tamil Nadu,2023,10,88.5,34.6,20.2,70.8,21.3
Coimbatore_Tamil_Nadu,Coimbatore,Tamil Nadu,2023,11,136.5,36.3,23.1,72.1,21.4
Coimbatore_Tamil_Nadu,Coimbatore,Tamil Nadu,2023,12,8.2,33.8,23.8,66.7,18.9
Coimbatore_Tamil_Nadu,Coimbatore,Tamil Nadu,2023,1,25.8,36.1,23.4,65.8,20.2
Coimbatore_Tamil_Nadu,Coimbatore,Tamil Nadu,2023,2,17.3,33.8,20.1,69.1,20.5
Coimbatore_Tamil_Nadu,Coimbatore,Tamil Nadu,2023,3,26.6,33.8,20.1,62.6,20.4
Coimbatore_Tamil_Nadu,Coimbatore,Tamil Nadu,2023,4,26.4,38.4,21.4,65.2,21.1
Coimbatore_Tamil_Nadu,Coimbatore,Tamil Nadu,2023,5,33.9,38.2,23.8,59.4,21.7
Coimbatore_Tamil_Nadu,Coimbatore,Tamil Nadu,2023,6,193.6,35.8,23.9,64.9,19.3
Coimbatore_Tamil_Nadu,Coimbatore,Tamil Nadu,2023,7,209.3,33.5,20.5,59.0,18.6
Coimbatore_Tamil_Nadu,Coimbatore,Tamil Nadu,2023,8,167.7,34.1,21.4,71.3,19.9
Coimbatore_Tamil_Nadu,Coimbatore,Tamil Nadu,2023,9,210.6,34.2,20.2,59.7,19.1
Coimbatore_Tamil_Nadu,Coimbatore,Tamil Nadu,2023,10,61.8,33.7,21.8,60.3,19.5
Coimbatore_Tamil_Nadu,Coimbatore,Tamil Nadu,2023,11,101.1,33.2,23.2,67.0,18.3
Coimbatore_Tamil_Nadu,Coimbatore,Tamil Nadu,2023,12,38.0,33.4,21.1,69.9,21.0
Coimbatore_Tamil_Nadu,Coimbatore,Tamil Nadu,2023,1,20.4,37.3,20.2,59.4,18.5
Coimbatore_Tamil_Nadu,Coimbatore,Tamil Nadu,2023,2,31.6,37.5,20.1,70.9,19.4
Coimbatore_Tamil_Nadu,Coimbatore,Tamil Nadu,2023,3,13.3,37.4,20.7,66.0,21.4
Coimbatore_Tamil_Nadu,Coimbatore,Tamil Nadu,2023,4,21.5,34.4,21.4,64.6,19.4
Coimbatore_Tamil_Nadu,Coimbatore,Tamil Nadu,2023,5,35.6,36.5,22.9,65.9,20.3
Coimbatore_Tamil_Nadu,Coimbatore,Tamil Nadu,2023,6,206.8,35.0,23.6,66.7,19.0
Coimbatore_Tamil_Nadu,Coimbatore,Tamil Nadu,2023,7,197.2,38.6,20.0,60.6,19.5
Coimbatore_Tamil_Nadu,Coimbatore,Tamil Nadu,2023,8,216.8,33.5,23.2,57.9,21.4
Coimbatore_Tamil_Nadu,Coimbatore,Tamil Nadu,2023,9,132.6,37.2,24.0,71.3,20.3
Coimbatore_Tamil_Nadu,Coimbatore,Tamil Nadu,2023,10,93.0,38.9,22.0,68.6,21.3
Coimbatore_Tamil_Nadu,Coimbatore,Tamil Nadu,2023,11,104.9,35.9,23.4,60.3,21.9
Coimbatore_Tamil_Nadu,Coimbatore,Tamil Nadu,2023,12,6.3,37.4,22.1,68.3,21.1
Coimbatore_Tamil_Nadu,Coimbatore,Tamil Nadu,2023,1,10.5,36.3,22.2,60.2,20.7
Coimbatore_Tamil_Nadu,Coimbatore,Tamil Nadu,2023,2,0.0,33.0,20.5,64.6,20.4
Coimbatore_Tamil_Nadu,Coimbatore,Tamil Nadu,2023,3,24.9,38.1,23.0,63.5,21.7
Coimbatore_Tamil_Nadu,Coimbatore,Tamil Nadu,2023,4,34.6,35.3,23.7,68.5,18.2
Coimbatore_Tamil_Nadu,Coimbatore,Tamil Nadu,2023,5,53.4,37.5,23.2,70.2,18.7
Coimbatore_Tamil_Nadu,Coimbatore,Tamil Nadu,2023,6,178.7,38.4,21.3,66.4,20.7
Coimbatore_Tamil_Nadu,Coimbatore,Tamil Nadu,2023,7,207.1,38.4,22.5,65.6,19.8
Coimbatore_Tamil_Nadu,Coimbatore,Tamil Nadu,2023,8,207.4,35.3,22.1,58.1,18.9
Coimbatore_Tamil_Nadu,Coimbatore,Tamil Nadu,2023,9,206.4,35.0,22.9,68.1,18.7
Coimbatore_Tamil_Nadu,Coimbatore,Tamil Nadu,2023,10,110.8,37.4,22.3,73.0,21.0
Coimbatore_Tamil_Nadu,Coimbatore,Tamil Nadu,2023,11,114.1,33.9,20.8,68.4,20.0
Coimbatore_Tamil_Nadu,Coimbatore,Tamil Nadu,2023,12,3.2,36.2,21.5,64.3,20.4
Madurai_Tamil_Nadu,Madurai,Tamil Nadu,2023,1,11.3,37.4,24.9,69.6,22.3
Madurai_Tamil_Nadu,Madurai,Tamil Nadu,2023,2,21.2,35.4,23.7,64.6,21.5
Madurai_Tamil_Nadu,Madurai,Tamil Nadu,2023,3,39.1,34.6,23.0,71.6,21.4
Madurai_Tamil_Nadu,Madurai,Tamil Nadu,2023,4,41.6,38.7,22.1,70.4,22.1
Madurai_Tamil_Nadu,Madurai,Tamil Nadu,2023,5,17.3,34.5,22.4,73.4,22.6
Madurai_Tamil_Nadu,Madurai,Tamil Nadu,2023,6,183.9,35.0,22.7,73.4,20.3
Madurai_Tamil_Nadu,Madurai,Tamil Nadu,2023,7,210.3,37.6,23.5,71.9,19.8
Madurai_Tamil_Nadu,Madurai,Tamil Nadu,2023,8,292.8,34.7,23.7,73.8,22.7
Madurai_Tamil_Nadu,Madurai,Tamil Nadu,2023,9,242.3,39.5,24.3,60.5,22.7
Madurai_Tamil_Nadu,Madurai,Tamil Nadu,2023,10,102.2,35.0,22.1,65.0,22.1
Madurai_Tamil_Nadu,Madurai,Tamil Nadu,2023,11,89.5,35.3,24.1,75.6,20.8
Madurai_Tamil_Nadu,Madurai,Tamil Nadu,2023,12,33.4,37.2,22.7,64.8,20.2
Madurai_Tamil_Nadu,Madurai,Tamil Nadu,2023,1,0.0,36.8,24.3,61.1,22.1
Madurai_Tamil_Nadu,Madurai,Tamil Nadu,2023,2,17.7,36.6,23.6,69.0,19.6
Madurai_Tamil_Nadu,Madurai,Tamil Nadu,2023,3,42.2,39.7,23.5,64.3,21.6
Madurai_Tamil_Nadu,Madurai,Tamil Nadu,2023,4,16.7,34.9,24.9,70.5,19.1
Madurai_Tamil_Nadu,Madurai,Tamil Nadu,2023,5,18.4,38.0,22.1,61.7,22.2
Madurai_Tamil_Nadu,Madurai,Tamil Nadu,2023,6,208.5,35.4,22.4,63.9,21.9
Madurai_Tamil_Nadu,Madurai,Tamil Nadu,2023,7,311.5,36.4,24.7,63.3,20.2
Madurai_Tamil_Nadu,Madurai,Tamil Nadu,2023,8,284.6,34.5,22.8,60.4,19.7
Madurai_Tamil_Nadu,Madurai,Tamil Nadu,2023,9,256.5,39.4,25.3,65.5,20.0
Madurai_Tamil_Nadu,Madurai,Tamil Nadu,2023,10,110.1,35.6,24.5,66.6,21.2
Madurai_Tamil_Nadu,Madurai,Tamil Nadu,2023,11,101.5,39.7,25.1,62.2,22.5
Madurai_Tamil_Nadu,Madurai,Tamil Nadu,2023,12,33.2,38.8,23.7,60.4,20.1
Madurai_Tamil_Nadu,Madurai,Tamil Nadu,2023,1,1.3,39.4,24.8,70.9,22.3
Madurai_Tamil_Nadu,Madurai,Tamil Nadu,2023,2,30.9,37.0,22.3,66.5,21.0
Madurai_Tamil_Nadu,Madurai,Tamil Nadu,2023,3,31.0,34.8,23.1,64.3,21.9
Madurai_Tamil_Nadu,Madurai,Tamil Nadu,2023,4,35.5,37.0,24.3,73.4,20.6
Madurai_Tamil_Nadu,Madurai,Tamil Nadu,2023,5,45.4,36.1,25.8,62.9,19.4
Madurai_Tamil_Nadu,Madurai,Tamil Nadu,2023,6,269.0,39.0,23.7,74.6,21.9
Madurai_Tamil_Nadu,Madurai,Tamil Nadu,2023,7,281.5,36.4,25.8,62.2,20.9
Madurai_Tamil_Nadu,Madurai,Tamil Nadu,2023,8,216.9,35.0,25.4,73.5,22.8
Madurai_Tamil_Nadu,Madurai,Tamil Nadu,2023,9,203.9,36.8,23.4,65.6,20.7
Madurai_Tamil_Nadu,Madurai,Tamil Nadu,2023,10,128.9,36.8,22.3,61.2,19.0
Madurai_Tamil_Nadu,Madurai,Tamil Nadu,2023,11,120.0,34.6,23.3,72.9,22.8
Madurai_Tamil_Nadu,Madurai,Tamil Nadu,2023,12,31.5,37.1,22.3,75.3,22.0
Madurai_Tamil_Nadu,Madurai,Tamil Nadu,2023,1,12.0,35.3,26.0,75.1,19.2
Madurai_Tamil_Nadu,Madurai,Tamil Nadu,2023,2,39.1,35.1,24.3,74.6,19.1
Madurai_Tamil_Nadu,Madurai,Tamil Nadu,2023,3,37.8,39.5,25.9,75.1,20.9
Madurai_Tamil_Nadu,Madurai,Tamil Nadu,2023,4,65.6,35.9,25.3,60.6,21.4
Madurai_Tamil_Nadu,Madurai,Tamil Nadu,2023,5,14.2,34.5,24.8,65.4,21.9
Madurai_Tamil_Nadu,Madurai,Tamil Nadu,2023,6,179.0,37.2,25.2,65.1,21.5
Madurai_Tamil_Nadu,Madurai,Tamil Nadu,2023,7,307.2,35.4,22.1,73.9,19.1
Madurai_Tamil_Nadu,Madurai,Tamil Nadu,2023,8,302.2,39.6,25.2,76.0,20.4
Madurai_Tamil_Nadu,Madurai,Tamil Nadu,2023,9,281.8,36.9,24.5,74.0,22.9
Madurai_Tamil_Nadu,Madurai,Tamil Nadu,2023,10,125.2,36.5,25.0,63.8,19.4
Madurai_Tamil_Nadu,Madurai,Tamil Nadu,2023,11,96.6,35.8,22.9,60.7,19.1
Madurai_Tamil_Nadu,Madurai,Tamil Nadu,2023,12,25.2,36.3,24.7,63.5,22.8
Madurai_Tamil_Nadu,Madurai,Tamil Nadu,2023,1,36.0,39.9,25.0,61.0,20.6
Madurai_Tamil_Nadu,Madurai,Tamil Nadu,2023,2,14.1,39.0,22.5,60.8,20.5
Madurai_Tamil_Nadu,Madurai,Tamil Nadu,2023,3,40.8,39.0,25.2,70.1,19.9
Madurai_Tamil_Nadu,Madurai,Tamil Nadu,2023,4,43.5,37.2,23.0,68.2,21.0
Madurai_Tamil_Nadu,Madurai,Tamil Nadu,2023,5,72.4,36.8,24.5,72.0,19.1
Madurai_Tamil_Nadu,Madurai,Tamil Nadu,2023,6,318.3,36.7,23.6,64.4,20.9
Madurai_Tamil_Nadu,Madurai,Tamil Nadu,2023,7,197.5,34.2,23.3,74.9,21.9
Madurai_Tamil_Nadu,Madurai,Tamil Nadu,2023,8,207.1,34.0,24.8,60.8,21.1
Madurai_Tamil_Nadu,Madurai,Tamil Nadu,2023,9,297.8,39.4,26.0,61.0,22.5
Madurai_Tamil_Nadu,Madurai,Tamil Nadu,2023,10,130.5,37.4,24.6,68.7,22.5
Madurai_Tamil_Nadu,Madurai,Tamil Nadu,2023,11,127.4,39.2,23.0,62.5,19.6
Madurai_Tamil_Nadu,Madurai,Tamil Nadu,2023,12,3.7,39.6,22.4,71.2,19.8
Salem_Tamil_Nadu,Salem,Tamil Nadu,2023,1,29.7,32.0,22.2,76.1,18.0
Salem_Tamil_Nadu,Salem,Tamil Nadu,2023,2,0.0,34.0,22.2,65.9,18.5
Salem_Tamil_Nadu,Salem,Tamil Nadu,2023,3,36.9,32.8,21.1,64.3,18.7
Salem_Tamil_Nadu,Salem,Tamil Nadu,2023,4,52.7,33.1,23.0,76.6,17.7
Salem_Tamil_Nadu,Salem,Tamil Nadu,2023,5,72.2,33.0,23.1,75.3,18.9
Salem_Tamil_Nadu,Salem,Tamil Nadu,2023,6,190.1,37.1,24.0,74.8,18.8
Salem_Tamil_Nadu,Salem,Tamil Nadu,2023,7,304.2,34.3,20.3,77.1,18.5
Salem_Tamil_Nadu,Salem,Tamil Nadu,2023,8,317.7,32.0,20.6,71.5,20.8
Salem_Tamil_Nadu,Salem,Tamil Nadu,2023,9,228.3,35.2,23.3,68.8,20.4
Salem_Tamil_Nadu,Salem,Tamil Nadu,2023,10,133.1,32.8,23.5,79.4,17.1
Salem_Tamil_Nadu,Salem,Tamil Nadu,2023,11,157.7,37.1,23.9,76.2,18.8
Salem_Tamil_Nadu,Salem,Tamil Nadu,2023,12,8.2,36.3,23.0,67.2,20.5
Salem_Tamil_Nadu,Salem,Tamil Nadu,2023,1,0.0,32.9,21.8,72.5,17.1
Salem_Tamil_Nadu,Salem,Tamil Nadu,2023,2,18.6,37.5,23.9,67.0,18.8
Salem_Tamil_Nadu,Salem,Tamil Nadu,2023,3,27.7,35.6,21.0,72.9,17.9
Salem_Tamil_Nadu,Salem,Tamil Nadu,2023,4,36.2,34.0,22.4,70.9,20.9
Salem_Tamil_Nadu,Salem,Tamil Nadu,2023,5,28.3,36.1,21.6,79.6,19.9
Salem_Tamil_Nadu,Salem,Tamil Nadu,2023,6,312.2,37.7,23.6,75.6,20.0
Salem_Tamil_Nadu,Salem,Tamil Nadu,2023,7,205.1,35.4,20.1,71.7,17.8
Salem_Tamil_Nadu,Salem,Tamil Nadu,2023,8,263.7,37.6,20.3,72.5,20.5
Salem_Tamil_Nadu,Salem,Tamil Nadu,2023,9,224.0,34.1,21.3,79.6,17.8
Salem_Tamil_Nadu,Salem,Tamil Nadu,2023,10,151.8,32.2,22.7,79.2,17.5
Salem_Tamil_Nadu,Salem,Tamil Nadu,2023,11,155.6,35.7,22.5,68.8,20.7
Salem_Tamil_Nadu,Salem,Tamil Nadu,2023,12,35.4,36.7,22.4,71.8,19.6
Salem_Tamil_Nadu,Salem,Tamil Nadu,2023,1,29.7,32.5,20.2,68.0,17.6
Salem_Tamil_Nadu,Salem,Tamil Nadu,2023,2,17.4,37.9,21.3,66.9,20.2
Salem_Tamil_Nadu,Salem,Tamil Nadu,2023,3,49.8,35.3,22.9,67.7,21.0
Salem_Tamil_Nadu,Salem,Tamil Nadu,2023,4,68.3,33.2,22.7,65.2,17.1
Salem_Tamil_Nadu,Salem,Tamil Nadu,2023,5,32.5,37.2,22.9,75.9,18.7
Salem_Tamil_Nadu,Salem,Tamil Nadu,2023,6,247.5,37.9,20.2,77.9,19.3
Salem_Tamil_Nadu,Salem,Tamil Nadu,2023,7,276.4,34.9,23.5,78.4,18.7
Salem_Tamil_Nadu,Salem,Tamil Nadu,2023,8,245.4,37.5,20.8,74.0,19.5
Salem_Tamil_Nadu,Salem,Tamil Nadu,2023,9,299.3,36.3,23.6,66.9,18.0
Salem_Tamil_Nadu,Salem,Tamil Nadu,2023,10,143.8,37.1,22.0,68.0,20.5
Salem_Tamil_Nadu,Salem,Tamil Nadu,2023,11,123.8,34.2,22.4,66.6,18.6
Salem_Tamil_Nadu,Salem,Tamil Nadu,2023,12,21.3,35.9,21.3,76.4,17.5
Salem_Tamil_Nadu,Salem,Tamil Nadu,2023,1,13.7,36.0,20.6,71.2,19.4
Salem_Tamil_Nadu,Salem,Tamil Nadu,2023,2,20.5,34.2,21.5,73.7,18.4
Salem_Tamil_Nadu,Salem,Tamil Nadu,2023,3,56.1,36.2,21.8,77.8,19.2
Salem_Tamil_Nadu,Salem,Tamil Nadu,2023,4,26.5,37.9,20.5,67.7,17.2
Salem_Tamil_Nadu,Salem,Tamil Nadu,2023,5,38.1,33.1,20.4,65.7,19.3
Salem_Tamil_Nadu,Salem,Tamil Nadu,2023,6,302.8,34.9,22.7,64.3,18.3
Salem_Tamil_Nadu,Salem,Tamil Nadu,2023,7,355.2,33.5,22.1,69.5,19.1
Salem_Tamil_Nadu,Salem,Tamil Nadu,2023,8,203.1,32.9,23.8,75.7,17.6
Salem_Tamil_Nadu,Salem,Tamil Nadu,2023,9,237.0,32.9,20.9,79.4,18.0
Salem_Tamil_Nadu,Salem,Tamil Nadu,2023,10,156.0,34.2,20.1,67.9,20.3
Salem_Tamil_Nadu,Salem,Tamil Nadu,2023,11,160.5,32.7,23.2,78.7,19.4
Salem_Tamil_Nadu,Salem,Tamil Nadu,2023,12,43.3,36.0,22.3,69.6,17.6
Salem_Tamil_Nadu,Salem,Tamil Nadu,2023,1,1.6,32.7,22.6,76.2,20.7
Salem_Tamil_Nadu,Salem,Tamil Nadu,2023,2,34.4,37.3,21.3,77.9,18.5
Salem_Tamil_Nadu,Salem,Tamil Nadu,2023,3,41.5,34.0,22.5,73.8,19.3
Salem_Tamil_Nadu,Salem,Tamil Nadu,2023,4,40.7,35.6,22.2,71.1,17.1
Salem_Tamil_Nadu,Salem,Tamil Nadu,2023,5,33.7,35.9,23.0,72.0,19.2
Salem_Tamil_Nadu,Salem,Tamil Nadu,2023,6,362.5,37.5,23.3,65.7,17.6
Salem_Tamil_Nadu,Salem,Tamil Nadu,2023,7,271.1,34.9,21.6,72.8,20.0
Salem_Tamil_Nadu,Salem,Tamil Nadu,2023,8,312.1,36.9,21.7,78.3,17.3
Salem_Tamil_Nadu,Salem,Tamil Nadu,2023,9,355.3,34.3,20.8,71.7,17.8
Salem_Tamil_Nadu,Salem,Tamil Nadu,2023,10,110.2,35.1,22.7,78.9,19.1
Salem_Tamil_Nadu,Salem,Tamil Nadu,2023,11,115.4,36.3,21.6,79.6,20.3
Salem_Tamil_Nadu,Salem,Tamil Nadu,2023,12,5.3,37.2,23.2,67.0,18.2
Erode_Tamil_Nadu,Erode,Tamil Nadu,2023,1,17.9,36.2,21.4,62.0,20.6
Erode_Tamil_Nadu,Erode,Tamil Nadu,2023,2,20.7,37.8,23.6,64.8,19.4
Erode_Tamil_Nadu,Erode,Tamil Nadu,2023,3,61.0,36.3,22.0,66.8,20.9
Erode_Tamil_Nadu,Erode,Tamil Nadu,2023,4,55.2,37.9,24.1,64.4,19.7
Erode_Tamil_Nadu,Erode,Tamil Nadu,2023,5,14.5,38.2,22.9,70.6,18.7
Erode_Tamil_Nadu,Erode,Tamil Nadu,2023,6,197.5,34.2,23.6,66.1,20.5
Erode_Tamil_Nadu,Erode,Tamil Nadu,2023,7,160.1,34.6,23.4,72.8,19.8
Erode_Tamil_Nadu,Erode,Tamil Nadu,2023,8,235.1,33.1,22.4,75.1,20.4
Erode_Tamil_Nadu,Erode,Tamil Nadu,2023,9,227.9,37.6,22.1,72.3,20.4
Erode_Tamil_Nadu,Erode,Tamil Nadu,2023,10,96.1,35.1,23.5,69.1,21.3
Erode_Tamil_Nadu,Erode,Tamil Nadu,2023,11,98.5,36.8,22.1,71.5,20.7
Erode_Tamil_Nadu,Erode,Tamil Nadu,2023,12,9.6,34.1,21.2,68.1,19.5
Erode_Tamil_Nadu,Erode,Tamil Nadu,2023,1,17.8,34.2,23.1,63.5,19.8
Erode_Tamil_Nadu,Erode,Tamil Nadu,2023,2,15.7,37.0,24.2,76.8,18.9
Erode_Tamil_Nadu,Erode,Tamil Nadu,2023,3,19.4,39.0,24.7,70.6,21.4
Erode_Tamil_Nadu,Erode,Tamil Nadu,2023,4,42.3,33.5,24.0,64.0,21.3
Erode_Tamil_Nadu,Erode,Tamil Nadu,2023,5,54.4,33.2,22.2,66.2,19.4
Erode_Tamil_Nadu,Erode,Tamil Nadu,2023,6,195.8,36.3,22.2,68.4,19.8
Erode_Tamil_Nadu,Erode,Tamil Nadu,2023,7,247.4,38.5,23.0,77.9,21.4
Erode_Tamil_Nadu,Erode,Tamil Nadu,2023,8,211.7,33.7,24.3,68.1,21.5
Erode_Tamil_Nadu,Erode,Tamil Nadu,2023,9,294.6,37.7,22.2,63.3,19.6
Erode_Tamil_Nadu,Erode,Tamil Nadu,2023,10,97.1,35.1,24.9,72.3,21.3
Erode_Tamil_Nadu,Erode,Tamil Nadu,2023,11,101.5,38.5,22.9,71.7,21.1
Erode_Tamil_Nadu,Erode,Tamil Nadu,2023,12,10.3,35.4,21.6,67.9,18.3
Erode_Tamil_Nadu,Erode,Tamil Nadu,2023,1,7.8,36.0,22.8,63.7,20.6
Erode_Tamil_Nadu,Erode,Tamil Nadu,2023,2,15.8,36.9,21.6,63.0,21.1
Erode_Tamil_Nadu,Erode,Tamil Nadu,2023,3,17.7,39.0,21.2,73.1,21.9
Erode_Tamil_Nadu,Erode,Tamil Nadu,2023,4,13.7,33.7,22.2,63.6,20.8
Erode_Tamil_Nadu,Erode,Tamil Nadu,2023,5,22.5,39.0,24.3,71.8,19.2
Erode_Tamil_Nadu,Erode,Tamil Nadu,2023,6,250.9,35.6,21.5,76.2,19.8
Erode_Tamil_Nadu,Erode,Tamil Nadu,2023,7,187.3,35.5,24.3,73.7,21.1
Erode_Tamil_Nadu,Erode,Tamil Nadu,2023,8,164.8,35.9,21.1,66.2,21.0
Erode_Tamil_Nadu,Erode,Tamil Nadu,2023,9,186.4,34.3,21.0,65.9,21.9
Erode_Tamil_Nadu,Erode,Tamil Nadu,2023,10,141.1,35.9,21.4,70.8,19.8
Erode_Tamil_Nadu,Erode,Tamil Nadu,2023,11,109.0,35.9,21.6,67.2,20.9
Erode_Tamil_Nadu,Erode,Tamil Nadu,2023,12,11.2,35.4,22.8,74.6,21.6
Erode_Tamil_Nadu,Erode,Tamil Nadu,2023,1,29.5,34.5,24.1,75.2,20.0
Erode_Tamil_Nadu,Erode,Tamil Nadu,2023,2,12.4,34.4,24.6,69.2,21.5
Erode_Tamil_Nadu,Erode,Tamil Nadu,2023,3,43.1,35.7,21.2,62.6,21.0
Erode_Tamil_Nadu,Erode,Tamil Nadu,2023,4,54.1,33.6,21.1,70.1,19.6
Erode_Tamil_Nadu,Erode,Tamil Nadu,2023,5,55.1,38.8,24.8,74.5,19.4
Erode_Tamil_Nadu,Erode,Tamil Nadu,2023,6,223.6,38.0,21.3,68.8,18.3
Erode_Tamil_Nadu,Erode,Tamil Nadu,2023,7,251.2,37.7,21.9,77.6,20.7
Erode_Tamil_Nadu,Erode,Tamil Nadu,2023,8,158.3,34.6,21.3,77.4,19.9
Erode_Tamil_Nadu,Erode,Tamil Nadu,2023,9,279.0,33.8,22.9,63.8,19.9
Erode_Tamil_Nadu,Erode,Tamil Nadu,2023,10,129.9,36.7,21.6,62.7,18.4
Erode_Tamil_Nadu,Erode,Tamil Nadu,2023,11,95.7,35.3,23.2,68.2,18.7
Erode_Tamil_Nadu,Erode,Tamil Nadu,2023,12,29.3,37.1,23.0,62.2,22.0
Erode_Tamil_Nadu,Erode,Tamil Nadu,2023,1,20.2,38.1,23.9,74.4,20.6
Erode_Tamil_Nadu,Erode,Tamil Nadu,2023,2,12.0,38.9,24.7,62.7,18.7
Erode_Tamil_Nadu,Erode,Tamil Nadu,2023,3,33.4,37.9,21.9,70.1,21.4
Erode_Tamil_Nadu,Erode,Tamil Nadu,2023,4,46.1,36.5,23.0,66.8,20.3
Erode_Tamil_Nadu,Erode,Tamil Nadu,2023,5,57.9,36.8,24.0,64.6,19.8
Erode_Tamil_Nadu,Erode,Tamil Nadu,2023,6,157.8,37.4,25.0,63.6,19.6
Erode_Tamil_Nadu,Erode,Tamil Nadu,2023,7,261.5,36.3,23.9,71.9,18.8
Erode_Tamil_Nadu,Erode,Tamil Nadu,2023,8,225.4,36.3,21.0,74.2,18.1
Erode_Tamil_Nadu,Erode,Tamil Nadu,2023,9,254.2,38.7,22.5,67.2,18.6
Erode_Tamil_Nadu,Erode,Tamil Nadu,2023,10,111.4,39.0,22.5,69.2,20.9
Erode_Tamil_Nadu,Erode,Tamil Nadu,2023,11,131.0,35.3,22.7,73.1,18.0
Erode_Tamil_Nadu,Erode,Tamil Nadu,2023,12,13.3,37.8,21.4,71.4,19.9
Nashik_Maharashtra,Nashik,Maharashtra,2023,1,24.6,36.8,17.1,65.2,22.0
Nashik_Maharashtra,Nashik,Maharashtra,2023,2,0.0,34.0,19.1,63.3,23.2
Nashik_Maharashtra,Nashik,Maharashtra,2023,3,32.5,32.9,17.3,58.9,20.4
Nashik_Maharashtra,Nashik,Maharashtra,2023,4,29.6,36.4,20.0,66.9,22.6
Nashik_Maharashtra,Nashik,Maharashtra,2023,5,37.4,36.7,16.5,58.6,23.4
Nashik_Maharashtra,Nashik,Maharashtra,2023,6,207.1,35.5,16.7,57.8,21.3
Nashik_Maharashtra,Nashik,Maharashtra,2023,7,140.5,37.0,17.1,60.3,21.2
Nashik_Maharashtra,Nashik,Maharashtra,2023,8,264.2,34.6,19.5,65.5,20.7
Nashik_Maharashtra,Nashik,Maharashtra,2023,9,254.9,34.9,16.5,53.3,22.9
Nashik_Maharashtra,Nashik,Maharashtra,2023,10,97.3,36.4,19.1,54.5,22.4
Nashik_Maharashtra,Nashik,Maharashtra,2023,11,91.8,35.9,19.8,53.1,20.2
Nashik_Maharashtra,Nashik,Maharashtra,2023,12,2.0,33.5,19.6,56.0,21.1
Nashik_Maharashtra,Nashik,Maharashtra,2023,1,11.9,35.4,17.4,57.0,23.1
Nashik_Maharashtra,Nashik,Maharashtra,2023,2,0.0,36.4,18.2,54.0,23.5
Nashik_Maharashtra,Nashik,Maharashtra,2023,3,44.2,36.7,18.5,59.9,23.9
Nashik_Maharashtra,Nashik,Maharashtra,2023,4,32.3,33.1,17.4,56.9,23.8
Nashik_Maharashtra,Nashik,Maharashtra,2023,5,36.3,32.1,18.9,58.7,20.4
Nashik_Maharashtra,Nashik,Maharashtra,2023,6,243.5,37.9,16.9,58.5,22.2
Nashik_Maharashtra,Nashik,Maharashtra,2023,7,257.2,35.7,16.9,65.6,21.7
Nashik_Maharashtra,Nashik,Maharashtra,2023,8,180.4,33.3,16.4,65.8,21.8
Nashik_Maharashtra,Nashik,Maharashtra,2023,9,241.5,36.7,16.4,57.7,23.9
Nashik_Maharashtra,Nashik,Maharashtra,2023,10,114.6,34.0,19.5,60.7,23.0
Nashik_Maharashtra,Nashik,Maharashtra,2023,11,93.4,32.8,18.6,54.6,21.0
Nashik_Maharashtra,Nashik,Maharashtra,2023,12,26.4,36.5,18.2,60.8,20.4
Nashik_Maharashtra,Nashik,Maharashtra,2023,1,31.4,34.3,19.1,67.4,20.8
Nashik_Maharashtra,Nashik,Maharashtra,2023,2,7.5,36.8,18.3,62.2,23.2
Nashik_Maharashtra,Nashik,Maharashtra,2023,3,47.7,35.2,16.6,63.1,23.2
Nashik_Maharashtra,Nashik,Maharashtra,2023,4,42.9,37.4,17.1,67.7,20.6
Nashik_Maharashtra,Nashik,Maharashtra,2023,5,12.4,37.4,18.6,54.4,21.8
Nashik_Maharashtra,Nashik,Maharashtra,2023,6,216.5,37.3,19.2,60.1,23.9
Nashik_Maharashtra,Nashik,Maharashtra,2023,7,227.8,36.0,18.5,54.7,23.5
Nashik_Maharashtra,Nashik,Maharashtra,2023,8,196.2,32.1,18.2,60.4,22.9
Nashik_Maharashtra,Nashik,Maharashtra,2023,9,250.7,36.4,16.7,65.7,23.3
Nashik_Maharashtra,Nashik,Maharashtra,2023,10,110.4,33.9,17.9,65.1,21.8
Nashik_Maharashtra,Nashik,Maharashtra,2023,11,92.7,37.0,17.3,54.8,22.8
Nashik_Maharashtra,Nashik,Maharashtra,2023,12,5.8,33.4,16.6,57.6,21.8
Nashik_Maharashtra,Nashik,Maharashtra,2023,1,12.2,32.2,19.0,53.7,21.3
Nashik_Maharashtra,Nashik,Maharashtra,2023,2,13.6,33.0,18.6,67.9,20.3
Nashik_Maharashtra,Nashik,Maharashtra,2023,3,14.8,37.2,16.9,57.8,20.3
Nashik_Maharashtra,Nashik,Maharashtra,2023,4,38.9,36.6,19.6,55.7,23.2
Nashik_Maharashtra,Nashik,Maharashtra,2023,5,36.6,35.9,19.5,52.0,20.7
Nashik_Maharashtra,Nashik,Maharashtra,2023,6,200.2,33.4,17.5,54.1,21.7
Nashik_Maharashtra,Nashik,Maharashtra,2023,7,255.7,32.1,17.7,52.4,23.9
Nashik_Maharashtra,Nashik,Maharashtra,2023,8,180.5,37.8,19.3,63.2,23.4
Nashik_Maharashtra,Nashik,Maharashtra,2023,9,283.8,35.4,18.5,60.5,22.5
Nashik_Maharashtra,Nashik,Maharashtra,2023,10,86.2,32.7,16.3,56.2,20.2
Nashik_Maharashtra,Nashik,Maharashtra,2023,11,94.7,36.9,16.3,55.6,22.9
Nashik_Maharashtra,Nashik,Maharashtra,2023,12,0.1,37.3,19.5,57.3,21.4
Nashik_Maharashtra,Nashik,Maharashtra,2023,1,37.0,37.1,18.1,53.0,23.3
Nashik_Maharashtra,Nashik,Maharashtra,2023,2,2.1,32.6,19.6,62.7,23.3
Nashik_Maharashtra,Nashik,Maharashtra,2023,3,49.1,35.1,17.7,57.1,21.7
Nashik_Maharashtra,Nashik,Maharashtra,2023,4,47.0,37.4,17.8,61.7,22.5
Nashik_Maharashtra,Nashik,Maharashtra,2023,5,45.3,33.4,18.0,53.7,21.5
Nashik_Maharashtra,Nashik,Maharashtra,2023,6,223.3,37.7,18.4,63.9,22.0
Nashik_Maharashtra,Nashik,Maharashtra,2023,7,218.4,33.5,17.4,59.6,20.2
Nashik_Maharashtra,Nashik,Maharashtra,2023,8,164.8,37.8,17.3,59.7,20.8
Nashik_Maharashtra,Nashik,Maharashtra,2023,9,223.8,33.2,18.1,52.1,20.0
Nashik_Maharashtra,Nashik,Maharashtra,2023,10,67.4,32.6,17.4,64.8,22.3
Nashik_Maharashtra,Nashik,Maharashtra,2023,11,92.4,37.6,17.6,53.4,22.5
Nashik_Maharashtra,Nashik,Maharashtra,2023,12,2.2,35.0,19.5,59.9,22.8
Pune_Maharashtra,Pune,Maharashtra,2023,1,22.6,32.9,20.3,65.3,22.3
Pune_Maharashtra,Pune,Maharashtra,2023,2,11.3,31.3,18.0,51.0,21.4
Pune_Maharashtra,Pune,Maharashtra,2023,3,22.1,33.3,18.8,55.9,19.5
Pune_Maharashtra,Pune,Maharashtra,2023,4,39.8,31.4,17.3,55.7,22.8
Pune_Maharashtra,Pune,Maharashtra,2023,5,44.1,33.2,19.4,50.2,21.5
Pune_Maharashtra,Pune,Maharashtra,2023,6,256.9,36.2,19.9,51.9,22.6
Pune_Maharashtra,Pune,Maharashtra,2023,7,154.9,31.9,17.0,56.8,20.2
Pune_Maharashtra,Pune,Maharashtra,2023,8,205.6,31.3,17.5,58.9,20.4
Pune_Maharashtra,Pune,Maharashtra,2023,9,237.0,36.1,19.8,56.9,21.7
Pune_Maharashtra,Pune,Maharashtra,2023,10,75.1,35.7,18.8,62.8,22.3
Pune_Maharashtra,Pune,Maharashtra,2023,11,126.7,33.6,18.3,59.3,20.5
Pune_Maharashtra,Pune,Maharashtra,2023,12,24.6,35.1,18.5,52.7,20.7
Pune_Maharashtra,Pune,Maharashtra,2023,1,22.6,33.0,17.3,56.6,20.2
Pune_Maharashtra,Pune,Maharashtra,2023,2,21.9,33.2,17.9,65.8,20.8
Pune_Maharashtra,Pune,Maharashtra,2023,3,23.2,33.9,17.1,58.1,22.9
Pune_Maharashtra,Pune,Maharashtra,2023,4,10.3,31.2,18.6,52.6,19.1
Pune_Maharashtra,Pune,Maharashtra,2023,5,37.9,32.7,20.6,51.9,22.8
Pune_Maharashtra,Pune,Maharashtra,2023,6,198.0,34.6,20.3,65.7,20.2
Pune_Maharashtra,Pune,Maharashtra,2023,7,253.5,33.3,18.4,58.7,19.6
Pune_Maharashtra,Pune,Maharashtra,2023,8,212.1,35.6,20.3,57.0,20.2
Pune_Maharashtra,Pune,Maharashtra,2023,9,163.9,31.3,18.4,54.3,22.9
Pune_Maharashtra,Pune,Maharashtra,2023,10,89.9,34.5,17.6,57.1,21.5
Pune_Maharashtra,Pune,Maharashtra,2023,11,88.9,37.0,20.5,60.0,21.3
Pune_Maharashtra,Pune,Maharashtra,2023,12,4.7,33.4,17.2,57.6,21.2
Pune_Maharashtra,Pune,Maharashtra,2023,1,19.7,31.7,20.2,54.4,22.5
Pune_Maharashtra,Pune,Maharashtra,2023,2,8.3,33.8,20.9,57.7,22.5
Pune_Maharashtra,Pune,Maharashtra,2023,3,29.7,32.7,17.8,62.2,20.5
Pune_Maharashtra,Pune,Maharashtra,2023,4,32.1,34.5,20.5,65.7,20.6
Pune_Maharashtra,Pune,Maharashtra,2023,5,52.2,34.4,20.8,53.2,19.4
Pune_Maharashtra,Pune,Maharashtra,2023,6,243.0,36.1,20.6,51.0,22.5
Pune_Maharashtra,Pune,Maharashtra,2023,7,198.6,34.8,20.7,50.3,20.9
Pune_Maharashtra,Pune,Maharashtra,2023,8,235.0,35.2,17.5,54.8,20.4
Pune_Maharashtra,Pune,Maharashtra,2023,9,230.8,32.3,20.8,50.1,23.0
Pune_Maharashtra,Pune,Maharashtra,2023,10,114.7,32.8,17.1,61.8,22.3
Pune_Maharashtra,Pune,Maharashtra,2023,11,90.3,35.5,20.1,60.5,22.1
Pune_Maharashtra,Pune,Maharashtra,2023,12,25.2,31.5,19.0,51.2,20.6
Pune_Maharashtra,Pune,Maharashtra,2023,1,5.3,36.7,19.1,54.8,19.3
Pune_Maharashtra,Pune,Maharashtra,2023,2,26.4,35.2,17.2,51.2,20.6
Pune_Maharashtra,Pune,Maharashtra,2023,3,15.4,32.7,20.2,64.9,20.6
Pune_Maharashtra,Pune,Maharashtra,2023,4,36.8,33.9,17.9,60.2,22.9
Pune_Maharashtra,Pune,Maharashtra,2023,5,29.4,34.9,17.5,64.2,21.0
Pune_Maharashtra,Pune,Maharashtra,2023,6,201.7,34.7,17.3,60.9,20.0
Pune_Maharashtra,Pune,Maharashtra,2023,7,242.0,35.8,19.2,58.3,19.6
Pune_Maharashtra,Pune,Maharashtra,2023,8,227.1,34.0,18.1,52.1,21.5
Pune_Maharashtra,Pune,Maharashtra,2023,9,162.1,32.9,17.0,58.2,19.2
Pune_Maharashtra,Pune,Maharashtra,2023,10,91.2,31.4,20.4,50.1,20.0
Pune_Maharashtra,Pune,Maharashtra,2023,11,97.2,31.6,18.4,54.3,22.4
Pune_Maharashtra,Pune,Maharashtra,2023,12,22.9,36.4,18.7,64.6,20.5
Pune_Maharashtra,Pune,Maharashtra,2023,1,35.9,35.1,17.6,54.1,22.5
Pune_Maharashtra,Pune,Maharashtra,2023,2,0.2,31.8,19.7,65.1,20.1
Pune_Maharashtra,Pune,Maharashtra,2023,3,36.7,37.0,17.4,58.0,20.5
Pune_Maharashtra,Pune,Maharashtra,2023,4,41.8,31.7,19.5,62.3,19.0
Pune_Maharashtra,Pune,Maharashtra,2023,5,30.0,34.3,18.7,61.5,20.5
Pune_Maharashtra,Pune,Maharashtra,2023,6,256.5,34.9,20.2,62.1,19.1
Pune_Maharashtra,Pune,Maharashtra,2023,7,209.1,31.8,19.9,65.6,19.2
Pune_Maharashtra,Pune,Maharashtra,2023,8,224.1,34.5,17.3,50.7,21.7
Pune_Maharashtra,Pune,Maharashtra,2023,9,253.2,34.3,17.4,61.0,20.0
Pune_Maharashtra,Pune,Maharashtra,2023,10,126.0,35.3,20.8,50.5,21.9
Pune_Maharashtra,Pune,Maharashtra,2023,11,101.7,32.6,19.9,64.0,19.2
Pune_Maharashtra,Pune,Maharashtra,2023,12,23.3,33.7,18.1,53.5,19.5
Nagpur_Maharashtra,Nagpur,Maharashtra,2023,1,0.0,36.8,23.1,65.3,21.4
Nagpur_Maharashtra,Nagpur,Maharashtra,2023,2,0.0,36.8,22.6,72.6,23.4
Nagpur_Maharashtra,Nagpur,Maharashtra,2023,3,43.2,39.7,23.1,64.3,21.6
Nagpur_Maharashtra,Nagpur,Maharashtra,2023,4,22.1,36.4,21.0,64.7,23.0
Nagpur_Maharashtra,Nagpur,Maharashtra,2023,5,29.3,40.7,23.8,69.6,24.0
Nagpur_Maharashtra,Nagpur,Maharashtra,2023,6,332.5,35.5,21.5,60.6,20.8
Nagpur_Maharashtra,Nagpur,Maharashtra,2023,7,248.3,39.7,22.3,59.4,23.2
Nagpur_Maharashtra,Nagpur,Maharashtra,2023,8,325.6,39.0,21.0,62.5,23.7
Nagpur_Maharashtra,Nagpur,Maharashtra,2023,9,268.4,40.3,22.8,58.0,20.6
Nagpur_Maharashtra,Nagpur,Maharashtra,2023,10,110.8,37.7,20.5,72.3,22.1
Nagpur_Maharashtra,Nagpur,Maharashtra,2023,11,122.0,39.1,20.3,61.4,23.2
Nagpur_Maharashtra,Nagpur,Maharashtra,2023,12,22.7,37.6,20.2,59.7,21.8
Nagpur_Maharashtra,Nagpur,Maharashtra,2023,1,33.5,36.2,23.8,72.9,22.8
Nagpur_Maharashtra,Nagpur,Maharashtra,2023,2,37.3,36.6,21.7,66.5,20.3
Nagpur_Maharashtra,Nagpur,Maharashtra,2023,3,72.7,36.1,23.2,71.5,23.8
Nagpur_Maharashtra,Nagpur,Maharashtra,2023,4,69.1,40.9,23.0,59.6,21.9
Nagpur_Maharashtra,Nagpur,Maharashtra,2023,5,47.6,38.8,22.7,59.6,22.3
Nagpur_Maharashtra,Nagpur,Maharashtra,2023,6,353.7,35.1,20.0,62.7,23.7
Nagpur_Maharashtra,Nagpur,Maharashtra,2023,7,264.1,36.3,21.3,70.6,22.9
Nagpur_Maharashtra,Nagpur,Maharashtra,2023,8,232.6,35.2,21.9,67.6,20.5
Nagpur_Maharashtra,Nagpur,Maharashtra,2023,9,265.2,40.5,24.0,57.7,23.0
Nagpur_Maharashtra,Nagpur,Maharashtra,2023,10,126.7,39.5,23.7,72.2,22.3
Nagpur_Maharashtra,Nagpur,Maharashtra,2023,11,141.5,36.5,22.3,62.7,22.6
Nagpur_Maharashtra,Nagpur,Maharashtra,2023,12,2.7,40.5,20.4,65.1,20.9
Nagpur_Maharashtra,Nagpur,Maharashtra,2023,1,37.0,37.6,22.3,65.3,23.0
Nagpur_Maharashtra,Nagpur,Maharashtra,2023,2,10.3,40.4,23.8,71.3,21.7
Nagpur_Maharashtra,Nagpur,Maharashtra,2023,3,59.4,38.0,20.8,66.5,20.7
Nagpur_Maharashtra,Nagpur,Maharashtra,2023,4,55.0,36.2,20.3,58.1,23.8
Nagpur_Maharashtra,Nagpur,Maharashtra,2023,5,44.8,39.9,23.3,62.3,22.8
Nagpur_Maharashtra,Nagpur,Maharashtra,2023,6,359.9,35.9,23.5,65.6,21.1
Nagpur_Maharashtra,Nagpur,Maharashtra,2023,7,274.7,35.8,23.1,57.0,21.7
Nagpur_Maharashtra,Nagpur,Maharashtra,2023,8,292.4,40.8,20.9,61.9,21.2
Nagpur_Maharashtra,Nagpur,Maharashtra,2023,9,239.1,39.4,23.9,60.6,22.7
Nagpur_Maharashtra,Nagpur,Maharashtra,2023,10,170.9,37.5,21.2,62.2,22.9
Nagpur_Maharashtra,Nagpur,Maharashtra,2023,11,149.4,37.2,23.6,69.9,23.9
Nagpur_Maharashtra,Nagpur,Maharashtra,2023,12,24.3,38.5,22.6,58.3,22.2
Nagpur_Maharashtra,Nagpur,Maharashtra,2023,1,36.2,38.8,20.5,66.0,23.1
Nagpur_Maharashtra,Nagpur,Maharashtra,2023,2,14.2,40.8,21.8,59.5,20.7
Nagpur_Maharashtra,Nagpur,Maharashtra,2023,3,42.7,35.7,20.5,70.6,21.4
Nagpur_Maharashtra,Nagpur,Maharashtra,2023,4,9.7,35.9,20.9,67.6,20.6
Nagpur_Maharashtra,Nagpur,Maharashtra,2023,5,42.0,39.0,21.7,65.8,21.2
Nagpur_Maharashtra,Nagpur,Maharashtra,2023,6,303.5,37.3,23.6,57.3,23.1
Nagpur_Maharashtra,Nagpur,Maharashtra,2023,7,252.4,38.7,23.4,58.6,22.2
Nagpur_Maharashtra,Nagpur,Maharashtra,2023,8,314.7,38.2,22.2,63.9,21.2
Nagpur_Maharashtra,Nagpur,Maharashtra,2023,9,287.9,40.8,22.9,72.2,20.9
Nagpur_Maharashtra,Nagpur,Maharashtra,2023,10,178.9,39.1,22.5,62.1,23.3
Nagpur_Maharashtra,Nagpur,Maharashtra,2023,11,122.9,36.9,23.7,70.6,23.9
Nagpur_Maharashtra,Nagpur,Maharashtra,2023,12,15.1,36.0,20.7,57.3,21.6
Nagpur_Maharashtra,Nagpur,Maharashtra,2023,1,21.9,36.7,21.7,68.0,21.3
Nagpur_Maharashtra,Nagpur,Maharashtra,2023,2,5.2,40.7,22.6,67.7,22.5
Nagpur_Maharashtra,Nagpur,Maharashtra,2023,3,31.7,39.5,20.4,61.4,21.1
Nagpur_Maharashtra,Nagpur,Maharashtra,2023,4,64.4,35.4,22.1,59.9,23.9
Nagpur_Maharashtra,Nagpur,Maharashtra,2023,5,27.4,39.4,22.8,63.8,21.4
Nagpur_Maharashtra,Nagpur,Maharashtra,2023,6,278.9,36.2,21.9,61.3,21.1
Nagpur_Maharashtra,Nagpur,Maharashtra,2023,7,352.4,38.6,20.3,58.2,23.8
Nagpur_Maharashtra,Nagpur,Maharashtra,2023,8,254.5,38.6,22.5,67.4,21.1
Nagpur_Maharashtra,Nagpur,Maharashtra,2023,9,240.0,36.5,22.7,68.3,22.4
Nagpur_Maharashtra,Nagpur,Maharashtra,2023,10,117.7,38.6,23.5,72.1,20.4
Nagpur_Maharashtra,Nagpur,Maharashtra,2023,11,133.6,39.4,23.5,60.2,22.4
Nagpur_Maharashtra,Nagpur,Maharashtra,2023,12,34.4,37.4,20.1,66.3,21.0
Amravati_Maharashtra,Amravati,Maharashtra,2023,1,14.1,39.0,22.0,66.9,21.3
Amravati_Maharashtra,Amravati,Maharashtra,2023,2,12.4,39.8,23.4,68.1,22.1
Amravati_Maharashtra,Amravati,Maharashtra,2023,3,61.0,36.4,22.2,65.7,22.8
Amravati_Maharashtra,Amravati,Maharashtra,2023,4,38.0,39.9,20.2,69.6,20.1
Amravati_Maharashtra,Amravati,Maharashtra,2023,5,18.5,35.5,23.6,60.7,21.7
Amravati_Maharashtra,Amravati,Maharashtra,2023,6,235.9,38.6,21.5,60.3,23.5
Amravati_Maharashtra,Amravati,Maharashtra,2023,7,258.3,36.7,23.1,61.4,22.1
Amravati_Maharashtra,Amravati,Maharashtra,2023,8,257.5,36.7,23.1,61.8,20.8
Amravati_Maharashtra,Amravati,Maharashtra,2023,9,317.9,40.2,23.7,68.8,20.1
Amravati_Maharashtra,Amravati,Maharashtra,2023,10,141.3,40.2,22.6,68.3,22.0
Amravati_Maharashtra,Amravati,Maharashtra,2023,11,114.7,39.7,21.7,63.0,23.1
Amravati_Maharashtra,Amravati,Maharashtra,2023,12,10.2,38.5,21.6,62.5,20.1
Amravati_Maharashtra,Amravati,Maharashtra,2023,1,0.0,35.4,20.7,65.6,23.5
Amravati_Maharashtra,Amravati,Maharashtra,2023,2,34.7,35.7,21.2,60.0,21.0
Amravati_Maharashtra,Amravati,Maharashtra,2023,3,45.6,37.1,21.4,68.3,23.2
Amravati_Maharashtra,Amravati,Maharashtra,2023,4,52.5,40.7,21.3,60.7,22.0
Amravati_Maharashtra,Amravati,Maharashtra,2023,5,76.1,35.6,21.6,63.9,22.0
Amravati_Maharashtra,Amravati,Maharashtra,2023,6,243.0,39.1,23.4,68.7,23.0
Amravati_Maharashtra,Amravati,Maharashtra,2023,7,271.9,36.0,22.7,57.9,22.8
Amravati_Maharashtra,Amravati,Maharashtra,2023,8,219.0,36.0,20.0,66.5,22.9
Amravati_Maharashtra,Amravati,Maharashtra,2023,9,265.9,35.5,20.1,57.7,23.6
Amravati_Maharashtra,Amravati,Maharashtra,2023,10,104.5,35.6,20.9,63.3,22.4
Amravati_Maharashtra,Amravati,Maharashtra,2023,11,92.8,37.3,20.9,58.5,23.8
Amravati_Maharashtra,Amravati,Maharashtra,2023,12,24.8,37.5,21.7,63.7,22.8
Amravati_Maharashtra,Amravati,Maharashtra,2023,1,2.5,40.7,22.8,62.9,23.7
Amravati_Maharashtra,Amravati,Maharashtra,2023,2,37.6,38.1,20.5,67.2,22.7
Amravati_Maharashtra,Amravati,Maharashtra,2023,3,72.4,39.7,22.4,68.7,22.7
Amravati_Maharashtra,Amravati,Maharashtra,2023,4,55.3,36.3,22.9,69.1,22.9
Amravati_Maharashtra,Amravati,Maharashtra,2023,5,61.5,37.8,23.5,58.3,20.5
Amravati_Maharashtra,Amravati,Maharashtra,2023,6,244.4,38.1,23.3,61.5,21.9
Amravati_Maharashtra,Amravati,Maharashtra,2023,7,196.4,38.9,20.1,59.5,20.8
Amravati_Maharashtra,Amravati,Maharashtra,2023,8,203.7,36.1,23.0,68.6,22.2
Amravati_Maharashtra,Amravati,Maharashtra,2023,9,351.4,38.1,24.0,58.7,23.8
Amravati_Maharashtra,Amravati,Maharashtra,2023,10,95.6,35.4,22.9,64.7,22.8
Amravati_Maharashtra,Amravati,Maharashtra,2023,11,113.5,35.3,21.4,69.9,21.5
Amravati_Maharashtra,Amravati,Maharashtra,2023,12,41.4,37.2,22.5,56.5,20.4
Amravati_Maharashtra,Amravati,Maharashtra,2023,1,37.9,38.1,20.6,65.7,22.5
Amravati_Maharashtra,Amravati,Maharashtra,2023,2,12.3,36.2,23.6,67.0,23.6
Amravati_Maharashtra,Amravati,Maharashtra,2023,3,57.7,38.9,23.6,64.3,22.5
Amravati_Maharashtra,Amravati,Maharashtra,2023,4,28.9,39.3,21.1,58.2,21.3
Amravati_Maharashtra,Amravati,Maharashtra,2023,5,21.9,37.5,23.6,63.1,20.8
Amravati_Maharashtra,Amravati,Maharashtra,2023,6,218.0,37.3,23.3,65.6,23.2
Amravati_Maharashtra,Amravati,Maharashtra,2023,7,248.7,36.6,23.8,65.2,21.3
Amravati_Maharashtra,Amravati,Maharashtra,2023,8,228.2,39.2,20.9,64.5,21.1
Amravati_Maharashtra,Amravati,Maharashtra,2023,9,315.3,39.7,23.0,58.0,20.4
Amravati_Maharashtra,Amravati,Maharashtra,2023,10,134.0,37.6,20.1,59.2,20.1
Amravati_Maharashtra,Amravati,Maharashtra,2023,11,140.4,38.3,20.2,65.7,21.3
Amravati_Maharashtra,Amravati,Maharashtra,2023,12,44.8,37.0,23.6,70.9,23.3
Amravati_Maharashtra,Amravati,Maharashtra,2023,1,43.7,40.6,23.2,65.8,20.0
Amravati_Maharashtra,Amravati,Maharashtra,2023,2,21.8,36.8,21.3,70.4,23.6
Amravati_Maharashtra,Amravati,Maharashtra,2023,3,53.6,35.1,20.3,60.0,20.1
Amravati_Maharashtra,Amravati,Maharashtra,2023,4,41.1,39.2,21.2,57.1,22.0
Amravati_Maharashtra,Amravati,Maharashtra,2023,5,41.5,37.5,21.6,61.2,20.3
Amravati_Maharashtra,Amravati,Maharashtra,2023,6,308.3,39.1,20.6,64.3,22.3
Amravati_Maharashtra,Amravati,Maharashtra,2023,7,330.6,37.2,22.5,65.1,21.9
Amravati_Maharashtra,Amravati,Maharashtra,2023,8,267.8,40.2,21.8,70.0,22.0
Amravati_Maharashtra,Amravati,Maharashtra,2023,9,361.5,37.2,23.5,56.8,23.7
Amravati_Maharashtra,Amravati,Maharashtra,2023,10,117.2,38.9,23.9,56.1,22.2
Amravati_Maharashtra,Amravati,Maharashtra,2023,11,154.8,37.5,20.8,55.7,22.3
Amravati_Maharashtra,Amravati,Maharashtra,2023,12,36.6,35.4,22.7,55.4,20.7
Kolhapur_Maharashtra,Kolhapur,Maharashtra,2023,1,8.2,32.4,19.1,84.7,18.3
Kolhapur_Maharashtra,Kolhapur,Maharashtra,2023,2,22.0,29.3,18.1,76.8,16.3
Kolhapur_Maharashtra,Kolhapur,Maharashtra,2023,3,75.6,34.3,20.6,73.4,19.5
Kolhapur_Maharashtra,Kolhapur,Maharashtra,2023,4,62.2,33.4,19.1,82.8,20.0
Kolhapur_Maharashtra,Kolhapur,Maharashtra,2023,5,47.4,32.7,21.9,77.4,19.4
Kolhapur_Maharashtra,Kolhapur,Maharashtra,2023,6,255.9,29.4,21.9,83.1,19.4
Kolhapur_Maharashtra,Kolhapur,Maharashtra,2023,7,421.0,31.3,18.3,73.4,16.9
Kolhapur_Maharashtra,Kolhapur,Maharashtra,2023,8,334.6,29.6,18.7,72.4,19.9
Kolhapur_Maharashtra,Kolhapur,Maharashtra,2023,9,420.6,31.6,19.1,82.8,17.3
Kolhapur_Maharashtra,Kolhapur,Maharashtra,2023,10,133.3,29.8,19.0,75.7,18.7
Kolhapur_Maharashtra,Kolhapur,Maharashtra,2023,11,113.4,33.9,18.6,75.5,19.5
Kolhapur_Maharashtra,Kolhapur,Maharashtra,2023,12,0.0,31.9,19.2,79.0,19.2
Kolhapur_Maharashtra,Kolhapur,Maharashtra,2023,1,17.7,29.5,19.8,74.9,19.3
Kolhapur_Maharashtra,Kolhapur,Maharashtra,2023,2,8.5,31.8,20.9,79.2,18.7
Kolhapur_Maharashtra,Kolhapur,Maharashtra,2023,3,83.3,30.9,20.2,83.4,20.0
Kolhapur_Maharashtra,Kolhapur,Maharashtra,2023,4,69.3,30.2,20.0,81.9,18.0
Kolhapur_Maharashtra,Kolhapur,Maharashtra,2023,5,67.7,31.2,21.4,76.5,17.3
Kolhapur_Maharashtra,Kolhapur,Maharashtra,2023,6,351.3,29.8,18.8,85.2,16.7
Kolhapur_Maharashtra,Kolhapur,Maharashtra,2023,7,366.7,31.9,20.6,73.7,18.2
Kolhapur_Maharashtra,Kolhapur,Maharashtra,2023,8,330.9,29.8,20.3,73.0,17.1
Kolhapur_Maharashtra,Kolhapur,Maharashtra,2023,9,281.1,34.0,19.1,84.8,19.9
Kolhapur_Maharashtra,Kolhapur,Maharashtra,2023,10,151.4,31.2,21.2,75.9,16.3
Kolhapur_Maharashtra,Kolhapur,Maharashtra,2023,11,178.3,33.8,18.7,80.8,16.9
Kolhapur_Maharashtra,Kolhapur,Maharashtra,2023,12,31.5,30.5,19.1,70.0,19.5
Kolhapur_Maharashtra,Kolhapur,Maharashtra,2023,1,14.6,30.8,18.9,85.2,19.8
Kolhapur_Maharashtra,Kolhapur,Maharashtra,2023,2,45.3,33.7,20.4,70.1,19.1
Kolhapur_Maharashtra,Kolhapur,Maharashtra,2023,3,69.7,33.6,20.1,81.3,19.7
Kolhapur_Maharashtra,Kolhapur,Maharashtra,2023,4,57.1,31.9,20.7,82.2,16.2
Kolhapur_Maharashtra,Kolhapur,Maharashtra,2023,5,51.4,33.0,19.9,82.4,16.5
Kolhapur_Maharashtra,Kolhapur,Maharashtra,2023,6,366.4,34.1,21.7,85.9,19.2
Kolhapur_Maharashtra,Kolhapur,Maharashtra,2023,7,389.4,31.0,19.9,82.4,19.7
Kolhapur_Maharashtra,Kolhapur,Maharashtra,2023,8,304.7,33.2,20.4,73.2,16.2
Kolhapur_Maharashtra,Kolhapur,Maharashtra,2023,9,369.8,30.3,20.2,83.7,19.3
Kolhapur_Maharashtra,Kolhapur,Maharashtra,2023,10,188.8,30.9,21.0,76.9,16.4
Kolhapur_Maharashtra,Kolhapur,Maharashtra,2023,11,139.4,30.8,19.3,74.7,16.2
Kolhapur_Maharashtra,Kolhapur,Maharashtra,2023,12,33.0,32.9,18.8,74.7,18.5
Kolhapur_Maharashtra,Kolhapur,Maharashtra,2023,1,19.3,33.3,20.8,80.0,20.0
Kolhapur_Maharashtra,Kolhapur,Maharashtra,2023,2,13.0,29.5,19.8,74.2,17.4
Kolhapur_Maharashtra,Kolhapur,Maharashtra,2023,3,89.1,30.1,19.5,84.9,16.2
Kolhapur_Maharashtra,Kolhapur,Maharashtra,2023,4,21.1,32.6,18.6,85.5,17.8
Kolhapur_Maharashtra,Kolhapur,Maharashtra,2023,5,44.9,31.8,20.6,82.0,19.0
Kolhapur_Maharashtra,Kolhapur,Maharashtra,2023,6,381.8,33.9,21.0,70.9,16.0
Kolhapur_Maharashtra,Kolhapur,Maharashtra,2023,7,299.0,31.5,19.6,84.2,19.6
Kolhapur_Maharashtra,Kolhapur,Maharashtra,2023,8,424.4,33.1,19.1,73.0,16.7
Kolhapur_Maharashtra,Kolhapur,Maharashtra,2023,9,315.6,34.0,18.5,81.8,18.1
Kolhapur_Maharashtra,Kolhapur,Maharashtra,2023,10,142.7,30.8,20.4,76.9,16.7
Kolhapur_Maharashtra,Kolhapur,Maharashtra,2023,11,131.2,34.4,19.4,81.7,18.6
Kolhapur_Maharashtra,Kolhapur,Maharashtra,2023,12,50.8,32.4,20.6,84.4,17.6
Kolhapur_Maharashtra,Kolhapur,Maharashtra,2023,1,0.0,31.2,18.4,79.4,16.9
Kolhapur_Maharashtra,Kolhapur,Maharashtra,2023,2,48.2,33.2,20.5,83.8,16.9
Kolhapur_Maharashtra,Kolhapur,Maharashtra,2023,3,85.2,33.5,20.2,73.9,17.7
Kolhapur_Maharashtra,Kolhapur,Maharashtra,2023,4,50.9,33.7,19.0,72.3,16.5
Kolhapur_Maharashtra,Kolhapur,Maharashtra,2023,5,32.3,30.3,22.0,79.2,16.6
Kolhapur_Maharashtra,Kolhapur,Maharashtra,2023,6,403.7,33.5,18.3,84.3,19.2
Kolhapur_Maharashtra,Kolhapur,Maharashtra,2023,7,263.7,32.3,18.6,83.4,17.4
Kolhapur_Maharashtra,Kolhapur,Maharashtra,2023,8,435.2,30.1,18.6,79.2,19.0
Kolhapur_Maharashtra,Kolhapur,Maharashtra,2023,9,397.3,30.2,18.1,80.9,16.3
Kolhapur_Maharashtra,Kolhapur,Maharashtra,2023,10,157.7,34.6,19.2,74.0,18.6
Kolhapur_Maharashtra,Kolhapur,Maharashtra,2023,11,162.8,34.6,21.4,73.6,17.0
Kolhapur_Maharashtra,Kolhapur,Maharashtra,2023,12,36.3,29.3,20.8,80.4,16.9
Ludhiana_Punjab,Ludhiana,Punjab,2023,1,32.4,34.7,11.0,55.5,20.2
Ludhiana_Punjab,Ludhiana,Punjab,2023,2,0.0,33.7,10.2,47.5,21.6
Ludhiana_Punjab,Ludhiana,Punjab,2023,3,3.0,35.1,10.8,48.5,19.3
Ludhiana_Punjab,Ludhiana,Punjab,2023,4,19.9,33.9,11.3,47.8,19.9
Ludhiana_Punjab,Ludhiana,Punjab,2023,5,11.0,33.7,8.4,52.0,18.2
Ludhiana_Punjab,Ludhiana,Punjab,2023,6,148.3,34.7,11.6,57.5,18.0
Ludhiana_Punjab,Ludhiana,Punjab,2023,7,154.0,32.6,11.1,55.0,19.7
Ludhiana_Punjab,Ludhiana,Punjab,2023,8,114.4,33.6,11.6,50.4,21.5
Ludhiana_Punjab,Ludhiana,Punjab,2023,9,148.8,36.3,10.8,52.2,18.9
Ludhiana_Punjab,Ludhiana,Punjab,2023,10,65.6,36.9,9.8,49.1,19.5
Ludhiana_Punjab,Ludhiana,Punjab,2023,11,61.8,36.7,12.0,50.1,19.8
Ludhiana_Punjab,Ludhiana,Punjab,2023,12,0.8,33.2,8.3,61.2,19.7
Ludhiana_Punjab,Ludhiana,Punjab,2023,1,0.0,34.4,8.4,47.3,20.6
Ludhiana_Punjab,Ludhiana,Punjab,2023,2,0.0,33.4,8.1,60.4,21.9
Ludhiana_Punjab,Ludhiana,Punjab,2023,3,3.0,37.2,11.7,53.7,18.2
Ludhiana_Punjab,Ludhiana,Punjab,2023,4,14.9,34.4,8.1,56.3,18.0
Ludhiana_Punjab,Ludhiana,Punjab,2023,5,18.3,32.2,10.4,53.4,21.9
Ludhiana_Punjab,Ludhiana,Punjab,2023,6,125.6,36.3,9.1,61.5,19.5
Ludhiana_Punjab,Ludhiana,Punjab,2023,7,117.0,34.6,11.3,59.9,18.9
Ludhiana_Punjab,Ludhiana,Punjab,2023,8,123.4,37.6,8.4,54.2,19.3
Ludhiana_Punjab,Ludhiana,Punjab,2023,9,142.4,33.3,11.0,47.8,20.0
Ludhiana_Punjab,Ludhiana,Punjab,2023,10,51.6,34.4,10.1,49.6,20.3
Ludhiana_Punjab,Ludhiana,Punjab,2023,11,79.6,32.9,8.6,51.3,19.4
Ludhiana_Punjab,Ludhiana,Punjab,2023,12,15.5,32.3,8.1,53.3,20.8
Ludhiana_Punjab,Ludhiana,Punjab,2023,1,2.8,33.4,10.7,60.2,20.7
Ludhiana_Punjab,Ludhiana,Punjab,2023,2,8.9,32.9,11.0,52.8,20.7
Ludhiana_Punjab,Ludhiana,Punjab,2023,3,0.0,38.0,8.6,62.8,21.9
Ludhiana_Punjab,Ludhiana,Punjab,2023,4,32.5,35.5,11.5,51.6,19.9
Ludhiana_Punjab,Ludhiana,Punjab,2023,5,19.3,34.6,9.3,56.0,21.4
Ludhiana_Punjab,Ludhiana,Punjab,2023,6,126.2,36.1,11.3,55.9,21.1
Ludhiana_Punjab,Ludhiana,Punjab,2023,7,107.7,32.2,11.6,62.9,19.2
Ludhiana_Punjab,Ludhiana,Punjab,2023,8,120.1,33.5,11.5,48.6,18.5
Ludhiana_Punjab,Ludhiana,Punjab,2023,9,174.1,37.1,9.3,57.8,20.4
Ludhiana_Punjab,Ludhiana,Punjab,2023,10,70.4,35.5,9.7,51.4,21.1
Ludhiana_Punjab,Ludhiana,Punjab,2023,11,59.5,33.4,10.5,59.0,18.9
Ludhiana_Punjab,Ludhiana,Punjab,2023,12,0.0,35.6,11.4,47.7,20.9
Ludhiana_Punjab,Ludhiana,Punjab,2023,1,23.0,37.1,9.9,59.4,20.7
Ludhiana_Punjab,Ludhiana,Punjab,2023,2,11.6,35.8,11.2,53.4,21.2
Ludhiana_Punjab,Ludhiana,Punjab,2023,3,9.0,32.1,9.5,55.7,21.4
Ludhiana_Punjab,Ludhiana,Punjab,2023,4,25.6,37.2,8.6,60.6,22.0
Ludhiana_Punjab,Ludhiana,Punjab,2023,5,36.3,38.0,10.4,51.9,21.4
Ludhiana_Punjab,Ludhiana,Punjab,2023,6,143.1,33.5,11.0,48.3,21.7
Ludhiana_Punjab,Ludhiana,Punjab,2023,7,103.3,34.7,8.2,58.0,21.6
Ludhiana_Punjab,Ludhiana,Punjab,2023,8,141.6,32.8,11.3,61.8,19.8
Ludhiana_Punjab,Ludhiana,Punjab,2023,9,123.9,37.4,10.6,51.6,19.2
Ludhiana_Punjab,Ludhiana,Punjab,2023,10,52.3,33.9,10.2,49.4,18.4
Ludhiana_Punjab,Ludhiana,Punjab,2023,11,85.2,36.9,11.6,55.8,21.2
Ludhiana_Punjab,Ludhiana,Punjab,2023,12,14.7,37.9,8.9,53.2,19.9
Ludhiana_Punjab,Ludhiana,Punjab,2023,1,0.0,37.3,9.9,52.1,19.9
Ludhiana_Punjab,Ludhiana,Punjab,2023,2,6.9,37.2,10.4,58.1,19.5
Ludhiana_Punjab,Ludhiana,Punjab,2023,3,31.8,32.7,10.3,51.1,21.2
Ludhiana_Punjab,Ludhiana,Punjab,2023,4,39.0,32.6,11.1,57.8,21.1
Ludhiana_Punjab,Ludhiana,Punjab,2023,5,16.7,36.8,8.9,50.6,20.2
Ludhiana_Punjab,Ludhiana,Punjab,2023,6,124.3,33.8,9.1,59.3,20.6
Ludhiana_Punjab,Ludhiana,Punjab,2023,7,175.2,34.8,8.3,47.8,19.2
Ludhiana_Punjab,Ludhiana,Punjab,2023,8,164.6,33.6,9.6,56.6,20.6
Ludhiana_Punjab,Ludhiana,Punjab,2023,9,124.4,35.3,8.5,61.3,18.3
Ludhiana_Punjab,Ludhiana,Punjab,2023,10,92.1,36.2,11.1,52.4,21.8
Ludhiana_Punjab,Ludhiana,Punjab,2023,11,70.2,37.5,11.9,60.3,19.2
Ludhiana_Punjab,Ludhiana,Punjab,2023,12,19.7,37.6,10.7,51.9,19.5
Amritsar_Punjab,Amritsar,Punjab,2023,1,0.0,35.0,11.0,50.6,20.6
Amritsar_Punjab,Amritsar,Punjab,2023,2,14.0,35.1,10.6,49.8,21.5
Amritsar_Punjab,Amritsar,Punjab,2023,3,15.8,37.0,10.8,58.4,18.2
Amritsar_Punjab,Amritsar,Punjab,2023,4,45.9,36.9,12.8,50.4,19.9
Amritsar_Punjab,Amritsar,Punjab,2023,5,27.3,35.4,10.4,50.0,19.6
Amritsar_Punjab,Amritsar,Punjab,2023,6,122.4,34.3,9.2,56.8,20.4
Amritsar_Punjab,Amritsar,Punjab,2023,7,172.8,35.1,12.2,56.6,18.3
Amritsar_Punjab,Amritsar,Punjab,2023,8,161.6,35.4,10.2,50.3,18.6
Amritsar_Punjab,Amritsar,Punjab,2023,9,138.4,33.5,12.8,60.1,20.3
Amritsar_Punjab,Amritsar,Punjab,2023,10,57.7,35.9,11.5,61.3,21.1
Amritsar_Punjab,Amritsar,Punjab,2023,11,74.5,33.7,12.5,63.5,18.7
Amritsar_Punjab,Amritsar,Punjab,2023,12,0.0,35.4,11.1,57.3,21.7
Amritsar_Punjab,Amritsar,Punjab,2023,1,23.1,33.1,9.9,57.1,19.4
Amritsar_Punjab,Amritsar,Punjab,2023,2,0.0,33.7,9.5,51.0,19.8
Amritsar_Punjab,Amritsar,Punjab,2023,3,43.3,38.0,9.8,55.1,18.8
Amritsar_Punjab,Amritsar,Punjab,2023,4,17.4,33.4,9.9,63.0,19.9
Amritsar_Punjab,Amritsar,Punjab,2023,5,1.5,34.5,12.5,50.6,19.7
Amritsar_Punjab,Amritsar,Punjab,2023,6,100.3,33.1,12.3,61.2,21.2
Amritsar_Punjab,Amritsar,Punjab,2023,7,136.2,36.3,10.5,58.0,18.0
Amritsar_Punjab,Amritsar,Punjab,2023,8,121.1,34.5,11.4,54.2,21.4
Amritsar_Punjab,Amritsar,Punjab,2023,9,191.5,34.6,9.8,55.6,18.0
Amritsar_Punjab,Amritsar,Punjab,2023,10,51.0,36.1,13.0,51.2,19.0
Amritsar_Punjab,Amritsar,Punjab,2023,11,68.3,37.7,12.3,62.4,20.1
Amritsar_Punjab,Amritsar,Punjab,2023,12,2.6,36.5,10.8,55.2,21.7
Amritsar_Punjab,Amritsar,Punjab,2023,1,23.2,38.7,9.6,54.1,20.2
Amritsar_Punjab,Amritsar,Punjab,2023,2,0.0,37.0,11.6,54.6,20.0
Amritsar_Punjab,Amritsar,Punjab,2023,3,1.3,35.0,9.7,49.6,21.8
Amritsar_Punjab,Amritsar,Punjab,2023,4,33.1,34.9,10.6,51.8,18.4
Amritsar_Punjab,Amritsar,Punjab,2023,5,27.5,37.1,11.2,55.6,21.7
Amritsar_Punjab,Amritsar,Punjab,2023,6,97.0,35.1,12.1,63.9,19.0
Amritsar_Punjab,Amritsar,Punjab,2023,7,183.2,34.3,10.6,54.6,21.9
Amritsar_Punjab,Amritsar,Punjab,2023,8,126.4,35.0,11.9,54.7,20.3
Amritsar_Punjab,Amritsar,Punjab,2023,9,178.8,38.2,9.2,59.1,18.6
Amritsar_Punjab,Amritsar,Punjab,2023,10,63.2,35.4,11.1,63.9,18.5
Amritsar_Punjab,Amritsar,Punjab,2023,11,65.5,33.8,9.6,63.2,21.5
Amritsar_Punjab,Amritsar,Punjab,2023,12,34.5,34.2,10.4,58.7,19.9
Amritsar_Punjab,Amritsar,Punjab,2023,1,0.0,37.5,9.1,53.7,21.1
Amritsar_Punjab,Amritsar,Punjab,2023,2,1.2,37.2,11.3,60.7,20.9
Amritsar_Punjab,Amritsar,Punjab,2023,3,23.7,33.8,10.0,54.7,20.4
Amritsar_Punjab,Amritsar,Punjab,2023,4,13.8,33.0,11.0,52.6,20.9
Amritsar_Punjab,Amritsar,Punjab,2023,5,15.9,38.6,9.7,55.5,18.4
Amritsar_Punjab,Amritsar,Punjab,2023,6,152.1,35.4,11.1,62.3,18.8
Amritsar_Punjab,Amritsar,Punjab,2023,7,116.3,36.5,12.6,57.6,21.2
Amritsar_Punjab,Amritsar,Punjab,2023,8,144.4,38.5,11.3,50.9,19.1
Amritsar_Punjab,Amritsar,Punjab,2023,9,105.8,34.8,11.2,57.4,19.7
Amritsar_Punjab,Amritsar,Punjab,2023,10,51.0,33.5,9.7,56.3,18.9
Amritsar_Punjab,Amritsar,Punjab,2023,11,53.1,37.9,9.1,58.4,20.7
Amritsar_Punjab,Amritsar,Punjab,2023,12,30.9,33.1,9.6,62.2,19.8
Amritsar_Punjab,Amritsar,Punjab,2023,1,4.1,38.3,9.2,51.7,21.6
Amritsar_Punjab,Amritsar,Punjab,2023,2,0.0,33.8,12.4,56.0,20.7
Amritsar_Punjab,Amritsar,Punjab,2023,3,27.1,37.6,10.3,54.6,18.8
Amritsar_Punjab,Amritsar,Punjab,2023,4,37.4,38.6,10.2,60.5,21.1
Amritsar_Punjab,Amritsar,Punjab,2023,5,44.5,35.4,9.5,58.7,20.9
Amritsar_Punjab,Amritsar,Punjab,2023,6,134.3,36.0,10.2,54.8,20.6
Amritsar_Punjab,Amritsar,Punjab,2023,7,148.9,35.4,10.1,51.2,21.1
Amritsar_Punjab,Amritsar,Punjab,2023,8,167.5,37.5,12.6,61.5,18.7
Amritsar_Punjab,Amritsar,Punjab,2023,9,171.6,35.0,9.2,55.8,18.4
Amritsar_Punjab,Amritsar,Punjab,2023,10,48.6,37.9,12.5,52.8,21.4
Amritsar_Punjab,Amritsar,Punjab,2023,11,86.0,33.9,11.8,63.1,20.7
Amritsar_Punjab,Amritsar,Punjab,2023,12,8.0,36.9,11.0,49.9,19.2
Patiala_Punjab,Patiala,Punjab,2023,1,24.9,37.2,11.2,62.5,20.2
Patiala_Punjab,Patiala,Punjab,2023,2,20.4,32.5,12.6,60.0,19.6
Patiala_Punjab,Patiala,Punjab,2023,3,33.3,37.8,10.9,51.4,17.8
Patiala_Punjab,Patiala,Punjab,2023,4,36.7,35.8,11.6,59.2,18.2
Patiala_Punjab,Patiala,Punjab,2023,5,34.2,37.9,13.7,64.9,18.6
Patiala_Punjab,Patiala,Punjab,2023,6,151.5,37.5,10.6,54.9,17.6
Patiala_Punjab,Patiala,Punjab,2023,7,147.4,34.0,10.3,55.6,20.4
Patiala_Punjab,Patiala,Punjab,2023,8,131.4,35.8,13.5,52.1,20.9
Patiala_Punjab,Patiala,Punjab,2023,9,172.5,37.5,10.9,50.9,18.0
Patiala_Punjab,Patiala,Punjab,2023,10,54.4,33.0,11.9,50.5,17.5
Patiala_Punjab,Patiala,Punjab,2023,11,46.4,34.4,11.9,57.2,20.5
Patiala_Punjab,Patiala,Punjab,2023,12,9.5,34.5,13.3,64.3,20.4
Patiala_Punjab,Patiala,Punjab,2023,1,3.4,35.6,14.0,57.0,20.7
Patiala_Punjab,Patiala,Punjab,2023,2,0.0,33.2,11.7,53.5,17.0
Patiala_Punjab,Patiala,Punjab,2023,3,45.3,36.5,10.7,51.9,17.3
Patiala_Punjab,Patiala,Punjab,2023,4,44.7,34.6,10.5,58.2,18.4
Patiala_Punjab,Patiala,Punjab,2023,5,25.2,36.3,10.4,50.6,21.0
Patiala_Punjab,Patiala,Punjab,2023,6,105.7,33.1,10.2,56.3,20.2
Patiala_Punjab,Patiala,Punjab,2023,7,130.4,36.1,12.0,63.8,20.5
Patiala_Punjab,Patiala,Punjab,2023,8,116.1,34.8,14.0,57.7,20.9
Patiala_Punjab,Patiala,Punjab,2023,9,157.0,35.2,14.0,63.7,17.4
Patiala_Punjab,Patiala,Punjab,2023,10,67.4,32.0,11.6,53.8,20.3
Patiala_Punjab,Patiala,Punjab,2023,11,74.3,32.0,11.2,53.9,17.9
Patiala_Punjab,Patiala,Punjab,2023,12,0.0,35.3,11.2,56.7,18.5
Patiala_Punjab,Patiala,Punjab,2023,1,0.0,33.8,11.3,52.6,20.1
Patiala_Punjab,Patiala,Punjab,2023,2,11.1,32.7,10.3,64.6,17.8
Patiala_Punjab,Patiala,Punjab,2023,3,31.4,32.5,13.8,54.0,20.4
Patiala_Punjab,Patiala,Punjab,2023,4,30.2,32.1,12.0,62.3,20.7
Patiala_Punjab,Patiala,Punjab,2023,5,44.2,37.3,10.8,54.5,18.2
Patiala_Punjab,Patiala,Punjab,2023,6,131.3,35.3,10.6,61.1,17.7
Patiala_Punjab,Patiala,Punjab,2023,7,130.2,36.8,13.0,60.3,17.6
Patiala_Punjab,Patiala,Punjab,2023,8,133.3,34.3,11.7,50.6,18.1
Patiala_Punjab,Patiala,Punjab,2023,9,201.9,34.1,10.2,52.9,18.6
Patiala_Punjab,Patiala,Punjab,2023,10,67.2,36.6,10.4,65.7,18.5
Patiala_Punjab,Patiala,Punjab,2023,11,69.5,35.8,10.8,52.3,20.8
Patiala_Punjab,Patiala,Punjab,2023,12,31.1,35.8,13.2,51.1,18.3
Patiala_Punjab,Patiala,Punjab,2023,1,9.6,32.8,10.8,53.8,18.2
Patiala_Punjab,Patiala,Punjab,2023,2,16.2,36.2,11.5,63.2,17.8
Patiala_Punjab,Patiala,Punjab,2023,3,34.3,33.1,10.4,64.1,18.4
Patiala_Punjab,Patiala,Punjab,2023,4,7.8,36.1,11.3,50.9,19.4
Patiala_Punjab,Patiala,Punjab,2023,5,13.0,32.5,10.6,54.8,17.4
Patiala_Punjab,Patiala,Punjab,2023,6,160.3,34.9,10.5,54.9,20.7
Patiala_Punjab,Patiala,Punjab,2023,7,136.3,33.2,13.0,58.7,20.5
Patiala_Punjab,Patiala,Punjab,2023,8,151.7,33.2,10.7,64.7,18.3
Patiala_Punjab,Patiala,Punjab,2023,9,145.6,34.0,13.8,61.8,19.4
Patiala_Punjab,Patiala,Punjab,2023,10,61.3,33.5,11.9,53.6,20.0
Patiala_Punjab,Patiala,Punjab,2023,11,77.6,34.1,13.8,57.1,19.0
Patiala_Punjab,Patiala,Punjab,2023,12,24.9,35.4,13.0,63.0,18.4
Patiala_Punjab,Patiala,Punjab,2023,1,10.2,32.2,13.0,57.1,17.1
Patiala_Punjab,Patiala,Punjab,2023,2,0.4,35.5,11.9,59.9,18.9
Patiala_Punjab,Patiala,Punjab,2023,3,15.1,32.7,12.4,57.8,17.1
Patiala_Punjab,Patiala,Punjab,2023,4,4.7,35.2,11.6,59.8,20.2
Patiala_Punjab,Patiala,Punjab,2023,5,37.2,35.2,12.5,60.9,19.7
Patiala_Punjab,Patiala,Punjab,2023,6,143.9,32.3,10.1,55.7,18.3
Patiala_Punjab,Patiala,Punjab,2023,7,122.0,36.4,13.4,65.0,19.0
Patiala_Punjab,Patiala,Punjab,2023,8,176.8,34.5,11.2,65.0,19.1
Patiala_Punjab,Patiala,Punjab,2023,9,132.7,32.6,13.4,59.8,18.3
Patiala_Punjab,Patiala,Punjab,2023,10,58.6,35.5,10.8,63.6,17.3
Patiala_Punjab,Patiala,Punjab,2023,11,69.1,33.6,13.3,61.8,20.2
Patiala_Punjab,Patiala,Punjab,2023,12,0.0,33.7,12.1,62.0,20.3
Gurdaspur_Punjab,Gurdaspur,Punjab,2023,1,36.9,34.2,9.0,52.8,19.9
Gurdaspur_Punjab,Gurdaspur,Punjab,2023,2,0.6,34.2,10.3,61.6,17.7
Gurdaspur_Punjab,Gurdaspur,Punjab,2023,3,35.3,36.8,10.9,66.8,20.0
Gurdaspur_Punjab,Gurdaspur,Punjab,2023,4,24.9,35.0,10.5,61.6,19.0
Gurdaspur_Punjab,Gurdaspur,Punjab,2023,5,28.6,34.1,8.8,64.9,17.7
Gurdaspur_Punjab,Gurdaspur,Punjab,2023,6,164.3,34.9,9.8,56.4,19.2
Gurdaspur_Punjab,Gurdaspur,Punjab,2023,7,216.9,36.5,10.0,57.2,19.9
Gurdaspur_Punjab,Gurdaspur,Punjab,2023,8,159.8,33.0,11.7,52.2,19.2
Gurdaspur_Punjab,Gurdaspur,Punjab,2023,9,248.2,31.5,11.9,60.3,19.5
Gurdaspur_Punjab,Gurdaspur,Punjab,2023,10,86.2,33.6,8.3,53.7,20.3
Gurdaspur_Punjab,Gurdaspur,Punjab,2023,11,74.8,34.0,11.1,53.0,19.3
Gurdaspur_Punjab,Gurdaspur,Punjab,2023,12,0.0,31.3,11.3,53.9,17.2
Gurdaspur_Punjab,Gurdaspur,Punjab,2023,1,17.8,34.4,9.3,57.0,17.4
Gurdaspur_Punjab,Gurdaspur,Punjab,2023,2,0.0,35.6,11.9,67.5,20.5
Gurdaspur_Punjab,Gurdaspur,Punjab,2023,3,45.6,32.7,10.5,59.3,18.9
Gurdaspur_Punjab,Gurdaspur,Punjab,2023,4,33.7,32.9,11.7,52.9,18.9
Gurdaspur_Punjab,Gurdaspur,Punjab,2023,5,51.7,34.3,9.0,57.5,20.4
Gurdaspur_Punjab,Gurdaspur,Punjab,2023,6,226.7,31.6,8.1,67.4,18.5
Gurdaspur_Punjab,Gurdaspur,Punjab,2023,7,214.8,35.1,11.7,61.2,17.5
Gurdaspur_Punjab,Gurdaspur,Punjab,2023,8,239.6,33.4,11.5,62.4,20.6
Gurdaspur_Punjab,Gurdaspur,Punjab,2023,9,219.4,32.9,8.8,66.5,20.0
Gurdaspur_Punjab,Gurdaspur,Punjab,2023,10,100.9,32.1,11.0,59.6,17.9
Gurdaspur_Punjab,Gurdaspur,Punjab,2023,11,87.4,33.0,9.9,54.4,20.9
Gurdaspur_Punjab,Gurdaspur,Punjab,2023,12,0.0,32.2,11.1,58.8,19.3
Gurdaspur_Punjab,Gurdaspur,Punjab,2023,1,9.4,36.5,9.6,65.3,17.5
Gurdaspur_Punjab,Gurdaspur,Punjab,2023,2,33.8,36.6,10.7,57.8,20.8
Gurdaspur_Punjab,Gurdaspur,Punjab,2023,3,20.6,35.2,11.1,66.9,17.8
Gurdaspur_Punjab,Gurdaspur,Punjab,2023,4,53.2,31.4,9.5,56.5,18.2
Gurdaspur_Punjab,Gurdaspur,Punjab,2023,5,55.2,35.3,11.9,58.0,20.2
Gurdaspur_Punjab,Gurdaspur,Punjab,2023,6,225.3,32.1,11.8,55.5,18.3
Gurdaspur_Punjab,Gurdaspur,Punjab,2023,7,246.5,34.6,9.8,63.9,17.9
Gurdaspur_Punjab,Gurdaspur,Punjab,2023,8,155.6,33.8,8.7,57.7,18.6
Gurdaspur_Punjab,Gurdaspur,Punjab,2023,9,166.8,36.3,8.6,61.6,19.7
Gurdaspur_Punjab,Gurdaspur,Punjab,2023,10,104.0,33.5,10.0,52.1,19.8
Gurdaspur_Punjab,Gurdaspur,Punjab,2023,11,89.6,33.2,11.9,58.7,19.0
Gurdaspur_Punjab,Gurdaspur,Punjab,2023,12,32.0,34.5,11.2,65.8,18.8
Gurdaspur_Punjab,Gurdaspur,Punjab,2023,1,0.0,34.3,9.7,66.0,17.8
Gurdaspur_Punjab,Gurdaspur,Punjab,2023,2,24.1,31.3,11.9,60.2,18.2
Gurdaspur_Punjab,Gurdaspur,Punjab,2023,3,47.7,32.8,8.8,54.1,18.2
Gurdaspur_Punjab,Gurdaspur,Punjab,2023,4,42.0,32.4,8.7,57.3,20.8
Gurdaspur_Punjab,Gurdaspur,Punjab,2023,5,49.0,33.9,8.7,66.3,18.8
Gurdaspur_Punjab,Gurdaspur,Punjab,2023,6,264.3,31.3,8.4,63.5,18.1
Gurdaspur_Punjab,Gurdaspur,Punjab,2023,7,160.9,31.1,11.1,54.2,18.9
Gurdaspur_Punjab,Gurdaspur,Punjab,2023,8,229.1,31.2,11.1,52.2,20.0
Gurdaspur_Punjab,Gurdaspur,Punjab,2023,9,265.2,34.2,9.9,58.2,20.5
Gurdaspur_Punjab,Gurdaspur,Punjab,2023,10,113.1,34.7,11.7,67.4,19.0
Gurdaspur_Punjab,Gurdaspur,Punjab,2023,11,88.8,36.8,8.6,61.3,18.1
Gurdaspur_Punjab,Gurdaspur,Punjab,2023,12,7.7,37.0,8.2,61.3,17.3
Gurdaspur_Punjab,Gurdaspur,Punjab,2023,1,0.0,36.8,11.8,57.4,19.3
Gurdaspur_Punjab,Gurdaspur,Punjab,2023,2,3.6,35.9,11.8,53.5,17.6
Gurdaspur_Punjab,Gurdaspur,Punjab,2023,3,50.3,31.1,9.0,59.2,19.8
Gurdaspur_Punjab,Gurdaspur,Punjab,2023,4,61.5,32.7,10.2,60.5,18.6
Gurdaspur_Punjab,Gurdaspur,Punjab,2023,5,43.1,36.1,10.0,61.7,17.9
Gurdaspur_Punjab,Gurdaspur,Punjab,2023,6,232.0,34.1,12.0,61.8,18.5
Gurdaspur_Punjab,Gurdaspur,Punjab,2023,7,239.6,33.3,9.4,58.9,20.1
Gurdaspur_Punjab,Gurdaspur,Punjab,2023,8,228.5,34.5,9.4,65.0,18.0
Gurdaspur_Punjab,Gurdaspur,Punjab,2023,9,184.5,32.6,8.0,62.4,19.0
Gurdaspur_Punjab,Gurdaspur,Punjab,2023,10,116.0,34.4,11.5,54.2,19.3
Gurdaspur_Punjab,Gurdaspur,Punjab,2023,11,121.7,35.3,9.5,53.5,18.8
Gurdaspur_Punjab,Gurdaspur,Punjab,2023,12,28.3,32.5,11.9,67.3,18.0
Bhatinda_Punjab,Bhatinda,Punjab,2023,1,15.0,36.6,10.9,37.8,20.2
Bhatinda_Punjab,Bhatinda,Punjab,2023,2,0.4,36.9,10.0,42.1,20.8
Bhatinda_Punjab,Bhatinda,Punjab,2023,3,32.3,37.5,9.8,46.2,23.9
Bhatinda_Punjab,Bhatinda,Punjab,2023,4,19.5,39.3,10.4,38.4,22.7
Bhatinda_Punjab,Bhatinda,Punjab,2023,5,13.5,39.4,8.8,50.5,20.1
Bhatinda_Punjab,Bhatinda,Punjab,2023,6,120.6,36.3,8.5,52.3,20.3
Bhatinda_Punjab,Bhatinda,Punjab,2023,7,78.4,38.7,10.2,39.0,21.2
Bhatinda_Punjab,Bhatinda,Punjab,2023,8,75.4,37.5,10.8,40.5,21.5
Bhatinda_Punjab,Bhatinda,Punjab,2023,9,114.8,40.7,11.2,40.9,20.3
Bhatinda_Punjab,Bhatinda,Punjab,2023,10,33.1,38.0,11.1,50.7,23.4
Bhatinda_Punjab,Bhatinda,Punjab,2023,11,50.9,36.9,8.2,48.2,20.0
Bhatinda_Punjab,Bhatinda,Punjab,2023,12,0.0,39.2,11.1,41.9,23.2
Bhatinda_Punjab,Bhatinda,Punjab,2023,1,11.4,38.7,11.7,39.5,23.0
Bhatinda_Punjab,Bhatinda,Punjab,2023,2,0.0,37.8,9.3,46.3,23.6
Bhatinda_Punjab,Bhatinda,Punjab,2023,3,22.3,38.1,8.2,40.7,22.0
Bhatinda_Punjab,Bhatinda,Punjab,2023,4,0.5,38.0,9.3,41.1,21.9
Bhatinda_Punjab,Bhatinda,Punjab,2023,5,27.8,40.2,10.8,38.7,23.1
Bhatinda_Punjab,Bhatinda,Punjab,2023,6,130.8,35.7,10.6,50.3,22.3
Bhatinda_Punjab,Bhatinda,Punjab,2023,7,109.0,38.2,8.1,47.2,20.3
Bhatinda_Punjab,Bhatinda,Punjab,2023,8,90.0,38.3,8.5,48.1,23.2
Bhatinda_Punjab,Bhatinda,Punjab,2023,9,66.6,35.9,11.5,45.5,21.9
Bhatinda_Punjab,Bhatinda,Punjab,2023,10,43.5,40.2,11.3,47.0,20.3
Bhatinda_Punjab,Bhatinda,Punjab,2023,11,19.6,36.5,8.5,41.2,21.5
Bhatinda_Punjab,Bhatinda,Punjab,2023,12,15.6,40.0,10.8,38.8,22.9
Bhatinda_Punjab,Bhatinda,Punjab,2023,1,14.4,41.0,8.3,40.6,21.6
Bhatinda_Punjab,Bhatinda,Punjab,2023,2,0.0,35.6,10.7,51.1,22.1
Bhatinda_Punjab,Bhatinda,Punjab,2023,3,6.8,39.6,11.0,46.4,20.9
Bhatinda_Punjab,Bhatinda,Punjab,2023,4,0.0,38.6,11.3,50.7,21.9
Bhatinda_Punjab,Bhatinda,Punjab,2023,5,38.1,36.7,9.6,51.9,21.4
Bhatinda_Punjab,Bhatinda,Punjab,2023,6,145.5,39.0,11.3,49.0,22.8
Bhatinda_Punjab,Bhatinda,Punjab,2023,7,73.1,37.1,10.7,38.6,20.0
Bhatinda_Punjab,Bhatinda,Punjab,2023,8,89.7,40.8,11.9,44.9,23.5
Bhatinda_Punjab,Bhatinda,Punjab,2023,9,115.9,38.4,8.5,52.0,21.4
Bhatinda_Punjab,Bhatinda,Punjab,2023,10,52.3,37.0,9.0,47.1,20.1
Bhatinda_Punjab,Bhatinda,Punjab,2023,11,52.4,38.6,10.5,45.4,22.3
Bhatinda_Punjab,Bhatinda,Punjab,2023,12,19.0,39.4,11.5,40.0,21.6
Bhatinda_Punjab,Bhatinda,Punjab,2023,1,20.7,37.0,9.4,46.5,21.1
Bhatinda_Punjab,Bhatinda,Punjab,2023,2,12.6,38.8,10.3,48.9,22.7
Bhatinda_Punjab,Bhatinda,Punjab,2023,3,5.9,35.8,8.5,47.8,23.4
Bhatinda_Punjab,Bhatinda,Punjab,2023,4,27.9,36.1,8.4,50.0,22.3
Bhatinda_Punjab,Bhatinda,Punjab,2023,5,29.0,39.2,11.3,37.9,23.0
Bhatinda_Punjab,Bhatinda,Punjab,2023,6,114.0,38.8,9.3,52.3,20.1
Bhatinda_Punjab,Bhatinda,Punjab,2023,7,93.4,39.3,8.7,40.8,22.0
Bhatinda_Punjab,Bhatinda,Punjab,2023,8,114.8,35.9,11.0,45.0,23.6
Bhatinda_Punjab,Bhatinda,Punjab,2023,9,87.3,36.4,8.6,47.9,22.4
Bhatinda_Punjab,Bhatinda,Punjab,2023,10,45.0,37.7,9.6,52.7,21.2
Bhatinda_Punjab,Bhatinda,Punjab,2023,11,36.1,38.4,9.0,51.6,21.1
Bhatinda_Punjab,Bhatinda,Punjab,2023,12,0.0,38.9,11.6,39.7,23.9
Bhatinda_Punjab,Bhatinda,Punjab,2023,1,16.3,37.0,10.3,45.2,22.1
Bhatinda_Punjab,Bhatinda,Punjab,2023,2,0.8,37.7,10.9,50.4,22.2
Bhatinda_Punjab,Bhatinda,Punjab,2023,3,0.0,36.0,8.5,42.9,20.9
Bhatinda_Punjab,Bhatinda,Punjab,2023,4,0.0,35.1,8.4,39.8,21.7
Bhatinda_Punjab,Bhatinda,Punjab,2023,5,1.8,37.5,9.4,39.9,20.0
Bhatinda_Punjab,Bhatinda,Punjab,2023,6,107.6,36.4,8.5,51.2,21.1
Bhatinda_Punjab,Bhatinda,Punjab,2023,7,100.2,39.9,9.8,44.8,20.9
Bhatinda_Punjab,Bhatinda,Punjab,2023,8,80.4,35.6,9.8,52.0,23.8
Bhatinda_Punjab,Bhatinda,Punjab,2023,9,91.8,37.8,11.5,41.3,20.0
Bhatinda_Punjab,Bhatinda,Punjab,2023,10,32.8,36.9,11.2,47.9,21.2
Bhatinda_Punjab,Bhatinda,Punjab,2023,11,29.5,40.4,11.7,52.7,23.5
Bhatinda_Punjab,Bhatinda,Punjab,2023,12,0.0,38.5,11.7,39.8,20.0
Guntur_Andhra_Pradesh,Guntur,Andhra Pradesh,2023,1,28.2,37.8,21.5,79.6,22.9
Guntur_Andhra_Pradesh,Guntur,Andhra Pradesh,2023,2,3.2,33.6,22.1,77.1,20.5
Guntur_Andhra_Pradesh,Guntur,Andhra Pradesh,2023,3,19.5,38.9,23.5,70.7,19.7
Guntur_Andhra_Pradesh,Guntur,Andhra Pradesh,2023,4,72.3,34.7,21.3,64.9,19.5
Guntur_Andhra_Pradesh,Guntur,Andhra Pradesh,2023,5,61.4,36.0,24.4,71.1,21.8
Guntur_Andhra_Pradesh,Guntur,Andhra Pradesh,2023,6,284.2,35.2,23.5,65.1,20.4
Guntur_Andhra_Pradesh,Guntur,Andhra Pradesh,2023,7,287.6,35.8,24.3,70.9,22.2
Guntur_Andhra_Pradesh,Guntur,Andhra Pradesh,2023,8,292.3,35.5,23.4,74.1,20.7
Guntur_Andhra_Pradesh,Guntur,Andhra Pradesh,2023,9,192.9,33.1,24.5,67.8,19.8
Guntur_Andhra_Pradesh,Guntur,Andhra Pradesh,2023,10,127.0,36.0,21.7,79.4,22.4
Guntur_Andhra_Pradesh,Guntur,Andhra Pradesh,2023,11,138.1,37.6,21.6,64.1,19.1
Guntur_Andhra_Pradesh,Guntur,Andhra Pradesh,2023,12,18.9,36.1,21.0,70.8,21.9
Guntur_Andhra_Pradesh,Guntur,Andhra Pradesh,2023,1,5.6,35.6,21.3,73.3,21.4
Guntur_Andhra_Pradesh,Guntur,Andhra Pradesh,2023,2,5.3,36.2,21.2,75.2,19.2
Guntur_Andhra_Pradesh,Guntur,Andhra Pradesh,2023,3,64.8,36.0,22.8,66.1,20.2
Guntur_Andhra_Pradesh,Guntur,Andhra Pradesh,2023,4,71.3,33.0,23.4,75.5,21.5
Guntur_Andhra_Pradesh,Guntur,Andhra Pradesh,2023,5,14.3,34.5,24.3,71.4,20.9
Guntur_Andhra_Pradesh,Guntur,Andhra Pradesh,2023,6,333.2,38.4,22.8,66.4,22.7
Guntur_Andhra_Pradesh,Guntur,Andhra Pradesh,2023,7,243.6,34.8,21.2,71.5,22.4
Guntur_Andhra_Pradesh,Guntur,Andhra Pradesh,2023,8,344.8,33.8,22.5,64.5,22.4
Guntur_Andhra_Pradesh,Guntur,Andhra Pradesh,2023,9,246.6,37.3,22.7,68.9,22.8
Guntur_Andhra_Pradesh,Guntur,Andhra Pradesh,2023,10,139.4,35.9,24.9,64.1,20.7
Guntur_Andhra_Pradesh,Guntur,Andhra Pradesh,2023,11,96.4,33.1,22.6,67.5,21.1
Guntur_Andhra_Pradesh,Guntur,Andhra Pradesh,2023,12,41.9,38.1,23.5,64.7,19.8
Guntur_Andhra_Pradesh,Guntur,Andhra Pradesh,2023,1,14.9,38.0,21.6,66.6,22.2
Guntur_Andhra_Pradesh,Guntur,Andhra Pradesh,2023,2,3.2,36.7,22.2,69.9,22.1
Guntur_Andhra_Pradesh,Guntur,Andhra Pradesh,2023,3,48.9,38.7,22.6,76.3,20.9
Guntur_Andhra_Pradesh,Guntur,Andhra Pradesh,2023,4,72.5,33.5,24.7,77.2,22.2
Guntur_Andhra_Pradesh,Guntur,Andhra Pradesh,2023,5,42.2,38.1,22.2,79.2,19.2
Guntur_Andhra_Pradesh,Guntur,Andhra Pradesh,2023,6,211.5,36.5,23.6,64.3,22.8
Guntur_Andhra_Pradesh,Guntur,Andhra Pradesh,2023,7,179.9,33.1,23.3,78.9,21.7
Guntur_Andhra_Pradesh,Guntur,Andhra Pradesh,2023,8,291.4,36.3,22.8,72.0,19.3
Guntur_Andhra_Pradesh,Guntur,Andhra Pradesh,2023,9,290.3,37.6,22.9,66.4,21.6
Guntur_Andhra_Pradesh,Guntur,Andhra Pradesh,2023,10,115.2,36.7,21.6,79.4,21.1
Guntur_Andhra_Pradesh,Guntur,Andhra Pradesh,2023,11,99.4,34.5,24.2,77.1,22.9
Guntur_Andhra_Pradesh,Guntur,Andhra Pradesh,2023,12,17.0,37.5,21.5,72.8,21.2
Guntur_Andhra_Pradesh,Guntur,Andhra Pradesh,2023,1,38.7,33.5,22.8,65.6,19.1
Guntur_Andhra_Pradesh,Guntur,Andhra Pradesh,2023,2,39.8,38.4,23.8,65.5,20.1
Guntur_Andhra_Pradesh,Guntur,Andhra Pradesh,2023,3,45.0,37.8,22.5,70.7,19.2
Guntur_Andhra_Pradesh,Guntur,Andhra Pradesh,2023,4,31.4,33.7,22.8,77.7,21.3
Guntur_Andhra_Pradesh,Guntur,Andhra Pradesh,2023,5,13.1,35.8,22.4,69.7,21.1
Guntur_Andhra_Pradesh,Guntur,Andhra Pradesh,2023,6,287.0,35.0,24.2,69.4,19.2
Guntur_Andhra_Pradesh,Guntur,Andhra Pradesh,2023,7,274.1,38.6,23.9,78.7,22.6
Guntur_Andhra_Pradesh,Guntur,Andhra Pradesh,2023,8,279.3,36.3,24.9,76.4,19.4
Guntur_Andhra_Pradesh,Guntur,Andhra Pradesh,2023,9,291.1,35.7,21.8,75.0,22.5
Guntur_Andhra_Pradesh,Guntur,Andhra Pradesh,2023,10,90.7,34.8,23.7,69.3,20.1
Guntur_Andhra_Pradesh,Guntur,Andhra Pradesh,2023,11,101.0,34.7,23.9,65.2,21.7
Guntur_Andhra_Pradesh,Guntur,Andhra Pradesh,2023,12,12.4,34.7,23.9,79.1,22.7
Guntur_Andhra_Pradesh,Guntur,Andhra Pradesh,2023,1,4.7,34.7,22.1,72.3,19.9
Guntur_Andhra_Pradesh,Guntur,Andhra Pradesh,2023,2,0.0,36.5,23.9,69.1,19.1
Guntur_Andhra_Pradesh,Guntur,Andhra Pradesh,2023,3,43.9,36.0,22.8,64.6,21.9
Guntur_Andhra_Pradesh,Guntur,Andhra Pradesh,2023,4,30.4,33.7,22.5,77.4,22.5
Guntur_Andhra_Pradesh,Guntur,Andhra Pradesh,2023,5,54.2,33.7,23.4,74.7,19.8
Guntur_Andhra_Pradesh,Guntur,Andhra Pradesh,2023,6,307.3,34.9,23.5,74.2,21.8
Guntur_Andhra_Pradesh,Guntur,Andhra Pradesh,2023,7,218.3,36.2,22.9,79.7,22.0
Guntur_Andhra_Pradesh,Guntur,Andhra Pradesh,2023,8,215.5,33.6,21.1,70.5,23.0
Guntur_Andhra_Pradesh,Guntur,Andhra Pradesh,2023,9,220.6,34.0,23.9,72.1,21.7
Guntur_Andhra_Pradesh,Guntur,Andhra Pradesh,2023,10,112.0,39.0,23.7,71.9,22.7
Guntur_Andhra_Pradesh,Guntur,Andhra Pradesh,2023,11,100.1,38.3,21.2,71.2,19.8
Guntur_Andhra_Pradesh,Guntur,Andhra Pradesh,2023,12,26.2,34.8,22.8,68.5,20.5
Krishna_Andhra_Pradesh,Krishna,Andhra Pradesh,2023,1,6.0,35.6,21.8,68.9,20.9
Krishna_Andhra_Pradesh,Krishna,Andhra Pradesh,2023,2,21.0,36.7,22.2,69.2,17.6
Krishna_Andhra_Pradesh,Krishna,Andhra Pradesh,2023,3,59.8,36.7,24.7,78.1,17.6
Krishna_Andhra_Pradesh,Krishna,Andhra Pradesh,2023,4,48.8,33.3,21.3,78.3,18.6
Krishna_Andhra_Pradesh,Krishna,Andhra Pradesh,2023,5,69.3,32.5,24.8,71.1,18.3
Krishna_Andhra_Pradesh,Krishna,Andhra Pradesh,2023,6,257.4,35.0,21.5,73.4,18.4
Krishna_Andhra_Pradesh,Krishna,Andhra Pradesh,2023,7,349.3,32.9,22.5,73.0,17.6
Krishna_Andhra_Pradesh,Krishna,Andhra Pradesh,2023,8,349.7,33.1,22.5,68.7,19.5
Krishna_Andhra_Pradesh,Krishna,Andhra Pradesh,2023,9,248.0,36.7,22.6,76.3,20.6
Krishna_Andhra_Pradesh,Krishna,Andhra Pradesh,2023,10,123.9,34.3,24.4,77.3,19.6
Krishna_Andhra_Pradesh,Krishna,Andhra Pradesh,2023,11,173.5,37.5,21.4,75.7,20.0
Krishna_Andhra_Pradesh,Krishna,Andhra Pradesh,2023,12,31.5,33.0,24.2,78.5,17.3
Krishna_Andhra_Pradesh,Krishna,Andhra Pradesh,2023,1,26.9,36.0,24.3,70.4,17.5
Krishna_Andhra_Pradesh,Krishna,Andhra Pradesh,2023,2,15.9,37.8,24.4,75.0,20.9
Krishna_Andhra_Pradesh,Krishna,Andhra Pradesh,2023,3,21.2,35.8,22.4,81.9,17.3
Krishna_Andhra_Pradesh,Krishna,Andhra Pradesh,2023,4,51.5,35.9,22.0,72.8,20.4
Krishna_Andhra_Pradesh,Krishna,Andhra Pradesh,2023,5,46.2,35.4,24.0,78.4,17.8
Krishna_Andhra_Pradesh,Krishna,Andhra Pradesh,2023,6,317.8,34.6,24.9,74.2,17.6
Krishna_Andhra_Pradesh,Krishna,Andhra Pradesh,2023,7,291.3,33.9,24.5,81.1,18.4
Krishna_Andhra_Pradesh,Krishna,Andhra Pradesh,2023,8,231.2,33.9,24.1,74.1,18.9
Krishna_Andhra_Pradesh,Krishna,Andhra Pradesh,2023,9,333.3,34.7,22.5,72.9,19.1
Krishna_Andhra_Pradesh,Krishna,Andhra Pradesh,2023,10,148.4,35.1,23.7,71.3,18.1
Krishna_Andhra_Pradesh,Krishna,Andhra Pradesh,2023,11,171.2,35.5,23.6,67.5,19.5
Krishna_Andhra_Pradesh,Krishna,Andhra Pradesh,2023,12,22.9,34.2,21.3,70.1,20.8
Krishna_Andhra_Pradesh,Krishna,Andhra Pradesh,2023,1,10.8,36.5,21.7,70.0,18.8
Krishna_Andhra_Pradesh,Krishna,Andhra Pradesh,2023,2,5.4,35.9,23.6,80.2,18.7
Krishna_Andhra_Pradesh,Krishna,Andhra Pradesh,2023,3,19.0,37.9,23.4,78.4,17.0
Krishna_Andhra_Pradesh,Krishna,Andhra Pradesh,2023,4,28.1,35.4,24.7,82.5,19.2
Krishna_Andhra_Pradesh,Krishna,Andhra Pradesh,2023,5,61.9,36.0,21.3,74.5,18.0
Krishna_Andhra_Pradesh,Krishna,Andhra Pradesh,2023,6,284.9,35.5,22.4,69.6,19.0
Krishna_Andhra_Pradesh,Krishna,Andhra Pradesh,2023,7,353.3,34.0,24.7,81.6,17.8
Krishna_Andhra_Pradesh,Krishna,Andhra Pradesh,2023,8,224.6,37.0,24.9,81.2,19.4
Krishna_Andhra_Pradesh,Krishna,Andhra Pradesh,2023,9,277.8,33.5,22.8,77.1,19.2
Krishna_Andhra_Pradesh,Krishna,Andhra Pradesh,2023,10,140.7,35.4,21.4,73.6,20.0
Krishna_Andhra_Pradesh,Krishna,Andhra Pradesh,2023,11,165.9,33.7,23.0,72.3,18.8
Krishna_Andhra_Pradesh,Krishna,Andhra Pradesh,2023,12,37.1,37.3,21.8,81.0,17.2
Krishna_Andhra_Pradesh,Krishna,Andhra Pradesh,2023,1,3.6,37.1,22.6,70.2,18.7
Krishna_Andhra_Pradesh,Krishna,Andhra Pradesh,2023,2,34.6,36.6,23.0,82.8,18.9
Krishna_Andhra_Pradesh,Krishna,Andhra Pradesh,2023,3,17.9,34.6,21.6,82.2,20.1
Krishna_Andhra_Pradesh,Krishna,Andhra Pradesh,2023,4,39.8,36.3,24.8,81.1,19.1
Krishna_Andhra_Pradesh,Krishna,Andhra Pradesh,2023,5,59.8,35.3,21.5,69.0,19.1
Krishna_Andhra_Pradesh,Krishna,Andhra Pradesh,2023,6,234.0,36.3,21.1,76.5,19.2
Krishna_Andhra_Pradesh,Krishna,Andhra Pradesh,2023,7,369.2,32.4,23.2,80.5,21.0
Krishna_Andhra_Pradesh,Krishna,Andhra Pradesh,2023,8,272.9,37.4,21.8,76.8,18.6
Krishna_Andhra_Pradesh,Krishna,Andhra Pradesh,2023,9,209.1,33.6,23.7,82.2,18.1
Krishna_Andhra_Pradesh,Krishna,Andhra Pradesh,2023,10,136.3,35.2,21.3,81.9,20.1
Krishna_Andhra_Pradesh,Krishna,Andhra Pradesh,2023,11,156.8,35.9,24.9,78.4,20.7
Krishna_Andhra_Pradesh,Krishna,Andhra Pradesh,2023,12,5.9,35.2,21.5,76.5,18.9
Krishna_Andhra_Pradesh,Krishna,Andhra Pradesh,2023,1,14.9,36.3,23.4,71.8,18.6
Krishna_Andhra_Pradesh,Krishna,Andhra Pradesh,2023,2,32.4,32.8,22.5,67.4,17.9
Krishna_Andhra_Pradesh,Krishna,Andhra Pradesh,2023,3,45.6,32.5,22.9,67.2,17.3
Krishna_Andhra_Pradesh,Krishna,Andhra Pradesh,2023,4,69.5,37.5,24.4,77.9,17.2
Krishna_Andhra_Pradesh,Krishna,Andhra Pradesh,2023,5,71.4,36.8,23.0,70.7,20.4
Krishna_Andhra_Pradesh,Krishna,Andhra Pradesh,2023,6,348.8,32.9,21.9,70.4,20.2
Krishna_Andhra_Pradesh,Krishna,Andhra Pradesh,2023,7,222.2,38.0,21.1,80.4,18.5
Krishna_Andhra_Pradesh,Krishna,Andhra Pradesh,2023,8,350.8,37.4,24.7,67.1,17.3
Krishna_Andhra_Pradesh,Krishna,Andhra Pradesh,2023,9,256.8,37.3,22.8,76.7,17.8
Krishna_Andhra_Pradesh,Krishna,Andhra Pradesh,2023,10,172.4,33.6,23.0,68.4,19.2
Krishna_Andhra_Pradesh,Krishna,Andhra Pradesh,2023,11,119.3,34.7,22.3,75.3,19.3
Krishna_Andhra_Pradesh,Krishna,Andhra Pradesh,2023,12,19.0,36.3,22.5,67.8,20.0
Kurnool_Andhra_Pradesh,Kurnool,Andhra Pradesh,2023,1,1.6,39.2,23.2,56.2,22.7
Kurnool_Andhra_Pradesh,Kurnool,Andhra Pradesh,2023,2,0.0,35.5,24.5,51.2,23.8
Kurnool_Andhra_Pradesh,Kurnool,Andhra Pradesh,2023,3,28.8,37.2,23.3,64.1,24.8
Kurnool_Andhra_Pradesh,Kurnool,Andhra Pradesh,2023,4,17.0,39.0,22.6,57.5,21.2
Kurnool_Andhra_Pradesh,Kurnool,Andhra Pradesh,2023,5,31.4,37.7,22.2,56.1,24.4
Kurnool_Andhra_Pradesh,Kurnool,Andhra Pradesh,2023,6,190.8,35.7,22.0,64.7,23.3
Kurnool_Andhra_Pradesh,Kurnool,Andhra Pradesh,2023,7,182.2,37.2,24.2,58.4,21.5
Kurnool_Andhra_Pradesh,Kurnool,Andhra Pradesh,2023,8,139.4,40.6,22.2,63.9,24.1
Kurnool_Andhra_Pradesh,Kurnool,Andhra Pradesh,2023,9,131.2,35.6,23.9,53.2,22.5
Kurnool_Andhra_Pradesh,Kurnool,Andhra Pradesh,2023,10,89.1,35.7,22.6,57.8,23.2
Kurnool_Andhra_Pradesh,Kurnool,Andhra Pradesh,2023,11,79.6,39.8,23.8,58.9,23.8
Kurnool_Andhra_Pradesh,Kurnool,Andhra Pradesh,2023,12,0.0,39.0,23.1,60.2,22.4
Kurnool_Andhra_Pradesh,Kurnool,Andhra Pradesh,2023,1,21.9,35.5,23.0,54.2,23.9
Kurnool_Andhra_Pradesh,Kurnool,Andhra Pradesh,2023,2,23.5,37.6,21.8,57.0,22.6
Kurnool_Andhra_Pradesh,Kurnool,Andhra Pradesh,2023,3,29.1,38.1,21.6,51.0,23.9
Kurnool_Andhra_Pradesh,Kurnool,Andhra Pradesh,2023,4,23.4,39.9,22.6,62.7,22.2
Kurnool_Andhra_Pradesh,Kurnool,Andhra Pradesh,2023,5,34.1,37.4,24.2,54.5,23.6
Kurnool_Andhra_Pradesh,Kurnool,Andhra Pradesh,2023,6,194.0,40.0,23.3,59.7,23.1
Kurnool_Andhra_Pradesh,Kurnool,Andhra Pradesh,2023,7,194.2,36.6,24.5,62.0,21.1
Kurnool_Andhra_Pradesh,Kurnool,Andhra Pradesh,2023,8,177.9,37.4,22.2,60.9,21.8
Kurnool_Andhra_Pradesh,Kurnool,Andhra Pradesh,2023,9,217.0,37.5,22.1,54.5,22.9
Kurnool_Andhra_Pradesh,Kurnool,Andhra Pradesh,2023,10,83.1,38.7,22.5,54.9,21.1
Kurnool_Andhra_Pradesh,Kurnool,Andhra Pradesh,2023,11,49.2,37.4,24.4,62.8,22.1
Kurnool_Andhra_Pradesh,Kurnool,Andhra Pradesh,2023,12,0.0,37.0,23.0,57.0,21.9
Kurnool_Andhra_Pradesh,Kurnool,Andhra Pradesh,2023,1,15.7,40.3,24.6,61.9,21.1
Kurnool_Andhra_Pradesh,Kurnool,Andhra Pradesh,2023,2,25.1,35.1,23.2,63.7,22.9
Kurnool_Andhra_Pradesh,Kurnool,Andhra Pradesh,2023,3,0.0,37.5,21.6,60.6,23.8
Kurnool_Andhra_Pradesh,Kurnool,Andhra Pradesh,2023,4,35.0,37.7,21.6,62.2,24.2
Kurnool_Andhra_Pradesh,Kurnool,Andhra Pradesh,2023,5,45.1,39.4,24.5,56.9,24.0
Kurnool_Andhra_Pradesh,Kurnool,Andhra Pradesh,2023,6,234.0,35.7,23.1,59.4,21.7
Kurnool_Andhra_Pradesh,Kurnool,Andhra Pradesh,2023,7,208.3,36.1,24.7,57.4,21.3
Kurnool_Andhra_Pradesh,Kurnool,Andhra Pradesh,2023,8,188.9,35.4,24.9,58.7,23.2
Kurnool_Andhra_Pradesh,Kurnool,Andhra Pradesh,2023,9,181.4,36.6,22.1,58.2,24.2
Kurnool_Andhra_Pradesh,Kurnool,Andhra Pradesh,2023,10,66.1,39.8,21.6,50.2,22.3
Kurnool_Andhra_Pradesh,Kurnool,Andhra Pradesh,2023,11,69.1,37.6,23.2,59.6,22.1
Kurnool_Andhra_Pradesh,Kurnool,Andhra Pradesh,2023,12,22.1,40.6,24.4,59.0,22.6
Kurnool_Andhra_Pradesh,Kurnool,Andhra Pradesh,2023,1,27.7,36.9,21.4,58.4,21.2
Kurnool_Andhra_Pradesh,Kurnool,Andhra Pradesh,2023,2,0.0,37.8,22.7,62.8,24.0
Kurnool_Andhra_Pradesh,Kurnool,Andhra Pradesh,2023,3,19.0,36.9,24.1,50.8,21.1
Kurnool_Andhra_Pradesh,Kurnool,Andhra Pradesh,2023,4,34.0,35.8,21.9,64.9,24.4
Kurnool_Andhra_Pradesh,Kurnool,Andhra Pradesh,2023,5,32.0,38.1,24.9,65.5,21.9
Kurnool_Andhra_Pradesh,Kurnool,Andhra Pradesh,2023,6,194.0,36.3,23.7,56.5,24.7
Kurnool_Andhra_Pradesh,Kurnool,Andhra Pradesh,2023,7,134.4,40.5,24.6,52.5,22.5
Kurnool_Andhra_Pradesh,Kurnool,Andhra Pradesh,2023,8,173.3,40.8,24.7,52.7,21.5
Kurnool_Andhra_Pradesh,Kurnool,Andhra Pradesh,2023,9,149.9,36.2,22.7,57.2,23.4
Kurnool_Andhra_Pradesh,Kurnool,Andhra Pradesh,2023,10,51.9,40.6,24.6,62.5,21.1
Kurnool_Andhra_Pradesh,Kurnool,Andhra Pradesh,2023,11,78.2,36.7,24.6,60.1,21.3
Kurnool_Andhra_Pradesh,Kurnool,Andhra Pradesh,2023,12,36.9,35.5,23.1,54.9,22.6
Kurnool_Andhra_Pradesh,Kurnool,Andhra Pradesh,2023,1,9.4,37.0,22.1,57.7,21.7
Kurnool_Andhra_Pradesh,Kurnool,Andhra Pradesh,2023,2,20.5,35.2,21.0,51.2,23.1
Kurnool_Andhra_Pradesh,Kurnool,Andhra Pradesh,2023,3,16.6,40.6,21.4,63.5,22.9
Kurnool_Andhra_Pradesh,Kurnool,Andhra Pradesh,2023,4,31.9,37.9,24.3,62.1,22.9
Kurnool_Andhra_Pradesh,Kurnool,Andhra Pradesh,2023,5,2.4,39.8,23.1,57.7,23.7
Kurnool_Andhra_Pradesh,Kurnool,Andhra Pradesh,2023,6,216.0,39.6,24.1,55.7,22.1
Kurnool_Andhra_Pradesh,Kurnool,Andhra Pradesh,2023,7,200.2,40.4,21.3,50.9,24.7
Kurnool_Andhra_Pradesh,Kurnool,Andhra Pradesh,2023,8,185.0,39.5,23.7,58.5,21.4
Kurnool_Andhra_Pradesh,Kurnool,Andhra Pradesh,2023,9,220.9,36.0,24.4,64.0,23.2
Kurnool_Andhra_Pradesh,Kurnool,Andhra Pradesh,2023,10,81.5,36.7,23.9,63.8,23.6
Kurnool_Andhra_Pradesh,Kurnool,Andhra Pradesh,2023,11,66.8,35.3,22.8,50.8,23.3
Kurnool_Andhra_Pradesh,Kurnool,Andhra Pradesh,2023,12,21.0,36.8,23.4,58.6,21.0
Anantapur_Andhra_Pradesh,Anantapur,Andhra Pradesh,2023,1,29.6,37.5,24.6,45.5,23.9
Anantapur_Andhra_Pradesh,Anantapur,Andhra Pradesh,2023,2,22.4,38.5,22.2,50.0,24.0
Anantapur_Andhra_Pradesh,Anantapur,Andhra Pradesh,2023,3,39.8,41.6,24.5,50.7,24.8
Anantapur_Andhra_Pradesh,Anantapur,Andhra Pradesh,2023,4,48.5,38.5,21.4,45.2,24.3
Anantapur_Andhra_Pradesh,Anantapur,Andhra Pradesh,2023,5,42.5,37.8,21.7,50.1,23.4
Anantapur_Andhra_Pradesh,Anantapur,Andhra Pradesh,2023,6,133.6,39.1,23.9,49.6,23.3
Anantapur_Andhra_Pradesh,Anantapur,Andhra Pradesh,2023,7,173.0,36.2,24.2,49.9,25.4
Anantapur_Andhra_Pradesh,Anantapur,Andhra Pradesh,2023,8,182.1,40.2,21.6,58.3,23.6
Anantapur_Andhra_Pradesh,Anantapur,Andhra Pradesh,2023,9,164.6,40.9,21.9,54.6,23.6
Anantapur_Andhra_Pradesh,Anantapur,Andhra Pradesh,2023,10,76.1,38.3,22.4,57.4,22.4
Anantapur_Andhra_Pradesh,Anantapur,Andhra Pradesh,2023,11,69.7,36.1,21.7,53.7,24.8
Anantapur_Andhra_Pradesh,Anantapur,Andhra Pradesh,2023,12,0.0,41.4,21.3,58.3,22.9
Anantapur_Andhra_Pradesh,Anantapur,Andhra Pradesh,2023,1,0.0,41.9,22.5,46.4,24.7
Anantapur_Andhra_Pradesh,Anantapur,Andhra Pradesh,2023,2,11.9,39.5,22.8,57.4,23.1
Anantapur_Andhra_Pradesh,Anantapur,Andhra Pradesh,2023,3,25.5,40.0,24.1,50.3,24.6
Anantapur_Andhra_Pradesh,Anantapur,Andhra Pradesh,2023,4,34.5,38.3,23.9,44.3,22.8
Anantapur_Andhra_Pradesh,Anantapur,Andhra Pradesh,2023,5,40.0,39.2,24.7,51.7,24.0
Anantapur_Andhra_Pradesh,Anantapur,Andhra Pradesh,2023,6,137.7,37.5,24.6,58.6,25.8
Anantapur_Andhra_Pradesh,Anantapur,Andhra Pradesh,2023,7,169.4,40.7,21.5,53.6,22.1
Anantapur_Andhra_Pradesh,Anantapur,Andhra Pradesh,2023,8,146.4,37.1,22.5,50.9,24.5
Anantapur_Andhra_Pradesh,Anantapur,Andhra Pradesh,2023,9,121.6,37.1,23.3,54.2,24.2
Anantapur_Andhra_Pradesh,Anantapur,Andhra Pradesh,2023,10,75.5,40.6,22.7,51.7,24.6
Anantapur_Andhra_Pradesh,Anantapur,Andhra Pradesh,2023,11,61.8,39.7,22.2,45.4,22.4
Anantapur_Andhra_Pradesh,Anantapur,Andhra Pradesh,2023,12,24.8,36.8,22.4,53.5,25.3
Anantapur_Andhra_Pradesh,Anantapur,Andhra Pradesh,2023,1,22.3,37.6,21.3,44.5,23.0
Anantapur_Andhra_Pradesh,Anantapur,Andhra Pradesh,2023,2,13.3,40.3,24.7,50.5,22.8
Anantapur_Andhra_Pradesh,Anantapur,Andhra Pradesh,2023,3,41.9,40.8,21.3,55.1,24.3
Anantapur_Andhra_Pradesh,Anantapur,Andhra Pradesh,2023,4,19.4,39.2,24.5,50.6,23.9
Anantapur_Andhra_Pradesh,Anantapur,Andhra Pradesh,2023,5,6.5,37.9,24.8,48.5,23.8
Anantapur_Andhra_Pradesh,Anantapur,Andhra Pradesh,2023,6,162.6,38.9,24.0,57.9,24.5
Anantapur_Andhra_Pradesh,Anantapur,Andhra Pradesh,2023,7,161.0,41.7,21.5,56.4,23.1
Anantapur_Andhra_Pradesh,Anantapur,Andhra Pradesh,2023,8,209.0,40.5,21.9,51.1,24.5
Anantapur_Andhra_Pradesh,Anantapur,Andhra Pradesh,2023,9,169.3,41.8,24.6,48.3,25.3
Anantapur_Andhra_Pradesh,Anantapur,Andhra Pradesh,2023,10,72.5,37.9,23.3,55.7,23.6
Anantapur_Andhra_Pradesh,Anantapur,Andhra Pradesh,2023,11,86.0,40.3,21.2,57.8,23.8
Anantapur_Andhra_Pradesh,Anantapur,Andhra Pradesh,2023,12,0.0,38.9,24.5,50.1,25.0
Anantapur_Andhra_Pradesh,Anantapur,Andhra Pradesh,2023,1,0.8,38.5,24.1,56.3,22.9
Anantapur_Andhra_Pradesh,Anantapur,Andhra Pradesh,2023,2,21.0,38.3,23.0,53.7,24.2
Anantapur_Andhra_Pradesh,Anantapur,Andhra Pradesh,2023,3,25.1,37.1,24.3,52.7,22.5
Anantapur_Andhra_Pradesh,Anantapur,Andhra Pradesh,2023,4,48.6,41.7,22.5,46.2,24.1
Anantapur_Andhra_Pradesh,Anantapur,Andhra Pradesh,2023,5,33.7,37.1,22.0,50.5,23.5
Anantapur_Andhra_Pradesh,Anantapur,Andhra Pradesh,2023,6,185.7,37.0,22.1,52.1,22.6
Anantapur_Andhra_Pradesh,Anantapur,Andhra Pradesh,2023,7,173.3,40.3,24.8,58.6,25.8
Anantapur_Andhra_Pradesh,Anantapur,Andhra Pradesh,2023,8,122.3,37.8,24.6,59.6,25.4
Anantapur_Andhra_Pradesh,Anantapur,Andhra Pradesh,2023,9,142.6,38.5,21.0,51.1,22.2
Anantapur_Andhra_Pradesh,Anantapur,Andhra Pradesh,2023,10,68.5,38.8,23.5,57.9,24.6
Anantapur_Andhra_Pradesh,Anantapur,Andhra Pradesh,2023,11,83.7,41.4,21.5,52.5,23.1
Anantapur_Andhra_Pradesh,Anantapur,Andhra Pradesh,2023,12,12.0,41.2,21.7,57.0,25.4
Anantapur_Andhra_Pradesh,Anantapur,Andhra Pradesh,2023,1,0.0,40.3,22.8,48.1,22.8
Anantapur_Andhra_Pradesh,Anantapur,Andhra Pradesh,2023,2,0.0,40.8,21.3,47.1,23.5
Anantapur_Andhra_Pradesh,Anantapur,Andhra Pradesh,2023,3,19.1,37.9,24.9,54.3,22.1
Anantapur_Andhra_Pradesh,Anantapur,Andhra Pradesh,2023,4,38.6,37.8,21.4,56.1,24.4
Anantapur_Andhra_Pradesh,Anantapur,Andhra Pradesh,2023,5,9.0,36.8,23.5,47.3,24.0
Anantapur_Andhra_Pradesh,Anantapur,Andhra Pradesh,2023,6,155.9,41.7,24.4,55.6,22.3
Anantapur_Andhra_Pradesh,Anantapur,Andhra Pradesh,2023,7,124.0,37.0,24.9,46.5,23.9
Anantapur_Andhra_Pradesh,Anantapur,Andhra Pradesh,2023,8,153.5,36.8,22.7,48.4,25.6
Anantapur_Andhra_Pradesh,Anantapur,Andhra Pradesh,2023,9,134.9,41.0,22.2,56.6,22.1
Anantapur_Andhra_Pradesh,Anantapur,Andhra Pradesh,2023,10,91.5,37.8,22.5,45.1,26.0
Anantapur_Andhra_Pradesh,Anantapur,Andhra Pradesh,2023,11,62.6,38.7,24.8,47.9,24.1
Anantapur_Andhra_Pradesh,Anantapur,Andhra Pradesh,2023,12,19.3,36.4,21.8,47.4,25.0
Nellore_Andhra_Pradesh,Nellore,Andhra Pradesh,2023,1,46.2,33.2,25.8,70.3,20.0
Nellore_Andhra_Pradesh,Nellore,Andhra Pradesh,2023,2,24.5,34.5,22.5,70.0,20.5
Nellore_Andhra_Pradesh,Nellore,Andhra Pradesh,2023,3,66.9,35.3,24.6,68.2,18.6
Nellore_Andhra_Pradesh,Nellore,Andhra Pradesh,2023,4,52.4,36.1,22.7,79.5,20.8
Nellore_Andhra_Pradesh,Nellore,Andhra Pradesh,2023,5,27.3,35.9,23.6,71.1,20.9
Nellore_Andhra_Pradesh,Nellore,Andhra Pradesh,2023,6,260.0,35.1,22.4,79.1,20.1
Nellore_Andhra_Pradesh,Nellore,Andhra Pradesh,2023,7,267.8,33.8,23.1,70.6,19.5
Nellore_Andhra_Pradesh,Nellore,Andhra Pradesh,2023,8,270.0,36.1,24.0,80.4,21.4
Nellore_Andhra_Pradesh,Nellore,Andhra Pradesh,2023,9,325.0,33.7,25.6,68.4,19.4
Nellore_Andhra_Pradesh,Nellore,Andhra Pradesh,2023,10,138.7,33.1,24.4,77.0,21.0
Nellore_Andhra_Pradesh,Nellore,Andhra Pradesh,2023,11,147.0,32.1,24.8,72.8,20.5
Nellore_Andhra_Pradesh,Nellore,Andhra Pradesh,2023,12,11.5,35.0,24.3,76.2,20.0
Nellore_Andhra_Pradesh,Nellore,Andhra Pradesh,2023,1,14.5,36.1,25.5,72.8,18.8
Nellore_Andhra_Pradesh,Nellore,Andhra Pradesh,2023,2,16.4,34.7,22.8,78.5,18.6
Nellore_Andhra_Pradesh,Nellore,Andhra Pradesh,2023,3,51.6,36.4,22.2,82.2,20.8
Nellore_Andhra_Pradesh,Nellore,Andhra Pradesh,2023,4,23.0,34.6,25.3,81.5,20.1
Nellore_Andhra_Pradesh,Nellore,Andhra Pradesh,2023,5,44.1,32.2,25.6,80.4,19.8
Nellore_Andhra_Pradesh,Nellore,Andhra Pradesh,2023,6,368.9,36.6,25.4,80.2,18.7
Nellore_Andhra_Pradesh,Nellore,Andhra Pradesh,2023,7,352.4,37.4,23.8,78.8,20.0
Nellore_Andhra_Pradesh,Nellore,Andhra Pradesh,2023,8,226.8,37.9,25.8,73.1,22.0
Nellore_Andhra_Pradesh,Nellore,Andhra Pradesh,2023,9,371.2,32.2,25.6,76.9,21.5
Nellore_Andhra_Pradesh,Nellore,Andhra Pradesh,2023,10,176.7,36.2,23.2,73.4,19.2
Nellore_Andhra_Pradesh,Nellore,Andhra Pradesh,2023,11,109.7,36.2,25.4,70.2,20.2
Nellore_Andhra_Pradesh,Nellore,Andhra Pradesh,2023,12,0.0,32.3,24.9,69.3,20.9
Nellore_Andhra_Pradesh,Nellore,Andhra Pradesh,2023,1,14.3,34.4,23.3,77.1,21.4
Nellore_Andhra_Pradesh,Nellore,Andhra Pradesh,2023,2,0.0,37.1,22.9,78.7,20.2
Nellore_Andhra_Pradesh,Nellore,Andhra Pradesh,2023,3,47.7,32.8,24.2,83.1,19.7
Nellore_Andhra_Pradesh,Nellore,Andhra Pradesh,2023,4,44.8,37.6,25.3,83.9,18.1
Nellore_Andhra_Pradesh,Nellore,Andhra Pradesh,2023,5,35.6,36.9,23.1,71.8,21.1
Nellore_Andhra_Pradesh,Nellore,Andhra Pradesh,2023,6,223.4,35.0,24.2,79.7,19.4
Nellore_Andhra_Pradesh,Nellore,Andhra Pradesh,2023,7,329.4,35.3,24.6,72.2,18.3
Nellore_Andhra_Pradesh,Nellore,Andhra Pradesh,2023,8,228.6,35.0,25.4,79.2,21.2
Nellore_Andhra_Pradesh,Nellore,Andhra Pradesh,2023,9,276.4,34.4,22.8,69.0,20.4
Nellore_Andhra_Pradesh,Nellore,Andhra Pradesh,2023,10,160.9,32.3,25.1,72.0,21.3
Nellore_Andhra_Pradesh,Nellore,Andhra Pradesh,2023,11,172.1,34.5,24.6,75.4,20.5
Nellore_Andhra_Pradesh,Nellore,Andhra Pradesh,2023,12,8.1,35.0,24.1,81.0,20.9
Nellore_Andhra_Pradesh,Nellore,Andhra Pradesh,2023,1,15.1,36.9,22.2,73.9,20.2
Nellore_Andhra_Pradesh,Nellore,Andhra Pradesh,2023,2,22.5,32.1,22.7,77.3,20.9
Nellore_Andhra_Pradesh,Nellore,Andhra Pradesh,2023,3,74.6,36.0,23.6,68.0,18.5
Nellore_Andhra_Pradesh,Nellore,Andhra Pradesh,2023,4,56.6,34.5,24.9,76.3,18.3
Nellore_Andhra_Pradesh,Nellore,Andhra Pradesh,2023,5,48.3,36.3,25.6,69.9,22.0
Nellore_Andhra_Pradesh,Nellore,Andhra Pradesh,2023,6,235.9,38.0,23.1,78.7,18.7
Nellore_Andhra_Pradesh,Nellore,Andhra Pradesh,2023,7,336.5,33.9,24.7,71.0,20.5
Nellore_Andhra_Pradesh,Nellore,Andhra Pradesh,2023,8,266.1,33.9,22.7,82.4,19.6
Nellore_Andhra_Pradesh,Nellore,Andhra Pradesh,2023,9,259.6,33.9,25.0,83.5,19.8
Nellore_Andhra_Pradesh,Nellore,Andhra Pradesh,2023,10,167.9,32.9,24.8,76.2,20.6
Nellore_Andhra_Pradesh,Nellore,Andhra Pradesh,2023,11,164.9,37.4,25.0,75.8,20.4
Nellore_Andhra_Pradesh,Nellore,Andhra Pradesh,2023,12,36.6,36.0,22.2,73.2,20.5
Nellore_Andhra_Pradesh,Nellore,Andhra Pradesh,2023,1,2.2,36.1,24.1,71.2,19.3
Nellore_Andhra_Pradesh,Nellore,Andhra Pradesh,2023,2,7.2,32.9,22.3,81.0,21.0
Nellore_Andhra_Pradesh,Nellore,Andhra Pradesh,2023,3,67.9,36.0,23.9,78.3,18.2
Nellore_Andhra_Pradesh,Nellore,Andhra Pradesh,2023,4,64.6,35.0,23.4,72.4,20.6
Nellore_Andhra_Pradesh,Nellore,Andhra Pradesh,2023,5,71.4,34.1,25.1,77.0,21.5
Nellore_Andhra_Pradesh,Nellore,Andhra Pradesh,2023,6,311.8,35.5,25.0,83.4,18.3
Nellore_Andhra_Pradesh,Nellore,Andhra Pradesh,2023,7,245.6,35.2,24.5,75.7,18.4
Nellore_Andhra_Pradesh,Nellore,Andhra Pradesh,2023,8,363.1,33.9,23.2,81.4,18.3
Nellore_Andhra_Pradesh,Nellore,Andhra Pradesh,2023,9,363.2,35.6,25.7,78.8,19.7
Nellore_Andhra_Pradesh,Nellore,Andhra Pradesh,2023,10,147.0,33.7,26.0,80.0,20.6
Nellore_Andhra_Pradesh,Nellore,Andhra Pradesh,2023,11,111.8,32.2,24.2,80.2,20.1
Nellore_Andhra_Pradesh,Nellore,Andhra Pradesh,2023,12,12.2,34.2,22.9,75.2,18.3
Mysuru_Karnataka,Mysuru,Karnataka,2023,1,35.0,30.0,20.0,74.4,17.6
Mysuru_Karnataka,Mysuru,Karnataka,2023,2,5.6,35.6,19.2,68.4,17.6
Mysuru_Karnataka,Mysuru,Karnataka,2023,3,32.4,30.5,19.5,74.6,17.8
Mysuru_Karnataka,Mysuru,Karnataka,2023,4,25.3,33.6,17.7,71.8,18.2
Mysuru_Karnataka,Mysuru,Karnataka,2023,5,39.4,31.0,20.0,64.8,19.6
Mysuru_Karnataka,Mysuru,Karnataka,2023,6,195.3,30.8,18.7,64.0,20.0
Mysuru_Karnataka,Mysuru,Karnataka,2023,7,216.9,35.4,17.8,69.8,17.4
Mysuru_Karnataka,Mysuru,Karnataka,2023,8,227.4,34.0,19.5,64.5,18.5
Mysuru_Karnataka,Mysuru,Karnataka,2023,9,189.2,33.0,19.8,64.0,18.3
Mysuru_Karnataka,Mysuru,Karnataka,2023,10,78.9,32.0,20.2,74.4,19.1
Mysuru_Karnataka,Mysuru,Karnataka,2023,11,85.5,35.3,17.1,75.1,19.0
Mysuru_Karnataka,Mysuru,Karnataka,2023,12,30.5,30.1,19.3,68.8,17.9
Mysuru_Karnataka,Mysuru,Karnataka,2023,1,31.0,31.1,18.1,72.8,18.8
Mysuru_Karnataka,Mysuru,Karnataka,2023,2,12.8,32.3,21.0,64.0,19.0
Mysuru_Karnataka,Mysuru,Karnataka,2023,3,37.7,32.5,19.5,67.7,18.8
Mysuru_Karnataka,Mysuru,Karnataka,2023,4,35.5,33.7,19.6,61.1,19.5
Mysuru_Karnataka,Mysuru,Karnataka,2023,5,53.4,34.3,19.2,73.7,20.7
Mysuru_Karnataka,Mysuru,Karnataka,2023,6,188.7,32.4,18.6,62.0,20.3
Mysuru_Karnataka,Mysuru,Karnataka,2023,7,172.6,34.0,17.8,74.5,20.4
Mysuru_Karnataka,Mysuru,Karnataka,2023,8,225.9,31.4,19.9,62.1,19.7
Mysuru_Karnataka,Mysuru,Karnataka,2023,9,268.1,35.2,17.1,74.6,17.5
Mysuru_Karnataka,Mysuru,Karnataka,2023,10,104.4,35.0,19.0,62.2,19.3
Mysuru_Karnataka,Mysuru,Karnataka,2023,11,108.2,35.3,18.6,64.6,17.1
Mysuru_Karnataka,Mysuru,Karnataka,2023,12,14.3,32.2,17.7,66.9,20.9
Mysuru_Karnataka,Mysuru,Karnataka,2023,1,25.9,33.3,19.6,66.2,19.6
Mysuru_Karnataka,Mysuru,Karnataka,2023,2,0.0,32.7,19.2,74.2,17.4
Mysuru_Karnataka,Mysuru,Karnataka,2023,3,35.8,32.4,18.3,66.4,17.6
Mysuru_Karnataka,Mysuru,Karnataka,2023,4,48.9,32.6,19.0,73.6,19.8
Mysuru_Karnataka,Mysuru,Karnataka,2023,5,26.7,35.3,19.3,63.5,18.1
Mysuru_Karnataka,Mysuru,Karnataka,2023,6,255.5,36.0,17.5,72.7,18.6
Mysuru_Karnataka,Mysuru,Karnataka,2023,7,247.5,32.5,19.1,60.8,17.0
Mysuru_Karnataka,Mysuru,Karnataka,2023,8,206.5,30.7,17.5,66.6,19.6
Mysuru_Karnataka,Mysuru,Karnataka,2023,9,248.7,30.5,20.8,64.2,20.4
Mysuru_Karnataka,Mysuru,Karnataka,2023,10,137.0,31.0,20.3,72.3,19.4
Mysuru_Karnataka,Mysuru,Karnataka,2023,11,88.5,30.7,19.0,69.4,18.4
Mysuru_Karnataka,Mysuru,Karnataka,2023,12,10.7,33.8,20.6,62.6,18.5
Mysuru_Karnataka,Mysuru,Karnataka,2023,1,1.0,35.4,19.1,70.7,20.3
Mysuru_Karnataka,Mysuru,Karnataka,2023,2,0.0,35.3,18.3,62.1,18.9
Mysuru_Karnataka,Mysuru,Karnataka,2023,3,21.2,31.6,17.1,66.7,20.6
Mysuru_Karnataka,Mysuru,Karnataka,2023,4,58.2,31.0,20.6,68.3,17.6
Mysuru_Karnataka,Mysuru,Karnataka,2023,5,61.0,34.4,19.8,63.2,17.8
Mysuru_Karnataka,Mysuru,Karnataka,2023,6,247.2,32.6,20.1,72.5,18.8
Mysuru_Karnataka,Mysuru,Karnataka,2023,7,285.8,33.9,17.9,64.4,18.3
Mysuru_Karnataka,Mysuru,Karnataka,2023,8,173.2,31.3,18.8,74.5,17.4
Mysuru_Karnataka,Mysuru,Karnataka,2023,9,270.2,30.6,20.7,69.1,18.5
Mysuru_Karnataka,Mysuru,Karnataka,2023,10,110.6,34.2,17.2,73.4,18.8
Mysuru_Karnataka,Mysuru,Karnataka,2023,11,102.8,34.1,20.1,67.6,19.5
Mysuru_Karnataka,Mysuru,Karnataka,2023,12,31.6,33.0,20.4,72.8,18.6
Mysuru_Karnataka,Mysuru,Karnataka,2023,1,5.5,33.7,18.5,72.7,20.5
Mysuru_Karnataka,Mysuru,Karnataka,2023,2,34.8,31.6,20.2,68.5,17.2
Mysuru_Karnataka,Mysuru,Karnataka,2023,3,52.9,35.3,17.4,71.9,20.2
Mysuru_Karnataka,Mysuru,Karnataka,2023,4,27.9,34.3,18.8,61.8,19.8
Mysuru_Karnataka,Mysuru,Karnataka,2023,5,56.5,34.6,18.4,62.9,19.6
Mysuru_Karnataka,Mysuru,Karnataka,2023,6,224.8,30.7,18.7,66.3,20.8
Mysuru_Karnataka,Mysuru,Karnataka,2023,7,167.5,31.4,20.3,63.3,18.0
Mysuru_Karnataka,Mysuru,Karnataka,2023,8,192.6,30.4,18.3,64.5,19.2
Mysuru_Karnataka,Mysuru,Karnataka,2023,9,265.4,35.6,20.8,65.8,20.1
Mysuru_Karnataka,Mysuru,Karnataka,2023,10,135.1,32.7,19.1,66.7,20.4
Mysuru_Karnataka,Mysuru,Karnataka,2023,11,81.8,32.2,17.9,69.0,17.5
Mysuru_Karnataka,Mysuru,Karnataka,2023,12,29.6,32.5,20.0,61.8,18.0
Belagavi_Karnataka,Belagavi,Karnataka,2023,1,9.0,32.0,19.0,76.3,18.0
Belagavi_Karnataka,Belagavi,Karnataka,2023,2,33.3,33.0,17.6,68.5,18.9
Belagavi_Karnataka,Belagavi,Karnataka,2023,3,18.5,32.2,17.2,74.1,16.5
Belagavi_Karnataka,Belagavi,Karnataka,2023,4,38.4,29.0,16.5,78.9,19.5
Belagavi_Karnataka,Belagavi,Karnataka,2023,5,42.4,32.7,19.9,70.0,18.7
Belagavi_Karnataka,Belagavi,Karnataka,2023,6,192.9,34.8,18.2,68.6,16.5
Belagavi_Karnataka,Belagavi,Karnataka,2023,7,298.8,31.2,19.8,64.4,17.2
Belagavi_Karnataka,Belagavi,Karnataka,2023,8,318.5,30.5,18.1,77.2,16.4
Belagavi_Karnataka,Belagavi,Karnataka,2023,9,340.8,30.1,18.8,70.2,17.6
Belagavi_Karnataka,Belagavi,Karnataka,2023,10,155.5,29.8,17.7,71.7,17.5
Belagavi_Karnataka,Belagavi,Karnataka,2023,11,93.9,33.1,17.7,67.1,19.3
Belagavi_Karnataka,Belagavi,Karnataka,2023,12,25.0,30.8,18.6,68.6,16.9
Belagavi_Karnataka,Belagavi,Karnataka,2023,1,21.5,29.9,17.0,79.0,18.1
Belagavi_Karnataka,Belagavi,Karnataka,2023,2,30.6,31.4,17.3,67.3,17.5
Belagavi_Karnataka,Belagavi,Karnataka,2023,3,41.5,30.7,18.3,65.1,16.8
Belagavi_Karnataka,Belagavi,Karnataka,2023,4,55.3,31.3,18.7,68.1,16.5
Belagavi_Karnataka,Belagavi,Karnataka,2023,5,16.9,29.9,16.7,76.2,16.1
Belagavi_Karnataka,Belagavi,Karnataka,2023,6,266.3,32.0,18.3,69.0,17.2
Belagavi_Karnataka,Belagavi,Karnataka,2023,7,312.4,30.2,16.4,78.4,17.4
Belagavi_Karnataka,Belagavi,Karnataka,2023,8,264.6,29.8,18.4,72.4,16.8
Belagavi_Karnataka,Belagavi,Karnataka,2023,9,267.2,32.5,16.4,72.8,18.8
Belagavi_Karnataka,Belagavi,Karnataka,2023,10,142.7,29.9,18.8,74.8,16.1
Belagavi_Karnataka,Belagavi,Karnataka,2023,11,108.0,33.0,16.9,73.5,19.7
Belagavi_Karnataka,Belagavi,Karnataka,2023,12,42.3,34.9,16.0,74.0,17.7
Belagavi_Karnataka,Belagavi,Karnataka,2023,1,0.0,33.6,16.1,77.1,16.1
Belagavi_Karnataka,Belagavi,Karnataka,2023,2,16.9,32.7,18.8,69.5,16.4
Belagavi_Karnataka,Belagavi,Karnataka,2023,3,28.7,32.1,19.0,72.2,17.7
Belagavi_Karnataka,Belagavi,Karnataka,2023,4,18.5,31.0,19.9,78.0,17.3
Belagavi_Karnataka,Belagavi,Karnataka,2023,5,58.4,31.6,16.1,65.2,18.0
Belagavi_Karnataka,Belagavi,Karnataka,2023,6,340.6,29.4,16.8,76.3,19.4
Belagavi_Karnataka,Belagavi,Karnataka,2023,7,285.9,29.2,19.3,76.6,17.0
Belagavi_Karnataka,Belagavi,Karnataka,2023,8,282.4,29.2,16.8,66.9,17.4
Belagavi_Karnataka,Belagavi,Karnataka,2023,9,250.6,31.9,17.1,64.5,18.4
Belagavi_Karnataka,Belagavi,Karnataka,2023,10,105.7,34.2,19.0,77.7,18.0
Belagavi_Karnataka,Belagavi,Karnataka,2023,11,105.7,30.2,17.8,65.0,19.3
Belagavi_Karnataka,Belagavi,Karnataka,2023,12,26.5,34.2,17.9,75.9,18.5
Belagavi_Karnataka,Belagavi,Karnataka,2023,1,4.7,32.6,18.3,66.6,16.5
Belagavi_Karnataka,Belagavi,Karnataka,2023,2,0.0,34.3,16.2,75.7,19.5
Belagavi_Karnataka,Belagavi,Karnataka,2023,3,23.6,34.8,19.3,71.8,19.1
Belagavi_Karnataka,Belagavi,Karnataka,2023,4,47.7,34.4,17.9,72.4,20.0
Belagavi_Karnataka,Belagavi,Karnataka,2023,5,48.6,29.1,18.5,75.3,18.6
Belagavi_Karnataka,Belagavi,Karnataka,2023,6,347.2,31.7,16.3,71.6,18.8
Belagavi_Karnataka,Belagavi,Karnataka,2023,7,280.2,31.8,17.2,68.4,18.0
Belagavi_Karnataka,Belagavi,Karnataka,2023,8,205.2,30.9,18.3,65.1,19.3
Belagavi_Karnataka,Belagavi,Karnataka,2023,9,278.7,33.2,17.2,71.5,19.8
Belagavi_Karnataka,Belagavi,Karnataka,2023,10,154.8,33.5,16.7,65.0,18.3
Belagavi_Karnataka,Belagavi,Karnataka,2023,11,102.5,33.8,17.5,69.1,19.4
Belagavi_Karnataka,Belagavi,Karnataka,2023,12,20.8,34.0,19.4,70.8,16.3
Belagavi_Karnataka,Belagavi,Karnataka,2023,1,42.8,34.3,17.3,66.7,19.0
Belagavi_Karnataka,Belagavi,Karnataka,2023,2,14.9,32.8,19.6,70.7,19.1
Belagavi_Karnataka,Belagavi,Karnataka,2023,3,40.5,29.0,19.5,64.5,18.9
Belagavi_Karnataka,Belagavi,Karnataka,2023,4,14.9,32.0,17.7,67.1,17.3
Belagavi_Karnataka,Belagavi,Karnataka,2023,5,56.6,29.4,19.0,64.8,18.2
Belagavi_Karnataka,Belagavi,Karnataka,2023,6,230.0,30.6,19.9,69.0,17.0
Belagavi_Karnataka,Belagavi,Karnataka,2023,7,245.1,32.8,18.9,78.7,19.6
Belagavi_Karnataka,Belagavi,Karnataka,2023,8,286.3,34.1,16.8,75.9,18.7
Belagavi_Karnataka,Belagavi,Karnataka,2023,9,302.6,32.8,19.8,65.6,17.2
Belagavi_Karnataka,Belagavi,Karnataka,2023,10,145.2,29.6,16.1,64.9,16.2
Belagavi_Karnataka,Belagavi,Karnataka,2023,11,153.3,33.1,18.1,76.5,16.6
Belagavi_Karnataka,Belagavi,Karnataka,2023,12,15.9,29.7,17.7,69.1,16.1
Dharwad_Karnataka,Dharwad,Karnataka,2023,1,6.8,32.8,20.8,60.0,21.9
Dharwad_Karnataka,Dharwad,Karnataka,2023,2,27.1,31.0,18.3,63.8,19.2
Dharwad_Karnataka,Dharwad,Karnataka,2023,3,46.4,30.9,19.9,57.0,20.4
Dharwad_Karnataka,Dharwad,Karnataka,2023,4,38.9,31.1,19.6,68.4,20.8
Dharwad_Karnataka,Dharwad,Karnataka,2023,5,18.8,35.7,20.7,64.3,21.4
Dharwad_Karnataka,Dharwad,Karnataka,2023,6,209.8,30.9,18.7,65.6,18.1
Dharwad_Karnataka,Dharwad,Karnataka,2023,7,223.0,34.1,19.5,71.6,18.1
Dharwad_Karnataka,Dharwad,Karnataka,2023,8,237.4,33.2,18.3,59.2,21.6
Dharwad_Karnataka,Dharwad,Karnataka,2023,9,230.2,33.5,19.7,69.9,20.6
Dharwad_Karnataka,Dharwad,Karnataka,2023,10,95.4,34.8,18.5,63.2,18.4
Dharwad_Karnataka,Dharwad,Karnataka,2023,11,104.4,33.9,18.7,63.5,20.7
Dharwad_Karnataka,Dharwad,Karnataka,2023,12,11.3,34.6,20.3,59.7,21.6
Dharwad_Karnataka,Dharwad,Karnataka,2023,1,21.0,31.6,18.6,63.2,19.1
Dharwad_Karnataka,Dharwad,Karnataka,2023,2,25.7,30.4,19.7,59.8,19.4
Dharwad_Karnataka,Dharwad,Karnataka,2023,3,11.5,34.6,20.5,60.5,19.9
Dharwad_Karnataka,Dharwad,Karnataka,2023,4,48.4,34.6,19.1,67.7,21.4
Dharwad_Karnataka,Dharwad,Karnataka,2023,5,15.2,35.4,20.0,65.7,20.1
Dharwad_Karnataka,Dharwad,Karnataka,2023,6,200.5,33.9,18.7,68.4,21.4
Dharwad_Karnataka,Dharwad,Karnataka,2023,7,173.6,32.4,19.7,61.0,20.6
Dharwad_Karnataka,Dharwad,Karnataka,2023,8,262.7,35.5,21.0,58.7,18.9
Dharwad_Karnataka,Dharwad,Karnataka,2023,9,293.4,30.6,17.1,59.6,22.0
Dharwad_Karnataka,Dharwad,Karnataka,2023,10,84.1,35.1,17.1,66.7,19.1
Dharwad_Karnataka,Dharwad,Karnataka,2023,11,109.5,34.1,19.7,60.5,18.1
Dharwad_Karnataka,Dharwad,Karnataka,2023,12,5.5,34.9,20.2,64.3,20.4
Dharwad_Karnataka,Dharwad,Karnataka,2023,1,7.8,35.6,19.4,63.5,20.6
Dharwad_Karnataka,Dharwad,Karnataka,2023,2,39.1,33.0,17.4,64.1,19.9
Dharwad_Karnataka,Dharwad,Karnataka,2023,3,42.6,35.7,18.9,72.6,18.0
Dharwad_Karnataka,Dharwad,Karnataka,2023,4,64.1,35.8,17.1,59.7,20.6
Dharwad_Karnataka,Dharwad,Karnataka,2023,5,2.1,31.3,19.0,65.7,18.1
Dharwad_Karnataka,Dharwad,Karnataka,2023,6,177.5,33.6,17.6,63.4,21.6
Dharwad_Karnataka,Dharwad,Karnataka,2023,7,300.6,35.3,18.6,68.0,19.7
Dharwad_Karnataka,Dharwad,Karnataka,2023,8,229.7,33.6,19.1,57.4,21.2
Dharwad_Karnataka,Dharwad,Karnataka,2023,9,149.5,30.0,18.5,58.0,21.7
Dharwad_Karnataka,Dharwad,Karnataka,2023,10,94.2,32.1,19.5,69.6,20.6
Dharwad_Karnataka,Dharwad,Karnataka,2023,11,128.6,35.2,19.7,60.4,20.6
Dharwad_Karnataka,Dharwad,Karnataka,2023,12,24.4,35.0,20.0,70.5,18.3
Dharwad_Karnataka,Dharwad,Karnataka,2023,1,5.9,35.2,19.9,63.5,18.9
Dharwad_Karnataka,Dharwad,Karnataka,2023,2,4.3,31.1,20.0,61.0,19.8
Dharwad_Karnataka,Dharwad,Karnataka,2023,3,50.1,32.3,17.3,58.4,20.4
Dharwad_Karnataka,Dharwad,Karnataka,2023,4,34.2,32.6,17.2,65.3,20.0
Dharwad_Karnataka,Dharwad,Karnataka,2023,5,7.6,30.7,17.4,66.8,18.8
Dharwad_Karnataka,Dharwad,Karnataka,2023,6,174.6,35.7,20.4,60.7,19.3
Dharwad_Karnataka,Dharwad,Karnataka,2023,7,182.2,30.1,19.7,65.4,21.6
Dharwad_Karnataka,Dharwad,Karnataka,2023,8,189.0,34.8,17.5,63.4,18.7
Dharwad_Karnataka,Dharwad,Karnataka,2023,9,178.6,33.3,18.6,72.2,18.5
Dharwad_Karnataka,Dharwad,Karnataka,2023,10,112.9,34.6,18.4,59.3,21.4
Dharwad_Karnataka,Dharwad,Karnataka,2023,11,96.8,33.4,18.9,64.9,20.9
Dharwad_Karnataka,Dharwad,Karnataka,2023,12,14.6,35.4,17.2,59.3,20.9
Dharwad_Karnataka,Dharwad,Karnataka,2023,1,19.8,33.0,18.4,59.4,20.2
Dharwad_Karnataka,Dharwad,Karnataka,2023,2,11.6,31.3,19.1,59.5,20.7
Dharwad_Karnataka,Dharwad,Karnataka,2023,3,21.2,30.2,19.5,61.7,18.3
Dharwad_Karnataka,Dharwad,Karnataka,2023,4,35.0,32.8,17.9,67.0,19.2
Dharwad_Karnataka,Dharwad,Karnataka,2023,5,57.1,30.8,18.7,63.2,20.1
Dharwad_Karnataka,Dharwad,Karnataka,2023,6,264.8,30.4,19.6,57.1,21.1
Dharwad_Karnataka,Dharwad,Karnataka,2023,7,231.9,31.8,20.2,69.5,19.4
Dharwad_Karnataka,Dharwad,Karnataka,2023,8,196.0,30.1,17.3,59.0,18.7
Dharwad_Karnataka,Dharwad,Karnataka,2023,9,239.9,33.9,17.2,65.4,20.0
Dharwad_Karnataka,Dharwad,Karnataka,2023,10,99.0,32.6,21.0,63.7,20.4
Dharwad_Karnataka,Dharwad,Karnataka,2023,11,78.4,31.4,20.3,69.5,21.3
Dharwad_Karnataka,Dharwad,Karnataka,2023,12,33.1,31.2,18.8,68.1,20.5
Tumkur_Karnataka,Tumkur,Karnataka,2023,1,36.3,32.0,21.3,68.9,21.8
Tumkur_Karnataka,Tumkur,Karnataka,2023,2,23.7,33.1,18.0,55.0,19.7
Tumkur_Karnataka,Tumkur,Karnataka,2023,3,16.5,33.4,18.7,67.6,19.2
Tumkur_Karnataka,Tumkur,Karnataka,2023,4,35.1,31.3,21.8,62.4,19.3
Tumkur_Karnataka,Tumkur,Karnataka,2023,5,15.7,31.1,19.5,62.5,21.5
Tumkur_Karnataka,Tumkur,Karnataka,2023,6,210.5,31.9,19.7,57.1,18.1
Tumkur_Karnataka,Tumkur,Karnataka,2023,7,220.5,36.0,18.6,69.6,20.4
Tumkur_Karnataka,Tumkur,Karnataka,2023,8,216.0,36.2,21.4,64.4,20.0
Tumkur_Karnataka,Tumkur,Karnataka,2023,9,210.2,34.6,21.4,59.7,18.4
Tumkur_Karnataka,Tumkur,Karnataka,2023,10,98.7,31.6,18.8,56.4,21.2
Tumkur_Karnataka,Tumkur,Karnataka,2023,11,80.4,33.2,21.0,69.4,18.5
Tumkur_Karnataka,Tumkur,Karnataka,2023,12,23.7,32.6,18.9,67.2,21.9
Tumkur_Karnataka,Tumkur,Karnataka,2023,1,9.3,32.9,20.6,67.6,20.4
Tumkur_Karnataka,Tumkur,Karnataka,2023,2,11.3,34.1,19.8,54.2,20.2
Tumkur_Karnataka,Tumkur,Karnataka,2023,3,40.5,35.4,20.3,55.1,18.5
Tumkur_Karnataka,Tumkur,Karnataka,2023,4,25.9,31.5,19.7,62.9,19.3
Tumkur_Karnataka,Tumkur,Karnataka,2023,5,44.3,33.0,21.0,64.4,20.5
Tumkur_Karnataka,Tumkur,Karnataka,2023,6,190.9,35.2,19.5,69.1,21.3
Tumkur_Karnataka,Tumkur,Karnataka,2023,7,204.5,32.2,19.4,61.6,19.2
Tumkur_Karnataka,Tumkur,Karnataka,2023,8,192.5,36.9,18.4,68.9,21.7
Tumkur_Karnataka,Tumkur,Karnataka,2023,9,216.1,33.6,20.5,59.4,19.2
Tumkur_Karnataka,Tumkur,Karnataka,2023,10,96.9,34.5,19.1,59.9,18.3
Tumkur_Karnataka,Tumkur,Karnataka,2023,11,62.6,31.4,18.4,67.0,18.2
Tumkur_Karnataka,Tumkur,Karnataka,2023,12,8.3,36.2,19.9,58.9,20.1
Tumkur_Karnataka,Tumkur,Karnataka,2023,1,0.0,32.5,20.2,54.3,20.1
Tumkur_Karnataka,Tumkur,Karnataka,2023,2,15.8,35.2,20.5,69.8,18.6
Tumkur_Karnataka,Tumkur,Karnataka,2023,3,27.0,33.5,20.7,61.8,20.1
Tumkur_Karnataka,Tumkur,Karnataka,2023,4,49.8,36.6,19.2,55.8,21.4
Tumkur_Karnataka,Tumkur,Karnataka,2023,5,38.3,33.1,21.8,65.4,19.2
Tumkur_Karnataka,Tumkur,Karnataka,2023,6,231.4,35.9,21.0,65.8,18.7
Tumkur_Karnataka,Tumkur,Karnataka,2023,7,233.1,36.6,19.5,67.7,19.1
Tumkur_Karnataka,Tumkur,Karnataka,2023,8,190.1,35.0,21.3,65.5,20.1
Tumkur_Karnataka,Tumkur,Karnataka,2023,9,168.4,35.2,21.0,66.7,21.0
Tumkur_Karnataka,Tumkur,Karnataka,2023,10,99.9,34.8,21.4,66.8,18.2
Tumkur_Karnataka,Tumkur,Karnataka,2023,11,69.1,31.6,20.4,68.0,18.5
Tumkur_Karnataka,Tumkur,Karnataka,2023,12,30.2,35.9,20.1,66.3,20.1
Tumkur_Karnataka,Tumkur,Karnataka,2023,1,20.8,32.3,20.9,69.1,20.1
Tumkur_Karnataka,Tumkur,Karnataka,2023,2,13.7,33.0,19.9,63.6,21.9
Tumkur_Karnataka,Tumkur,Karnataka,2023,3,59.3,36.3,19.9,64.5,21.6
Tumkur_Karnataka,Tumkur,Karnataka,2023,4,47.4,33.5,20.4,65.4,21.8
Tumkur_Karnataka,Tumkur,Karnataka,2023,5,34.5,34.1,19.1,66.4,20.2
Tumkur_Karnataka,Tumkur,Karnataka,2023,6,215.9,33.9,20.5,60.5,18.8
Tumkur_Karnataka,Tumkur,Karnataka,2023,7,258.5,35.4,19.6,59.7,19.6
Tumkur_Karnataka,Tumkur,Karnataka,2023,8,195.3,34.3,20.0,56.2,20.0
Tumkur_Karnataka,Tumkur,Karnataka,2023,9,150.6,36.6,20.4,64.6,19.6
Tumkur_Karnataka,Tumkur,Karnataka,2023,10,117.9,35.6,19.5,69.4,21.3
Tumkur_Karnataka,Tumkur,Karnataka,2023,11,96.7,32.6,19.1,58.3,21.4
Tumkur_Karnataka,Tumkur,Karnataka,2023,12,0.0,32.6,18.8,57.7,21.2
Tumkur_Karnataka,Tumkur,Karnataka,2023,1,16.0,37.0,18.9,59.0,21.9
Tumkur_Karnataka,Tumkur,Karnataka,2023,2,19.2,34.3,21.4,61.7,18.8
Tumkur_Karnataka,Tumkur,Karnataka,2023,3,43.2,31.9,20.0,60.6,21.5
Tumkur_Karnataka,Tumkur,Karnataka,2023,4,36.2,34.1,19.6,56.6,20.8
Tumkur_Karnataka,Tumkur,Karnataka,2023,5,39.5,32.4,20.2,66.7,18.0
Tumkur_Karnataka,Tumkur,Karnataka,2023,6,223.4,32.9,19.8,58.0,21.2
Tumkur_Karnataka,Tumkur,Karnataka,2023,7,221.2,33.4,19.2,67.2,19.8
Tumkur_Karnataka,Tumkur,Karnataka,2023,8,205.2,33.7,19.0,55.9,18.4
Tumkur_Karnataka,Tumkur,Karnataka,2023,9,223.1,31.3,21.2,56.5,20.5
Tumkur_Karnataka,Tumkur,Karnataka,2023,10,70.9,33.5,18.1,67.5,20.1
Tumkur_Karnataka,Tumkur,Karnataka,2023,11,66.0,33.7,18.8,58.3,20.1
Tumkur_Karnataka,Tumkur,Karnataka,2023,12,16.5,35.3,21.5,57.5,21.2
Hassan_Karnataka,Hassan,Karnataka,2023,1,18.0,33.1,18.5,75.0,16.2
Hassan_Karnataka,Hassan,Karnataka,2023,2,5.4,29.9,17.2,67.0,18.1
Hassan_Karnataka,Hassan,Karnataka,2023,3,42.6,33.3,17.3,66.6,18.2
Hassan_Karnataka,Hassan,Karnataka,2023,4,6.6,31.5,19.8,73.5,16.4
Hassan_Karnataka,Hassan,Karnataka,2023,5,63.5,32.7,19.3,68.5,16.9
Hassan_Karnataka,Hassan,Karnataka,2023,6,266.3,32.2,18.3,77.2,19.6
Hassan_Karnataka,Hassan,Karnataka,2023,7,330.9,34.7,16.4,66.2,18.0
Hassan_Karnataka,Hassan,Karnataka,2023,8,314.7,33.5,16.6,66.0,18.9
Hassan_Karnataka,Hassan,Karnataka,2023,9,206.3,30.6,17.4,73.3,17.5
Hassan_Karnataka,Hassan,Karnataka,2023,10,107.3,33.8,17.5,72.4,18.9
Hassan_Karnataka,Hassan,Karnataka,2023,11,118.0,32.7,17.7,64.9,19.8
Hassan_Karnataka,Hassan,Karnataka,2023,12,12.8,31.0,19.2,73.1,19.1
Hassan_Karnataka,Hassan,Karnataka,2023,1,12.9,33.0,18.2,75.5,19.0
Hassan_Karnataka,Hassan,Karnataka,2023,2,28.7,33.5,19.5,72.4,19.4
Hassan_Karnataka,Hassan,Karnataka,2023,3,20.6,34.3,16.8,63.3,19.2
Hassan_Karnataka,Hassan,Karnataka,2023,4,40.3,34.1,18.7,70.3,19.3
Hassan_Karnataka,Hassan,Karnataka,2023,5,26.0,30.7,18.0,70.5,19.2
Hassan_Karnataka,Hassan,Karnataka,2023,6,309.5,33.7,16.8,62.8,19.5
Hassan_Karnataka,Hassan,Karnataka,2023,7,188.7,33.2,17.6,76.0,17.2
Hassan_Karnataka,Hassan,Karnataka,2023,8,181.3,32.5,17.5,70.6,19.5
Hassan_Karnataka,Hassan,Karnataka,2023,9,315.0,31.8,18.2,77.2,20.0
Hassan_Karnataka,Hassan,Karnataka,2023,10,113.2,31.3,16.0,62.1,17.8
Hassan_Karnataka,Hassan,Karnataka,2023,11,100.2,33.1,17.2,71.0,17.2
Hassan_Karnataka,Hassan,Karnataka,2023,12,7.5,30.4,18.1,65.2,18.0
Hassan_Karnataka,Hassan,Karnataka,2023,1,13.0,30.6,18.1,70.3,19.7
Hassan_Karnataka,Hassan,Karnataka,2023,2,23.2,31.4,19.8,74.4,17.1
Hassan_Karnataka,Hassan,Karnataka,2023,3,51.5,34.0,19.3,65.0,18.8
Hassan_Karnataka,Hassan,Karnataka,2023,4,25.3,30.8,18.9,65.7,16.0
Hassan_Karnataka,Hassan,Karnataka,2023,5,36.2,29.6,17.0,68.1,17.9
Hassan_Karnataka,Hassan,Karnataka,2023,6,213.0,33.3,17.3,67.1,17.8
Hassan_Karnataka,Hassan,Karnataka,2023,7,267.3,30.1,19.4,66.1,17.5
Hassan_Karnataka,Hassan,Karnataka,2023,8,324.7,31.1,18.7,62.3,18.9
Hassan_Karnataka,Hassan,Karnataka,2023,9,273.1,34.7,19.7,76.5,18.0
Hassan_Karnataka,Hassan,Karnataka,2023,10,110.2,33.1,19.5,65.3,19.7
Hassan_Karnataka,Hassan,Karnataka,2023,11,158.1,34.3,17.1,63.7,16.4
Hassan_Karnataka,Hassan,Karnataka,2023,12,18.6,33.8,19.6,72.0,16.0
Hassan_Karnataka,Hassan,Karnataka,2023,1,10.3,34.0,18.3,71.3,16.8
Hassan_Karnataka,Hassan,Karnataka,2023,2,7.8,32.7,16.4,77.2,19.9
Hassan_Karnataka,Hassan,Karnataka,2023,3,61.0,30.1,16.1,62.6,18.4
Hassan_Karnataka,Hassan,Karnataka,2023,4,43.2,29.9,17.2,75.2,16.9
Hassan_Karnataka,Hassan,Karnataka,2023,5,37.3,30.7,16.9,66.1,18.0
Hassan_Karnataka,Hassan,Karnataka,2023,6,345.7,30.7,17.5,69.4,19.9
Hassan_Karnataka,Hassan,Karnataka,2023,7,207.7,33.4,19.9,64.5,16.9
Hassan_Karnataka,Hassan,Karnataka,2023,8,202.2,32.6,18.7,71.6,16.3
Hassan_Karnataka,Hassan,Karnataka,2023,9,186.3,30.7,19.1,64.6,16.2
Hassan_Karnataka,Hassan,Karnataka,2023,10,110.3,31.7,19.3,63.6,18.8
Hassan_Karnataka,Hassan,Karnataka,2023,11,102.7,34.6,17.0,72.3,17.1
Hassan_Karnataka,Hassan,Karnataka,2023,12,30.4,34.3,19.4,71.3,17.0
Hassan_Karnataka,Hassan,Karnataka,2023,1,29.4,29.9,16.8,73.0,17.4
Hassan_Karnataka,Hassan,Karnataka,2023,2,9.9,30.5,16.6,77.2,17.6
Hassan_Karnataka,Hassan,Karnataka,2023,3,15.7,29.9,17.7,63.1,18.0
Hassan_Karnataka,Hassan,Karnataka,2023,4,50.2,33.0,17.8,65.6,18.9
Hassan_Karnataka,Hassan,Karnataka,2023,5,35.2,34.5,16.3,62.9,16.7
Hassan_Karnataka,Hassan,Karnataka,2023,6,324.7,33.7,16.9,69.8,17.4
Hassan_Karnataka,Hassan,Karnataka,2023,7,292.6,30.5,16.6,75.7,17.9
Hassan_Karnataka,Hassan,Karnataka,2023,8,246.1,34.8,19.4,73.3,17.2
Hassan_Karnataka,Hassan,Karnataka,2023,9,229.1,31.5,17.1,69.5,19.7
Hassan_Karnataka,Hassan,Karnataka,2023,10,115.7,33.8,17.7,65.7,20.0
Hassan_Karnataka,Hassan,Karnataka,2023,11,161.1,33.1,17.2,76.6,17.1
Hassan_Karnataka,Hassan,Karnataka,2023,12,42.2,32.6,19.2,74.7,16.8
Wayanad_Kerala,Wayanad,Kerala,2023,1,71.0,30.5,16.8,84.6,13.6
Wayanad_Kerala,Wayanad,Kerala,2023,2,25.4,30.1,18.3,95.1,13.8
Wayanad_Kerala,Wayanad,Kerala,2023,3,142.0,30.4,17.0,84.2,13.2
Wayanad_Kerala,Wayanad,Kerala,2023,4,104.1,27.3,16.9,91.3,16.1
Wayanad_Kerala,Wayanad,Kerala,2023,5,117.9,29.3,16.6,86.4,15.3
Wayanad_Kerala,Wayanad,Kerala,2023,6,898.6,30.0,17.3,88.1,13.1
Wayanad_Kerala,Wayanad,Kerala,2023,7,664.1,30.3,17.8,84.6,14.2
Wayanad_Kerala,Wayanad,Kerala,2023,8,693.9,32.8,17.8,86.3,16.4
Wayanad_Kerala,Wayanad,Kerala,2023,9,700.8,28.4,19.0,88.5,16.2
Wayanad_Kerala,Wayanad,Kerala,2023,10,368.7,31.3,19.2,85.5,13.7
Wayanad_Kerala,Wayanad,Kerala,2023,11,248.5,29.1,18.2,83.0,16.4
Wayanad_Kerala,Wayanad,Kerala,2023,12,26.0,29.9,18.0,83.4,14.1
Wayanad_Kerala,Wayanad,Kerala,2023,1,60.0,28.0,17.3,88.9,15.3
Wayanad_Kerala,Wayanad,Kerala,2023,2,27.3,28.6,19.4,85.0,16.4
Wayanad_Kerala,Wayanad,Kerala,2023,3,116.2,30.1,18.5,86.3,16.1
Wayanad_Kerala,Wayanad,Kerala,2023,4,105.1,30.1,19.3,90.6,14.4
Wayanad_Kerala,Wayanad,Kerala,2023,5,138.0,32.6,19.4,90.4,14.4
Wayanad_Kerala,Wayanad,Kerala,2023,6,848.7,32.9,17.0,81.3,13.3
Wayanad_Kerala,Wayanad,Kerala,2023,7,805.1,27.0,18.9,90.5,15.9
Wayanad_Kerala,Wayanad,Kerala,2023,8,681.7,27.3,19.0,84.3,14.9
Wayanad_Kerala,Wayanad,Kerala,2023,9,854.5,28.1,18.7,88.5,15.1
Wayanad_Kerala,Wayanad,Kerala,2023,10,274.2,29.5,16.4,94.5,13.2
Wayanad_Kerala,Wayanad,Kerala,2023,11,304.0,27.6,18.6,90.4,13.1
Wayanad_Kerala,Wayanad,Kerala,2023,12,4.1,31.6,18.3,80.6,15.0
Wayanad_Kerala,Wayanad,Kerala,2023,1,46.7,32.8,17.9,84.9,14.7
Wayanad_Kerala,Wayanad,Kerala,2023,2,30.1,30.6,16.1,84.2,15.6
Wayanad_Kerala,Wayanad,Kerala,2023,3,49.2,28.8,19.5,92.2,13.1
Wayanad_Kerala,Wayanad,Kerala,2023,4,105.7,30.9,18.9,93.8,14.9
Wayanad_Kerala,Wayanad,Kerala,2023,5,185.3,32.3,18.3,86.4,14.5
Wayanad_Kerala,Wayanad,Kerala,2023,6,515.9,31.3,18.4,94.7,13.2
Wayanad_Kerala,Wayanad,Kerala,2023,7,597.1,29.2,16.5,95.9,16.1
Wayanad_Kerala,Wayanad,Kerala,2023,8,704.1,31.1,19.2,93.0,13.3
Wayanad_Kerala,Wayanad,Kerala,2023,9,760.7,27.3,19.6,88.4,15.9
Wayanad_Kerala,Wayanad,Kerala,2023,10,407.7,32.2,17.9,85.4,13.6
Wayanad_Kerala,Wayanad,Kerala,2023,11,311.4,30.4,18.7,95.7,15.9
Wayanad_Kerala,Wayanad,Kerala,2023,12,54.5,27.2,17.2,92.3,13.8
Wayanad_Kerala,Wayanad,Kerala,2023,1,19.4,31.3,18.2,86.8,15.3
Wayanad_Kerala,Wayanad,Kerala,2023,2,61.1,27.3,18.7,94.3,16.2
Wayanad_Kerala,Wayanad,Kerala,2023,3,73.5,31.3,16.3,93.0,15.9
Wayanad_Kerala,Wayanad,Kerala,2023,4,122.5,31.3,18.7,93.3,13.2
Wayanad_Kerala,Wayanad,Kerala,2023,5,59.8,27.9,18.2,94.7,14.6
Wayanad_Kerala,Wayanad,Kerala,2023,6,852.9,28.0,16.1,85.3,16.6
Wayanad_Kerala,Wayanad,Kerala,2023,7,565.5,29.7,19.8,82.0,13.8
Wayanad_Kerala,Wayanad,Kerala,2023,8,530.5,28.7,19.5,89.7,15.5
Wayanad_Kerala,Wayanad,Kerala,2023,9,726.1,29.7,20.0,93.4,16.6
Wayanad_Kerala,Wayanad,Kerala,2023,10,371.3,28.4,16.0,84.9,13.4
Wayanad_Kerala,Wayanad,Kerala,2023,11,335.9,32.2,19.0,95.0,13.2
Wayanad_Kerala,Wayanad,Kerala,2023,12,28.0,28.7,17.0,85.3,14.1
Wayanad_Kerala,Wayanad,Kerala,2023,1,54.8,29.7,17.3,91.6,16.2
Wayanad_Kerala,Wayanad,Kerala,2023,2,89.4,31.7,19.1,93.7,13.0
Wayanad_Kerala,Wayanad,Kerala,2023,3,109.8,30.6,16.7,84.9,14.3
Wayanad_Kerala,Wayanad,Kerala,2023,4,134.9,32.6,19.0,93.5,14.9
Wayanad_Kerala,Wayanad,Kerala,2023,5,98.8,30.7,16.5,89.3,15.7
Wayanad_Kerala,Wayanad,Kerala,2023,6,721.8,30.6,16.9,87.7,15.7
Wayanad_Kerala,Wayanad,Kerala,2023,7,638.9,30.5,19.8,87.8,16.6
Wayanad_Kerala,Wayanad,Kerala,2023,8,854.7,31.2,17.7,84.0,15.7
Wayanad_Kerala,Wayanad,Kerala,2023,9,817.5,32.5,19.0,94.9,14.3
Wayanad_Kerala,Wayanad,Kerala,2023,10,401.3,27.3,19.1,91.3,15.4
Wayanad_Kerala,Wayanad,Kerala,2023,11,312.9,30.7,17.7,89.0,14.7
Wayanad_Kerala,Wayanad,Kerala,2023,12,85.4,31.5,19.7,89.5,13.0
Palakkad_Kerala,Palakkad,Kerala,2023,1,36.3,34.3,21.6,84.5,15.4
Palakkad_Kerala,Palakkad,Kerala,2023,2,53.0,32.4,18.4,88.8,14.6
Palakkad_Kerala,Palakkad,Kerala,2023,3,71.1,33.6,20.5,77.7,14.0
Palakkad_Kerala,Palakkad,Kerala,2023,4,132.5,33.9,19.8,88.5,15.6
Palakkad_Kerala,Palakkad,Kerala,2023,5,92.8,31.7,21.1,82.4,15.3
Palakkad_Kerala,Palakkad,Kerala,2023,6,484.2,32.5,18.9,76.4,16.6
Palakkad_Kerala,Palakkad,Kerala,2023,7,653.8,32.0,21.6,89.0,17.2
Palakkad_Kerala,Palakkad,Kerala,2023,8,620.7,34.9,19.1,77.2,15.8
Palakkad_Kerala,Palakkad,Kerala,2023,9,454.8,32.5,20.2,84.5,16.0
Palakkad_Kerala,Palakkad,Kerala,2023,10,208.8,33.3,19.7,86.1,14.9
Palakkad_Kerala,Palakkad,Kerala,2023,11,216.0,31.2,21.4,87.2,15.5
Palakkad_Kerala,Palakkad,Kerala,2023,12,55.0,30.4,18.7,89.6,16.5
Palakkad_Kerala,Palakkad,Kerala,2023,1,19.4,30.6,18.1,85.3,16.0
Palakkad_Kerala,Palakkad,Kerala,2023,2,8.2,29.6,20.5,75.5,17.0
Palakkad_Kerala,Palakkad,Kerala,2023,3,41.7,34.3,20.9,75.2,17.3
Palakkad_Kerala,Palakkad,Kerala,2023,4,105.0,32.6,20.7,89.9,14.9
Palakkad_Kerala,Palakkad,Kerala,2023,5,100.4,29.2,18.1,75.9,16.6
Palakkad_Kerala,Palakkad,Kerala,2023,6,607.9,29.2,19.9,88.8,15.6
Palakkad_Kerala,Palakkad,Kerala,2023,7,636.2,33.7,20.1,87.7,15.6
Palakkad_Kerala,Palakkad,Kerala,2023,8,702.5,30.7,18.2,86.7,15.7
Palakkad_Kerala,Palakkad,Kerala,2023,9,482.3,34.4,21.3,82.9,16.5
Palakkad_Kerala,Palakkad,Kerala,2023,10,258.9,34.5,18.5,80.7,15.4
Palakkad_Kerala,Palakkad,Kerala,2023,11,264.7,32.1,18.6,82.2,15.0
Palakkad_Kerala,Palakkad,Kerala,2023,12,8.5,33.6,19.7,84.0,16.9
Palakkad_Kerala,Palakkad,Kerala,2023,1,55.4,34.2,18.7,76.2,16.5
Palakkad_Kerala,Palakkad,Kerala,2023,2,12.5,34.3,18.9,88.9,16.9
Palakkad_Kerala,Palakkad,Kerala,2023,3,101.6,30.4,20.1,76.8,15.2
Palakkad_Kerala,Palakkad,Kerala,2023,4,63.2,30.2,21.2,76.7,14.1
Palakkad_Kerala,Palakkad,Kerala,2023,5,121.5,31.0,18.5,83.1,17.6
Palakkad_Kerala,Palakkad,Kerala,2023,6,682.9,30.9,20.2,75.5,16.7
Palakkad_Kerala,Palakkad,Kerala,2023,7,677.0,30.6,18.1,82.7,16.8
Palakkad_Kerala,Palakkad,Kerala,2023,8,667.9,30.6,20.1,79.3,17.4
Palakkad_Kerala,Palakkad,Kerala,2023,9,586.6,32.5,21.1,79.3,17.3
Palakkad_Kerala,Palakkad,Kerala,2023,10,238.5,30.3,19.9,79.1,15.1
Palakkad_Kerala,Palakkad,Kerala,2023,11,315.3,33.7,21.9,74.3,16.8
Palakkad_Kerala,Palakkad,Kerala,2023,12,10.9,31.4,21.7,74.2,16.4
Palakkad_Kerala,Palakkad,Kerala,2023,1,69.4,29.5,21.8,88.7,14.2
Palakkad_Kerala,Palakkad,Kerala,2023,2,47.2,32.7,21.1,85.5,16.0
Palakkad_Kerala,Palakkad,Kerala,2023,3,56.8,29.3,20.4,86.8,16.3
Palakkad_Kerala,Palakkad,Kerala,2023,4,131.3,33.5,20.7,89.9,16.9
Palakkad_Kerala,Palakkad,Kerala,2023,5,81.9,33.0,18.2,84.5,17.5
Palakkad_Kerala,Palakkad,Kerala,2023,6,603.2,33.9,21.1,82.7,14.6
Palakkad_Kerala,Palakkad,Kerala,2023,7,509.9,33.8,19.1,79.9,14.3
Palakkad_Kerala,Palakkad,Kerala,2023,8,634.6,29.3,18.0,84.3,15.7
Palakkad_Kerala,Palakkad,Kerala,2023,9,532.4,30.2,19.6,89.0,15.7
Palakkad_Kerala,Palakkad,Kerala,2023,10,257.2,33.7,19.7,86.8,15.0
Palakkad_Kerala,Palakkad,Kerala,2023,11,267.8,34.8,18.2,87.0,15.2
Palakkad_Kerala,Palakkad,Kerala,2023,12,35.8,32.7,19.4,79.3,14.2
Palakkad_Kerala,Palakkad,Kerala,2023,1,46.4,34.8,19.8,87.3,17.9
Palakkad_Kerala,Palakkad,Kerala,2023,2,49.4,29.0,20.0,82.5,14.8
Palakkad_Kerala,Palakkad,Kerala,2023,3,84.3,31.8,19.3,84.0,16.6
Palakkad_Kerala,Palakkad,Kerala,2023,4,100.4,33.4,20.4,74.9,17.1
Palakkad_Kerala,Palakkad,Kerala,2023,5,75.1,31.7,19.4,79.4,17.2
Palakkad_Kerala,Palakkad,Kerala,2023,6,477.0,32.3,18.7,76.1,16.4
Palakkad_Kerala,Palakkad,Kerala,2023,7,609.8,30.5,21.2,74.8,17.4
Palakkad_Kerala,Palakkad,Kerala,2023,8,633.4,31.1,18.1,87.2,14.6
Palakkad_Kerala,Palakkad,Kerala,2023,9,522.6,30.5,20.0,86.9,15.9
Palakkad_Kerala,Palakkad,Kerala,2023,10,340.4,31.0,19.6,80.8,16.5
Palakkad_Kerala,Palakkad,Kerala,2023,11,257.0,32.7,19.6,84.3,15.6
Palakkad_Kerala,Palakkad,Kerala,2023,12,60.3,29.3,18.7,87.8,16.3
Thrissur_Kerala,Thrissur,Kerala,2023,1,25.7,31.9,20.1,80.4,15.9
Thrissur_Kerala,Thrissur,Kerala,2023,2,47.6,29.8,19.4,87.9,17.4
Thrissur_Kerala,Thrissur,Kerala,2023,3,81.4,33.3,22.0,86.7,18.0
Thrissur_Kerala,Thrissur,Kerala,2023,4,124.8,30.3,19.7,78.3,17.3
Thrissur_Kerala,Thrissur,Kerala,2023,5,145.3,30.1,18.6,80.2,15.0
Thrissur_Kerala,Thrissur,Kerala,2023,6,701.1,28.3,18.0,85.6,15.1
Thrissur_Kerala,Thrissur,Kerala,2023,7,774.3,29.7,19.1,78.3,16.3
Thrissur_Kerala,Thrissur,Kerala,2023,8,517.0,30.8,18.1,76.3,16.1
Thrissur_Kerala,Thrissur,Kerala,2023,9,731.2,29.1,18.4,76.8,15.7
Thrissur_Kerala,Thrissur,Kerala,2023,10,325.0,32.1,18.8,83.4,17.6
Thrissur_Kerala,Thrissur,Kerala,2023,11,267.9,33.8,20.9,88.0,15.0
Thrissur_Kerala,Thrissur,Kerala,2023,12,24.4,31.6,18.4,89.4,17.3
Thrissur_Kerala,Thrissur,Kerala,2023,1,30.4,29.0,20.1,85.4,15.2
Thrissur_Kerala,Thrissur,Kerala,2023,2,1.8,28.2,21.0,81.1,17.2
Thrissur_Kerala,Thrissur,Kerala,2023,3,92.7,31.1,20.9,80.4,14.5
Thrissur_Kerala,Thrissur,Kerala,2023,4,99.1,30.7,20.6,83.9,16.5
Thrissur_Kerala,Thrissur,Kerala,2023,5,114.5,32.2,20.1,86.9,17.5
Thrissur_Kerala,Thrissur,Kerala,2023,6,613.3,32.6,20.3,77.1,17.6
Thrissur_Kerala,Thrissur,Kerala,2023,7,479.6,32.6,21.8,76.9,16.4
Thrissur_Kerala,Thrissur,Kerala,2023,8,608.4,28.5,20.3,83.7,14.4
Thrissur_Kerala,Thrissur,Kerala,2023,9,692.4,32.6,21.6,82.6,17.8
Thrissur_Kerala,Thrissur,Kerala,2023,10,338.8,29.0,19.7,82.4,16.3
Thrissur_Kerala,Thrissur,Kerala,2023,11,315.6,31.1,18.4,89.7,15.2
Thrissur_Kerala,Thrissur,Kerala,2023,12,56.5,33.7,18.4,79.7,14.2
Thrissur_Kerala,Thrissur,Kerala,2023,1,25.9,30.8,18.8,79.6,15.1
Thrissur_Kerala,Thrissur,Kerala,2023,2,49.2,33.1,19.1,78.9,15.5
Thrissur_Kerala,Thrissur,Kerala,2023,3,117.4,32.1,19.9,78.6,15.3
Thrissur_Kerala,Thrissur,Kerala,2023,4,90.7,30.9,20.3,85.5,16.6
Thrissur_Kerala,Thrissur,Kerala,2023,5,81.1,30.0,18.7,86.9,14.2
Thrissur_Kerala,Thrissur,Kerala,2023,6,653.5,33.7,19.3,81.2,17.7
Thrissur_Kerala,Thrissur,Kerala,2023,7,629.9,28.1,19.2,86.7,17.6
Thrissur_Kerala,Thrissur,Kerala,2023,8,569.6,31.6,21.2,82.4,14.8
Thrissur_Kerala,Thrissur,Kerala,2023,9,809.8,31.0,18.0,77.8,16.3
Thrissur_Kerala,Thrissur,Kerala,2023,10,219.4,29.8,20.9,76.9,16.0
Thrissur_Kerala,Thrissur,Kerala,2023,11,309.6,30.4,19.2,86.9,17.4
Thrissur_Kerala,Thrissur,Kerala,2023,12,73.8,32.3,21.1,78.7,15.7
Thrissur_Kerala,Thrissur,Kerala,2023,1,42.6,33.9,19.6,81.8,15.3
Thrissur_Kerala,Thrissur,Kerala,2023,2,67.4,31.6,18.7,84.7,15.1
Thrissur_Kerala,Thrissur,Kerala,2023,3,135.3,32.3,20.9,84.2,16.8
Thrissur_Kerala,Thrissur,Kerala,2023,4,99.8,29.6,18.3,82.6,15.8
Thrissur_Kerala,Thrissur,Kerala,2023,5,87.6,28.4,18.9,88.0,15.7
Thrissur_Kerala,Thrissur,Kerala,2023,6,719.6,33.7,20.4,76.2,15.4
Thrissur_Kerala,Thrissur,Kerala,2023,7,527.8,28.6,19.6,79.6,17.4
Thrissur_Kerala,Thrissur,Kerala,2023,8,591.2,28.2,18.5,79.6,17.2
Thrissur_Kerala,Thrissur,Kerala,2023,9,763.3,28.2,21.0,78.1,14.5
Thrissur_Kerala,Thrissur,Kerala,2023,10,205.3,29.6,18.3,81.9,17.3
Thrissur_Kerala,Thrissur,Kerala,2023,11,277.0,28.6,20.6,81.1,17.0
Thrissur_Kerala,Thrissur,Kerala,2023,12,41.7,29.5,19.4,91.2,16.3
Thrissur_Kerala,Thrissur,Kerala,2023,1,47.1,29.0,20.9,84.4,17.9
Thrissur_Kerala,Thrissur,Kerala,2023,2,29.7,31.6,18.6,88.8,17.4
Thrissur_Kerala,Thrissur,Kerala,2023,3,110.5,28.9,20.0,82.3,16.4
Thrissur_Kerala,Thrissur,Kerala,2023,4,69.2,28.5,20.6,76.3,17.3
Thrissur_Kerala,Thrissur,Kerala,2023,5,71.6,29.6,20.9,81.1,16.9
Thrissur_Kerala,Thrissur,Kerala,2023,6,572.9,28.2,19.1,84.0,14.2
Thrissur_Kerala,Thrissur,Kerala,2023,7,543.9,33.9,21.0,80.0,15.0
Thrissur_Kerala,Thrissur,Kerala,2023,8,679.8,33.7,18.9,92.0,16.0
Thrissur_Kerala,Thrissur,Kerala,2023,9,721.3,33.3,19.1,86.7,17.2
Thrissur_Kerala,Thrissur,Kerala,2023,10,241.8,31.0,19.2,83.7,15.3
Thrissur_Kerala,Thrissur,Kerala,2023,11,279.7,31.8,18.9,90.4,17.5
Thrissur_Kerala,Thrissur,Kerala,2023,12,43.7,30.3,20.8,86.7,14.8
Kollam_Kerala,Kollam,Kerala,2023,1,45.7,33.7,22.4,87.5,14.3
Kollam_Kerala,Kollam,Kerala,2023,2,22.0,31.2,23.1,82.1,15.4
Kollam_Kerala,Kollam,Kerala,2023,3,75.8,33.7,22.5,79.5,16.9
Kollam_Kerala,Kollam,Kerala,2023,4,138.9,28.8,21.6,78.7,17.3
Kollam_Kerala,Kollam,Kerala,2023,5,125.8,30.1,20.7,78.7,17.9
Kollam_Kerala,Kollam,Kerala,2023,6,562.3,33.8,22.2,89.7,14.2
Kollam_Kerala,Kollam,Kerala,2023,7,722.7,32.6,20.2,83.4,17.2
Kollam_Kerala,Kollam,Kerala,2023,8,711.1,28.6,20.5,87.8,16.7
Kollam_Kerala,Kollam,Kerala,2023,9,900.1,31.0,23.4,78.7,15.8
Kollam_Kerala,Kollam,Kerala,2023,10,270.1,32.6,22.0,85.9,15.6
Kollam_Kerala,Kollam,Kerala,2023,11,298.3,32.0,21.7,90.1,14.8
Kollam_Kerala,Kollam,Kerala,2023,12,38.1,33.1,21.9,88.6,18.0
Kollam_Kerala,Kollam,Kerala,2023,1,62.8,28.5,21.7,85.9,15.6
Kollam_Kerala,Kollam,Kerala,2023,2,36.4,32.5,22.6,80.8,16.9
Kollam_Kerala,Kollam,Kerala,2023,3,72.7,32.1,23.4,84.7,16.1
Kollam_Kerala,Kollam,Kerala,2023,4,90.1,28.8,23.8,89.8,16.7
Kollam_Kerala,Kollam,Kerala,2023,5,125.5,31.0,21.2,79.6,16.6
Kollam_Kerala,Kollam,Kerala,2023,6,857.9,29.1,21.7,89.9,15.2
Kollam_Kerala,Kollam,Kerala,2023,7,606.4,31.2,20.2,78.3,16.6
Kollam_Kerala,Kollam,Kerala,2023,8,704.9,32.1,20.0,84.7,15.7
Kollam_Kerala,Kollam,Kerala,2023,9,559.6,32.8,20.9,81.1,14.1
Kollam_Kerala,Kollam,Kerala,2023,10,290.9,30.5,23.9,77.9,16.4
Kollam_Kerala,Kollam,Kerala,2023,11,376.6,28.0,21.0,82.2,17.9
Kollam_Kerala,Kollam,Kerala,2023,12,92.7,33.0,21.4,91.5,17.9
Kollam_Kerala,Kollam,Kerala,2023,1,52.3,31.3,23.4,82.0,16.1
Kollam_Kerala,Kollam,Kerala,2023,2,43.3,33.3,20.7,79.4,16.3
Kollam_Kerala,Kollam,Kerala,2023,3,113.5,30.3,23.8,80.9,16.7
Kollam_Kerala,Kollam,Kerala,2023,4,131.9,33.6,22.9,84.3,16.3
Kollam_Kerala,Kollam,Kerala,2023,5,132.9,33.3,21.4,81.8,14.9
Kollam_Kerala,Kollam,Kerala,2023,6,496.8,33.2,22.7,87.6,16.5
Kollam_Kerala,Kollam,Kerala,2023,7,838.9,33.2,21.4,91.8,16.8
Kollam_Kerala,Kollam,Kerala,2023,8,605.4,31.2,20.6,86.5,15.3
Kollam_Kerala,Kollam,Kerala,2023,9,538.9,31.8,23.5,87.8,15.4
Kollam_Kerala,Kollam,Kerala,2023,10,329.1,33.8,21.0,91.0,17.7
Kollam_Kerala,Kollam,Kerala,2023,11,364.5,30.4,23.8,88.2,14.2
Kollam_Kerala,Kollam,Kerala,2023,12,73.8,30.8,22.3,79.4,15.9
Kollam_Kerala,Kollam,Kerala,2023,1,28.5,28.6,21.1,87.1,16.1
Kollam_Kerala,Kollam,Kerala,2023,2,42.9,33.3,21.0,79.0,17.8
Kollam_Kerala,Kollam,Kerala,2023,3,98.6,30.9,23.1,79.7,17.1
Kollam_Kerala,Kollam,Kerala,2023,4,136.5,33.2,20.5,86.5,15.8
Kollam_Kerala,Kollam,Kerala,2023,5,92.3,30.2,20.4,81.0,15.1
Kollam_Kerala,Kollam,Kerala,2023,6,770.2,31.9,20.9,78.3,15.2
Kollam_Kerala,Kollam,Kerala,2023,7,591.9,30.1,23.9,92.4,15.8
Kollam_Kerala,Kollam,Kerala,2023,8,798.6,31.3,23.0,80.5,14.2
Kollam_Kerala,Kollam,Kerala,2023,9,560.0,31.0,21.5,84.0,15.9
Kollam_Kerala,Kollam,Kerala,2023,10,347.3,32.6,22.8,88.9,16.9
Kollam_Kerala,Kollam,Kerala,2023,11,303.8,31.2,23.8,86.4,14.0
Kollam_Kerala,Kollam,Kerala,2023,12,43.3,28.4,20.2,82.6,17.9
Kollam_Kerala,Kollam,Kerala,2023,1,46.9,28.2,21.7,86.1,17.5
Kollam_Kerala,Kollam,Kerala,2023,2,76.8,32.5,21.8,88.9,14.8
Kollam_Kerala,Kollam,Kerala,2023,3,102.5,28.1,22.9,90.4,15.6
Kollam_Kerala,Kollam,Kerala,2023,4,118.8,32.7,21.2,82.2,16.7
Kollam_Kerala,Kollam,Kerala,2023,5,102.8,29.9,23.6,88.0,17.9
Kollam_Kerala,Kollam,Kerala,2023,6,824.5,29.3,23.1,77.3,16.7
Kollam_Kerala,Kollam,Kerala,2023,7,681.6,33.2,23.4,77.4,16.4
Kollam_Kerala,Kollam,Kerala,2023,8,643.8,33.0,21.2,92.1,14.7
Kollam_Kerala,Kollam,Kerala,2023,9,772.0,29.5,21.3,90.4,17.0
Kollam_Kerala,Kollam,Kerala,2023,10,294.0,28.4,20.8,84.8,14.3
Kollam_Kerala,Kollam,Kerala,2023,11,383.7,33.7,22.8,92.0,16.2
Kollam_Kerala,Kollam,Kerala,2023,12,75.1,31.9,20.1,88.6,17.6
Idukki_Kerala,Idukki,Kerala,2023,1,101.3,29.5,17.3,87.6,12.3
Idukki_Kerala,Idukki,Kerala,2023,2,59.2,28.4,17.0,94.5,13.2
Idukki_Kerala,Idukki,Kerala,2023,3,143.9,29.9,17.0,97.8,12.0
Idukki_Kerala,Idukki,Kerala,2023,4,119.9,25.7,17.6,98.0,12.7
Idukki_Kerala,Idukki,Kerala,2023,5,70.8,30.0,15.2,82.9,12.2
Idukki_Kerala,Idukki,Kerala,2023,6,856.0,26.7,15.7,83.6,14.0
Idukki_Kerala,Idukki,Kerala,2023,7,964.1,26.8,17.4,82.2,14.5
Idukki_Kerala,Idukki,Kerala,2023,8,813.9,28.9,17.3,90.9,12.1
Idukki_Kerala,Idukki,Kerala,2023,9,854.2,28.3,16.7,82.3,14.0
Idukki_Kerala,Idukki,Kerala,2023,10,411.4,29.0,14.9,87.1,15.9
Idukki_Kerala,Idukki,Kerala,2023,11,363.5,28.6,17.9,97.7,14.3
Idukki_Kerala,Idukki,Kerala,2023,12,41.1,28.4,15.5,95.3,13.6
Idukki_Kerala,Idukki,Kerala,2023,1,95.3,29.0,14.8,96.9,13.1
Idukki_Kerala,Idukki,Kerala,2023,2,19.8,28.4,14.5,84.2,13.2
Idukki_Kerala,Idukki,Kerala,2023,3,114.4,29.9,17.0,86.2,13.0
Idukki_Kerala,Idukki,Kerala,2023,4,176.1,30.3,14.8,97.2,13.4
Idukki_Kerala,Idukki,Kerala,2023,5,138.3,28.5,15.3,90.9,14.9
Idukki_Kerala,Idukki,Kerala,2023,6,626.6,27.7,14.5,92.6,12.9
Idukki_Kerala,Idukki,Kerala,2023,7,829.3,28.3,14.5,82.4,12.2
Idukki_Kerala,Idukki,Kerala,2023,8,1087.8,29.3,14.3,83.7,14.0
Idukki_Kerala,Idukki,Kerala,2023,9,875.5,30.7,17.1,91.6,13.8
Idukki_Kerala,Idukki,Kerala,2023,10,389.1,28.6,16.3,85.7,12.2
Idukki_Kerala,Idukki,Kerala,2023,11,481.6,27.7,14.5,95.4,12.1
Idukki_Kerala,Idukki,Kerala,2023,12,73.2,30.3,16.9,84.6,14.3
Idukki_Kerala,Idukki,Kerala,2023,1,33.1,30.2,15.5,97.2,15.8
Idukki_Kerala,Idukki,Kerala,2023,2,23.0,30.2,15.6,82.1,13.1
Idukki_Kerala,Idukki,Kerala,2023,3,161.7,25.8,14.4,96.8,15.0
Idukki_Kerala,Idukki,Kerala,2023,4,159.5,27.6,17.0,87.9,13.0
Idukki_Kerala,Idukki,Kerala,2023,5,162.9,30.9,15.4,96.7,15.7
Idukki_Kerala,Idukki,Kerala,2023,6,757.9,27.6,17.7,89.2,15.0
Idukki_Kerala,Idukki,Kerala,2023,7,847.6,26.2,15.7,94.1,14.4
Idukki_Kerala,Idukki,Kerala,2023,8,960.6,27.9,14.2,95.1,16.0
Idukki_Kerala,Idukki,Kerala,2023,9,808.9,26.0,16.6,91.8,15.2
Idukki_Kerala,Idukki,Kerala,2023,10,361.3,29.1,15.3,90.7,12.6
Idukki_Kerala,Idukki,Kerala,2023,11,405.8,27.5,17.4,91.4,12.8
Idukki_Kerala,Idukki,Kerala,2023,12,68.8,27.4,14.5,88.7,12.3
Idukki_Kerala,Idukki,Kerala,2023,1,61.2,26.6,17.1,86.1,13.8
Idukki_Kerala,Idukki,Kerala,2023,2,60.3,28.6,16.4,92.9,13.5
Idukki_Kerala,Idukki,Kerala,2023,3,124.3,29.8,14.5,97.4,14.5
Idukki_Kerala,Idukki,Kerala,2023,4,182.9,27.0,17.6,83.6,12.5
Idukki_Kerala,Idukki,Kerala,2023,5,130.8,28.8,16.2,93.3,13.7
Idukki_Kerala,Idukki,Kerala,2023,6,999.8,30.0,15.1,86.4,14.1
Idukki_Kerala,Idukki,Kerala,2023,7,846.3,27.2,14.9,89.5,14.2
Idukki_Kerala,Idukki,Kerala,2023,8,698.6,26.9,15.6,86.5,15.7
Idukki_Kerala,Idukki,Kerala,2023,9,957.2,28.9,17.4,88.4,15.3
Idukki_Kerala,Idukki,Kerala,2023,10,343.8,28.2,14.9,88.5,16.0
Idukki_Kerala,Idukki,Kerala,2023,11,459.7,25.7,15.7,86.2,12.3
Idukki_Kerala,Idukki,Kerala,2023,12,81.2,29.1,15.0,91.2,15.8
Idukki_Kerala,Idukki,Kerala,2023,1,97.0,25.7,15.8,93.2,16.0
Idukki_Kerala,Idukki,Kerala,2023,2,49.9,30.3,15.4,83.7,15.8
Idukki_Kerala,Idukki,Kerala,2023,3,136.2,28.7,14.0,96.9,13.4
Idukki_Kerala,Idukki,Kerala,2023,4,111.6,27.3,17.2,94.8,15.7
Idukki_Kerala,Idukki,Kerala,2023,5,133.8,28.0,17.2,93.4,13.5
Idukki_Kerala,Idukki,Kerala,2023,6,783.4,28.5,17.9,85.2,12.4
Idukki_Kerala,Idukki,Kerala,2023,7,696.0,27.1,14.9,87.6,14.6
Idukki_Kerala,Idukki,Kerala,2023,8,908.1,27.0,15.8,83.6,12.3
Idukki_Kerala,Idukki,Kerala,2023,9,848.2,28.7,14.2,83.9,15.5
Idukki_Kerala,Idukki,Kerala,2023,10,421.7,30.1,15.9,94.2,14.1
Idukki_Kerala,Idukki,Kerala,2023,11,338.1,27.9,15.3,87.4,13.3
Idukki_Kerala,Idukki,Kerala,2023,12,17.6,25.3,14.4,87.5,14.4
Varanasi_Uttar_Pradesh,Varanasi,Uttar Pradesh,2023,1,27.5,35.9,12.6,68.7,20.7
Varanasi_Uttar_Pradesh,Varanasi,Uttar Pradesh,2023,2,14.4,36.5,13.6,65.4,20.6
Varanasi_Uttar_Pradesh,Varanasi,Uttar Pradesh,2023,3,51.9,35.3,13.1,64.9,19.9
Varanasi_Uttar_Pradesh,Varanasi,Uttar Pradesh,2023,4,59.1,36.8,13.5,66.8,20.1
Varanasi_Uttar_Pradesh,Varanasi,Uttar Pradesh,2023,5,20.6,38.9,11.5,67.4,21.8
Varanasi_Uttar_Pradesh,Varanasi,Uttar Pradesh,2023,6,354.8,39.7,11.4,56.7,18.1
Varanasi_Uttar_Pradesh,Varanasi,Uttar Pradesh,2023,7,302.4,36.4,10.8,69.5,18.1
Varanasi_Uttar_Pradesh,Varanasi,Uttar Pradesh,2023,8,349.1,35.2,13.7,56.2,20.2
Varanasi_Uttar_Pradesh,Varanasi,Uttar Pradesh,2023,9,249.3,35.3,10.5,55.1,21.0
Varanasi_Uttar_Pradesh,Varanasi,Uttar Pradesh,2023,10,132.7,37.5,13.7,68.6,20.9
Varanasi_Uttar_Pradesh,Varanasi,Uttar Pradesh,2023,11,159.7,37.3,12.5,64.0,19.9
Varanasi_Uttar_Pradesh,Varanasi,Uttar Pradesh,2023,12,38.7,39.9,11.7,65.6,19.1
Varanasi_Uttar_Pradesh,Varanasi,Uttar Pradesh,2023,1,10.6,38.0,13.8,66.2,19.7
Varanasi_Uttar_Pradesh,Varanasi,Uttar Pradesh,2023,2,0.0,37.7,13.3,60.1,20.2
Varanasi_Uttar_Pradesh,Varanasi,Uttar Pradesh,2023,3,81.8,36.3,10.2,58.9,20.8
Varanasi_Uttar_Pradesh,Varanasi,Uttar Pradesh,2023,4,50.9,35.2,13.5,66.0,22.0
Varanasi_Uttar_Pradesh,Varanasi,Uttar Pradesh,2023,5,40.3,36.0,10.5,63.3,19.5
Varanasi_Uttar_Pradesh,Varanasi,Uttar Pradesh,2023,6,248.3,36.2,13.0,58.5,21.3
Varanasi_Uttar_Pradesh,Varanasi,Uttar Pradesh,2023,7,249.7,35.6,11.8,65.7,18.7
Varanasi_Uttar_Pradesh,Varanasi,Uttar Pradesh,2023,8,283.3,40.3,10.2,56.7,18.5
Varanasi_Uttar_Pradesh,Varanasi,Uttar Pradesh,2023,9,269.0,38.3,11.9,69.8,20.2
Varanasi_Uttar_Pradesh,Varanasi,Uttar Pradesh,2023,10,144.6,37.3,12.4,55.1,19.0
Varanasi_Uttar_Pradesh,Varanasi,Uttar Pradesh,2023,11,99.4,38.2,12.2,60.1,19.1
Varanasi_Uttar_Pradesh,Varanasi,Uttar Pradesh,2023,12,11.3,38.1,13.1,56.6,21.0
Varanasi_Uttar_Pradesh,Varanasi,Uttar Pradesh,2023,1,23.6,35.8,10.4,65.4,18.8
Varanasi_Uttar_Pradesh,Varanasi,Uttar Pradesh,2023,2,15.8,37.7,12.8,64.0,20.6
Varanasi_Uttar_Pradesh,Varanasi,Uttar Pradesh,2023,3,49.2,36.9,11.8,58.9,21.9
Varanasi_Uttar_Pradesh,Varanasi,Uttar Pradesh,2023,4,48.5,35.0,10.2,57.9,18.5
Varanasi_Uttar_Pradesh,Varanasi,Uttar Pradesh,2023,5,63.9,39.4,10.9,60.4,20.0
Varanasi_Uttar_Pradesh,Varanasi,Uttar Pradesh,2023,6,374.1,40.5,12.0,65.1,18.4
Varanasi_Uttar_Pradesh,Varanasi,Uttar Pradesh,2023,7,307.6,37.6,12.5,58.1,18.2
Varanasi_Uttar_Pradesh,Varanasi,Uttar Pradesh,2023,8,201.4,35.1,10.4,57.8,18.9
Varanasi_Uttar_Pradesh,Varanasi,Uttar Pradesh,2023,9,383.7,35.8,12.2,67.7,20.7
Varanasi_Uttar_Pradesh,Varanasi,Uttar Pradesh,2023,10,128.2,39.3,12.9,64.7,21.5
Varanasi_Uttar_Pradesh,Varanasi,Uttar Pradesh,2023,11,169.1,37.6,12.6,67.1,18.0
Varanasi_Uttar_Pradesh,Varanasi,Uttar Pradesh,2023,12,22.1,37.8,13.5,57.6,19.9
Varanasi_Uttar_Pradesh,Varanasi,Uttar Pradesh,2023,1,54.6,35.7,12.9,54.8,18.1
Varanasi_Uttar_Pradesh,Varanasi,Uttar Pradesh,2023,2,30.1,40.6,10.8,56.6,19.0
Varanasi_Uttar_Pradesh,Varanasi,Uttar Pradesh,2023,3,51.6,36.3,13.0,59.0,21.7
Varanasi_Uttar_Pradesh,Varanasi,Uttar Pradesh,2023,4,52.4,39.7,13.3,58.6,19.4
Varanasi_Uttar_Pradesh,Varanasi,Uttar Pradesh,2023,5,53.8,35.3,11.8,66.8,21.1
Varanasi_Uttar_Pradesh,Varanasi,Uttar Pradesh,2023,6,381.0,35.6,12.4,66.5,18.4
Varanasi_Uttar_Pradesh,Varanasi,Uttar Pradesh,2023,7,229.5,38.6,13.5,64.7,21.9
Varanasi_Uttar_Pradesh,Varanasi,Uttar Pradesh,2023,8,245.9,39.9,11.3,69.6,19.2
Varanasi_Uttar_Pradesh,Varanasi,Uttar Pradesh,2023,9,389.6,39.5,12.3,55.9,20.1
Varanasi_Uttar_Pradesh,Varanasi,Uttar Pradesh,2023,10,141.7,39.5,13.6,54.2,21.2
Varanasi_Uttar_Pradesh,Varanasi,Uttar Pradesh,2023,11,182.3,35.8,10.3,54.3,20.5
Varanasi_Uttar_Pradesh,Varanasi,Uttar Pradesh,2023,12,44.8,37.4,11.3,64.0,21.3
Varanasi_Uttar_Pradesh,Varanasi,Uttar Pradesh,2023,1,10.3,36.0,10.0,65.5,18.4
Varanasi_Uttar_Pradesh,Varanasi,Uttar Pradesh,2023,2,7.1,38.4,11.6,64.8,18.2
Varanasi_Uttar_Pradesh,Varanasi,Uttar Pradesh,2023,3,31.6,37.0,11.2,55.1,21.6
Varanasi_Uttar_Pradesh,Varanasi,Uttar Pradesh,2023,4,41.4,35.4,13.9,64.9,19.7
Varanasi_Uttar_Pradesh,Varanasi,Uttar Pradesh,2023,5,67.2,39.7,11.9,60.9,18.0
Varanasi_Uttar_Pradesh,Varanasi,Uttar Pradesh,2023,6,385.0,36.2,13.7,68.6,22.0
Varanasi_Uttar_Pradesh,Varanasi,Uttar Pradesh,2023,7,391.6,36.5,13.4,67.2,18.9
Varanasi_Uttar_Pradesh,Varanasi,Uttar Pradesh,2023,8,255.2,36.8,13.5,54.1,18.1
Varanasi_Uttar_Pradesh,Varanasi,Uttar Pradesh,2023,9,289.8,39.1,12.3,55.2,18.7
Varanasi_Uttar_Pradesh,Varanasi,Uttar Pradesh,2023,10,119.6,39.8,11.7,55.5,19.9
Varanasi_Uttar_Pradesh,Varanasi,Uttar Pradesh,2023,11,96.5,36.4,13.4,68.8,21.3
Varanasi_Uttar_Pradesh,Varanasi,Uttar Pradesh,2023,12,8.4,38.3,12.9,69.9,18.5
Agra_Uttar_Pradesh,Agra,Uttar Pradesh,2023,1,12.6,37.3,8.6,44.2,22.4
Agra_Uttar_Pradesh,Agra,Uttar Pradesh,2023,2,33.3,40.3,9.7,51.9,21.8
Agra_Uttar_Pradesh,Agra,Uttar Pradesh,2023,3,31.8,42.2,9.5,55.5,21.7
Agra_Uttar_Pradesh,Agra,Uttar Pradesh,2023,4,10.3,41.2,11.2,52.6,20.6
Agra_Uttar_Pradesh,Agra,Uttar Pradesh,2023,5,23.4,39.4,9.7,57.5,22.9
Agra_Uttar_Pradesh,Agra,Uttar Pradesh,2023,6,174.6,37.2,10.7,55.4,22.8
Agra_Uttar_Pradesh,Agra,Uttar Pradesh,2023,7,174.4,42.8,11.9,50.8,20.3
Agra_Uttar_Pradesh,Agra,Uttar Pradesh,2023,8,224.6,41.1,10.9,43.4,20.4
Agra_Uttar_Pradesh,Agra,Uttar Pradesh,2023,9,176.9,40.2,11.2,43.8,23.7
Agra_Uttar_Pradesh,Agra,Uttar Pradesh,2023,10,97.3,42.2,9.1,45.3,21.1
Agra_Uttar_Pradesh,Agra,Uttar Pradesh,2023,11,129.1,39.0,10.8,52.8,23.2
Agra_Uttar_Pradesh,Agra,Uttar Pradesh,2023,12,11.4,41.0,8.1,48.0,22.8
Agra_Uttar_Pradesh,Agra,Uttar Pradesh,2023,1,22.4,41.5,8.8,45.1,22.6
Agra_Uttar_Pradesh,Agra,Uttar Pradesh,2023,2,25.5,37.1,10.4,53.7,24.0
Agra_Uttar_Pradesh,Agra,Uttar Pradesh,2023,3,26.6,37.6,10.6,50.4,23.6
Agra_Uttar_Pradesh,Agra,Uttar Pradesh,2023,4,39.1,39.4,9.6,45.6,20.1
Agra_Uttar_Pradesh,Agra,Uttar Pradesh,2023,5,22.8,38.2,8.5,45.0,20.1
Agra_Uttar_Pradesh,Agra,Uttar Pradesh,2023,6,220.5,40.4,10.5,57.6,20.3
Agra_Uttar_Pradesh,Agra,Uttar Pradesh,2023,7,184.4,39.9,11.7,53.6,22.6
Agra_Uttar_Pradesh,Agra,Uttar Pradesh,2023,8,204.2,37.2,10.3,50.9,21.4
Agra_Uttar_Pradesh,Agra,Uttar Pradesh,2023,9,181.6,37.3,8.3,49.0,21.0
Agra_Uttar_Pradesh,Agra,Uttar Pradesh,2023,10,110.2,41.6,9.3,53.8,23.4
Agra_Uttar_Pradesh,Agra,Uttar Pradesh,2023,11,79.7,42.4,8.2,47.6,20.5
Agra_Uttar_Pradesh,Agra,Uttar Pradesh,2023,12,0.0,39.6,10.7,46.6,23.4
Agra_Uttar_Pradesh,Agra,Uttar Pradesh,2023,1,23.3,43.0,8.3,49.6,23.2
Agra_Uttar_Pradesh,Agra,Uttar Pradesh,2023,2,30.0,39.1,9.8,51.5,23.9
Agra_Uttar_Pradesh,Agra,Uttar Pradesh,2023,3,44.0,38.6,12.0,52.7,21.9
Agra_Uttar_Pradesh,Agra,Uttar Pradesh,2023,4,26.3,38.6,8.5,43.8,21.4
Agra_Uttar_Pradesh,Agra,Uttar Pradesh,2023,5,44.1,37.6,11.4,51.6,23.8
Agra_Uttar_Pradesh,Agra,Uttar Pradesh,2023,6,211.0,39.8,10.6,42.5,20.1
Agra_Uttar_Pradesh,Agra,Uttar Pradesh,2023,7,151.0,39.6,9.9,44.2,22.7
Agra_Uttar_Pradesh,Agra,Uttar Pradesh,2023,8,207.2,37.1,8.3,48.3,20.6
Agra_Uttar_Pradesh,Agra,Uttar Pradesh,2023,9,194.9,40.3,8.9,47.5,22.5
Agra_Uttar_Pradesh,Agra,Uttar Pradesh,2023,10,120.3,40.3,9.4,47.8,23.5
Agra_Uttar_Pradesh,Agra,Uttar Pradesh,2023,11,91.4,41.0,10.7,42.6,22.4
Agra_Uttar_Pradesh,Agra,Uttar Pradesh,2023,12,0.0,38.7,11.6,50.8,21.7
Agra_Uttar_Pradesh,Agra,Uttar Pradesh,2023,1,23.1,38.1,9.0,42.9,23.9
Agra_Uttar_Pradesh,Agra,Uttar Pradesh,2023,2,37.3,42.1,9.9,56.8,23.9
Agra_Uttar_Pradesh,Agra,Uttar Pradesh,2023,3,19.2,41.0,11.9,56.0,23.4
Agra_Uttar_Pradesh,Agra,Uttar Pradesh,2023,4,60.5,41.7,10.9,46.2,22.5
Agra_Uttar_Pradesh,Agra,Uttar Pradesh,2023,5,47.2,40.0,8.5,42.1,22.7
Agra_Uttar_Pradesh,Agra,Uttar Pradesh,2023,6,203.2,38.0,9.9,43.6,21.3
Agra_Uttar_Pradesh,Agra,Uttar Pradesh,2023,7,188.7,39.8,9.0,55.6,21.4
Agra_Uttar_Pradesh,Agra,Uttar Pradesh,2023,8,159.7,38.9,8.3,42.5,22.4
Agra_Uttar_Pradesh,Agra,Uttar Pradesh,2023,9,219.3,41.6,8.2,57.0,20.4
Agra_Uttar_Pradesh,Agra,Uttar Pradesh,2023,10,86.8,42.3,10.0,43.3,22.5
Agra_Uttar_Pradesh,Agra,Uttar Pradesh,2023,11,81.5,40.9,8.9,48.0,20.0
Agra_Uttar_Pradesh,Agra,Uttar Pradesh,2023,12,10.9,40.4,11.8,46.8,24.0
Agra_Uttar_Pradesh,Agra,Uttar Pradesh,2023,1,0.0,39.2,10.4,43.9,23.7
Agra_Uttar_Pradesh,Agra,Uttar Pradesh,2023,2,24.4,41.2,9.3,48.3,23.0
Agra_Uttar_Pradesh,Agra,Uttar Pradesh,2023,3,41.9,39.3,10.0,57.8,20.9
Agra_Uttar_Pradesh,Agra,Uttar Pradesh,2023,4,21.4,41.6,11.1,46.7,20.3
Agra_Uttar_Pradesh,Agra,Uttar Pradesh,2023,5,14.9,39.5,12.0,49.5,21.0
Agra_Uttar_Pradesh,Agra,Uttar Pradesh,2023,6,249.5,40.6,8.4,48.1,23.8
Agra_Uttar_Pradesh,Agra,Uttar Pradesh,2023,7,208.4,40.8,11.6,46.4,22.0
Agra_Uttar_Pradesh,Agra,Uttar Pradesh,2023,8,244.6,41.3,10.5,52.9,21.4
Agra_Uttar_Pradesh,Agra,Uttar Pradesh,2023,9,189.8,38.3,9.7,45.0,20.0
Agra_Uttar_Pradesh,Agra,Uttar Pradesh,2023,10,112.5,42.8,8.6,51.4,20.8
Agra_Uttar_Pradesh,Agra,Uttar Pradesh,2023,11,118.2,37.7,11.6,45.1,22.5
Agra_Uttar_Pradesh,Agra,Uttar Pradesh,2023,12,38.4,42.7,9.4,43.7,20.8
Lucknow_Uttar_Pradesh,Lucknow,Uttar Pradesh,2023,1,44.3,40.2,10.3,62.4,18.5
Lucknow_Uttar_Pradesh,Lucknow,Uttar Pradesh,2023,2,0.0,40.5,13.6,55.6,20.2
Lucknow_Uttar_Pradesh,Lucknow,Uttar Pradesh,2023,3,58.2,37.4,11.9,64.6,19.9
Lucknow_Uttar_Pradesh,Lucknow,Uttar Pradesh,2023,4,49.1,36.5,11.3,53.2,20.0
Lucknow_Uttar_Pradesh,Lucknow,Uttar Pradesh,2023,5,40.5,37.5,13.1,67.3,21.4
Lucknow_Uttar_Pradesh,Lucknow,Uttar Pradesh,2023,6,332.9,36.0,13.7,65.9,21.5
Lucknow_Uttar_Pradesh,Lucknow,Uttar Pradesh,2023,7,296.5,35.1,13.0,53.5,19.0
Lucknow_Uttar_Pradesh,Lucknow,Uttar Pradesh,2023,8,268.3,35.1,13.3,66.1,20.7
Lucknow_Uttar_Pradesh,Lucknow,Uttar Pradesh,2023,9,287.1,35.7,13.0,54.1,19.5
Lucknow_Uttar_Pradesh,Lucknow,Uttar Pradesh,2023,10,134.6,35.0,11.0,60.6,20.1
Lucknow_Uttar_Pradesh,Lucknow,Uttar Pradesh,2023,11,120.4,38.2,10.8,55.0,20.3
Lucknow_Uttar_Pradesh,Lucknow,Uttar Pradesh,2023,12,7.7,35.7,12.3,56.3,19.6
Lucknow_Uttar_Pradesh,Lucknow,Uttar Pradesh,2023,1,19.7,40.9,11.7,54.4,19.9
Lucknow_Uttar_Pradesh,Lucknow,Uttar Pradesh,2023,2,36.1,37.8,12.4,56.3,20.6
Lucknow_Uttar_Pradesh,Lucknow,Uttar Pradesh,2023,3,41.4,40.3,12.2,56.0,21.8
Lucknow_Uttar_Pradesh,Lucknow,Uttar Pradesh,2023,4,33.9,36.1,11.0,65.3,20.5
Lucknow_Uttar_Pradesh,Lucknow,Uttar Pradesh,2023,5,46.0,35.7,10.0,60.1,22.0
Lucknow_Uttar_Pradesh,Lucknow,Uttar Pradesh,2023,6,284.1,40.3,13.1,52.2,21.3
Lucknow_Uttar_Pradesh,Lucknow,Uttar Pradesh,2023,7,218.6,36.4,11.9,58.8,19.2
Lucknow_Uttar_Pradesh,Lucknow,Uttar Pradesh,2023,8,223.8,40.9,13.1,56.7,19.0
Lucknow_Uttar_Pradesh,Lucknow,Uttar Pradesh,2023,9,205.6,38.3,12.4,63.3,20.7
Lucknow_Uttar_Pradesh,Lucknow,Uttar Pradesh,2023,10,100.8,39.1,11.4,55.4,19.5
Lucknow_Uttar_Pradesh,Lucknow,Uttar Pradesh,2023,11,89.9,40.0,13.4,55.5,18.3
Lucknow_Uttar_Pradesh,Lucknow,Uttar Pradesh,2023,12,12.6,37.4,10.3,55.6,21.2
Lucknow_Uttar_Pradesh,Lucknow,Uttar Pradesh,2023,1,20.1,38.8,13.3,60.2,20.9
Lucknow_Uttar_Pradesh,Lucknow,Uttar Pradesh,2023,2,6.7,39.0,12.8,67.0,18.9
Lucknow_Uttar_Pradesh,Lucknow,Uttar Pradesh,2023,3,30.1,35.5,11.6,58.0,19.1
Lucknow_Uttar_Pradesh,Lucknow,Uttar Pradesh,2023,4,28.1,40.9,13.1,53.1,21.5
Lucknow_Uttar_Pradesh,Lucknow,Uttar Pradesh,2023,5,61.9,37.1,11.9,66.3,19.1
Lucknow_Uttar_Pradesh,Lucknow,Uttar Pradesh,2023,6,338.0,40.9,11.3,55.8,19.3
Lucknow_Uttar_Pradesh,Lucknow,Uttar Pradesh,2023,7,324.0,38.4,11.6,58.3,18.8
Lucknow_Uttar_Pradesh,Lucknow,Uttar Pradesh,2023,8,282.0,35.3,13.6,62.6,20.5
Lucknow_Uttar_Pradesh,Lucknow,Uttar Pradesh,2023,9,273.2,37.5,13.2,56.9,19.9
Lucknow_Uttar_Pradesh,Lucknow,Uttar Pradesh,2023,10,100.5,37.5,12.1,53.8,22.0
Lucknow_Uttar_Pradesh,Lucknow,Uttar Pradesh,2023,11,113.5,38.5,13.1,56.7,21.0
Lucknow_Uttar_Pradesh,Lucknow,Uttar Pradesh,2023,12,12.6,39.0,13.1,62.7,21.6
Lucknow_Uttar_Pradesh,Lucknow,Uttar Pradesh,2023,1,10.1,35.7,12.4,57.5,18.1
Lucknow_Uttar_Pradesh,Lucknow,Uttar Pradesh,2023,2,15.2,35.6,13.2,66.6,21.0
Lucknow_Uttar_Pradesh,Lucknow,Uttar Pradesh,2023,3,42.0,36.6,10.8,64.2,21.8
Lucknow_Uttar_Pradesh,Lucknow,Uttar Pradesh,2023,4,64.6,38.8,11.6,58.8,18.3
Lucknow_Uttar_Pradesh,Lucknow,Uttar Pradesh,2023,5,31.5,37.6,12.2,60.9,19.1
Lucknow_Uttar_Pradesh,Lucknow,Uttar Pradesh,2023,6,257.7,37.3,13.3,59.2,20.4
Lucknow_Uttar_Pradesh,Lucknow,Uttar Pradesh,2023,7,336.5,40.3,11.1,52.6,19.0
Lucknow_Uttar_Pradesh,Lucknow,Uttar Pradesh,2023,8,245.7,38.9,10.3,54.2,18.6
Lucknow_Uttar_Pradesh,Lucknow,Uttar Pradesh,2023,9,291.5,40.2,13.8,55.2,19.2
Lucknow_Uttar_Pradesh,Lucknow,Uttar Pradesh,2023,10,98.8,40.5,12.3,63.8,20.0
Lucknow_Uttar_Pradesh,Lucknow,Uttar Pradesh,2023,11,74.3,38.2,12.9,55.4,20.9
Lucknow_Uttar_Pradesh,Lucknow,Uttar Pradesh,2023,12,22.2,39.5,11.6,62.9,21.1
Lucknow_Uttar_Pradesh,Lucknow,Uttar Pradesh,2023,1,39.8,37.4,10.7,56.6,19.8
Lucknow_Uttar_Pradesh,Lucknow,Uttar Pradesh,2023,2,3.4,39.4,10.0,60.6,21.2
Lucknow_Uttar_Pradesh,Lucknow,Uttar Pradesh,2023,3,36.6,39.0,12.6,59.1,19.4
Lucknow_Uttar_Pradesh,Lucknow,Uttar Pradesh,2023,4,64.2,36.9,10.4,53.1,18.4
Lucknow_Uttar_Pradesh,Lucknow,Uttar Pradesh,2023,5,26.4,37.0,13.0,56.7,21.1
Lucknow_Uttar_Pradesh,Lucknow,Uttar Pradesh,2023,6,289.2,39.4,13.0,58.4,18.8
Lucknow_Uttar_Pradesh,Lucknow,Uttar Pradesh,2023,7,282.5,38.8,10.7,62.9,19.7
Lucknow_Uttar_Pradesh,Lucknow,Uttar Pradesh,2023,8,285.6,38.1,13.3,63.6,20.5
Lucknow_Uttar_Pradesh,Lucknow,Uttar Pradesh,2023,9,223.6,40.6,10.5,59.8,19.0
Lucknow_Uttar_Pradesh,Lucknow,Uttar Pradesh,2023,10,144.1,35.8,13.5,54.9,21.2
Lucknow_Uttar_Pradesh,Lucknow,Uttar Pradesh,2023,11,110.5,35.9,10.7,62.6,20.2
Lucknow_Uttar_Pradesh,Lucknow,Uttar Pradesh,2023,12,0.0,35.4,13.0,63.4,18.2
Meerut_Uttar_Pradesh,Meerut,Uttar Pradesh,2023,1,37.6,40.0,10.3,54.9,18.9
Meerut_Uttar_Pradesh,Meerut,Uttar Pradesh,2023,2,18.4,36.0,9.0,57.5,18.9
Meerut_Uttar_Pradesh,Meerut,Uttar Pradesh,2023,3,56.5,39.5,10.7,59.3,20.0
Meerut_Uttar_Pradesh,Meerut,Uttar Pradesh,2023,4,42.0,36.5,8.4,62.0,18.7
Meerut_Uttar_Pradesh,Meerut,Uttar Pradesh,2023,5,13.5,35.8,8.7,50.9,20.6
Meerut_Uttar_Pradesh,Meerut,Uttar Pradesh,2023,6,273.2,40.2,8.9,55.2,18.6
Meerut_Uttar_Pradesh,Meerut,Uttar Pradesh,2023,7,246.2,38.7,11.0,58.7,20.5
Meerut_Uttar_Pradesh,Meerut,Uttar Pradesh,2023,8,283.3,37.2,10.9,59.8,18.7
Meerut_Uttar_Pradesh,Meerut,Uttar Pradesh,2023,9,215.5,37.5,8.7,64.8,21.0
Meerut_Uttar_Pradesh,Meerut,Uttar Pradesh,2023,10,112.9,40.4,8.5,54.0,20.2
Meerut_Uttar_Pradesh,Meerut,Uttar Pradesh,2023,11,104.1,40.9,9.8,55.7,19.2
Meerut_Uttar_Pradesh,Meerut,Uttar Pradesh,2023,12,21.8,40.7,9.7,65.2,21.3
Meerut_Uttar_Pradesh,Meerut,Uttar Pradesh,2023,1,2.7,39.9,11.3,53.8,19.3
Meerut_Uttar_Pradesh,Meerut,Uttar Pradesh,2023,2,20.2,36.7,10.4,54.8,18.2
Meerut_Uttar_Pradesh,Meerut,Uttar Pradesh,2023,3,4.1,39.8,11.8,56.8,20.1
Meerut_Uttar_Pradesh,Meerut,Uttar Pradesh,2023,4,26.9,35.9,10.4,64.9,18.8
Meerut_Uttar_Pradesh,Meerut,Uttar Pradesh,2023,5,26.4,37.3,8.4,55.6,18.7
Meerut_Uttar_Pradesh,Meerut,Uttar Pradesh,2023,6,213.1,36.8,10.6,64.7,19.6
Meerut_Uttar_Pradesh,Meerut,Uttar Pradesh,2023,7,183.1,40.1,10.3,57.3,18.6
Meerut_Uttar_Pradesh,Meerut,Uttar Pradesh,2023,8,217.8,40.7,11.5,51.3,20.1
Meerut_Uttar_Pradesh,Meerut,Uttar Pradesh,2023,9,193.1,40.3,10.1,55.3,18.8
Meerut_Uttar_Pradesh,Meerut,Uttar Pradesh,2023,10,127.7,37.8,8.9,55.3,21.8
Meerut_Uttar_Pradesh,Meerut,Uttar Pradesh,2023,11,103.8,38.1,11.1,55.4,18.7
Meerut_Uttar_Pradesh,Meerut,Uttar Pradesh,2023,12,25.0,39.3,11.5,55.9,18.3
Meerut_Uttar_Pradesh,Meerut,Uttar Pradesh,2023,1,12.7,40.2,11.2,65.4,18.3
Meerut_Uttar_Pradesh,Meerut,Uttar Pradesh,2023,2,0.0,39.5,8.6,51.6,20.2
Meerut_Uttar_Pradesh,Meerut,Uttar Pradesh,2023,3,42.3,37.9,9.7,56.8,21.5
Meerut_Uttar_Pradesh,Meerut,Uttar Pradesh,2023,4,26.5,37.0,8.8,63.8,18.6
Meerut_Uttar_Pradesh,Meerut,Uttar Pradesh,2023,5,41.6,40.4,11.2,59.3,20.7
Meerut_Uttar_Pradesh,Meerut,Uttar Pradesh,2023,6,213.1,36.8,9.6,62.2,19.0
Meerut_Uttar_Pradesh,Meerut,Uttar Pradesh,2023,7,273.5,38.2,11.8,60.9,20.6
Meerut_Uttar_Pradesh,Meerut,Uttar Pradesh,2023,8,278.3,36.5,10.5,56.4,18.0
Meerut_Uttar_Pradesh,Meerut,Uttar Pradesh,2023,9,176.4,38.4,11.5,62.7,20.2
Meerut_Uttar_Pradesh,Meerut,Uttar Pradesh,2023,10,75.4,37.2,10.5,51.0,20.1
Meerut_Uttar_Pradesh,Meerut,Uttar Pradesh,2023,11,136.3,39.8,10.7,53.3,18.4
Meerut_Uttar_Pradesh,Meerut,Uttar Pradesh,2023,12,31.1,38.5,8.8,59.7,18.1
Meerut_Uttar_Pradesh,Meerut,Uttar Pradesh,2023,1,41.9,37.1,12.0,50.1,18.1
Meerut_Uttar_Pradesh,Meerut,Uttar Pradesh,2023,2,11.1,35.4,8.9,56.8,20.9
Meerut_Uttar_Pradesh,Meerut,Uttar Pradesh,2023,3,30.3,38.0,11.7,63.0,19.3
Meerut_Uttar_Pradesh,Meerut,Uttar Pradesh,2023,4,61.1,35.4,8.1,52.7,20.9
Meerut_Uttar_Pradesh,Meerut,Uttar Pradesh,2023,5,26.6,35.6,11.7,55.5,21.6
Meerut_Uttar_Pradesh,Meerut,Uttar Pradesh,2023,6,272.9,37.8,8.1,64.5,20.1
Meerut_Uttar_Pradesh,Meerut,Uttar Pradesh,2023,7,161.1,37.3,11.8,61.1,21.5
Meerut_Uttar_Pradesh,Meerut,Uttar Pradesh,2023,8,197.3,40.8,8.1,65.2,19.5
Meerut_Uttar_Pradesh,Meerut,Uttar Pradesh,2023,9,175.6,40.9,11.9,52.6,18.7
Meerut_Uttar_Pradesh,Meerut,Uttar Pradesh,2023,10,115.7,39.4,8.7,65.3,20.6
Meerut_Uttar_Pradesh,Meerut,Uttar Pradesh,2023,11,126.8,37.5,11.9,59.3,21.5
Meerut_Uttar_Pradesh,Meerut,Uttar Pradesh,2023,12,32.7,38.3,8.0,50.6,18.8
Meerut_Uttar_Pradesh,Meerut,Uttar Pradesh,2023,1,5.6,36.6,11.0,55.9,20.9
Meerut_Uttar_Pradesh,Meerut,Uttar Pradesh,2023,2,17.7,38.3,11.9,55.9,18.8
Meerut_Uttar_Pradesh,Meerut,Uttar Pradesh,2023,3,37.4,40.0,8.6,60.5,18.6
Meerut_Uttar_Pradesh,Meerut,Uttar Pradesh,2023,4,53.4,37.0,8.6,55.9,20.8
Meerut_Uttar_Pradesh,Meerut,Uttar Pradesh,2023,5,22.7,38.5,9.7,52.7,18.6
Meerut_Uttar_Pradesh,Meerut,Uttar Pradesh,2023,6,280.0,36.4,11.1,51.4,19.5
Meerut_Uttar_Pradesh,Meerut,Uttar Pradesh,2023,7,225.0,38.2,11.5,65.1,18.4
Meerut_Uttar_Pradesh,Meerut,Uttar Pradesh,2023,8,222.1,36.6,10.8,54.1,19.4
Meerut_Uttar_Pradesh,Meerut,Uttar Pradesh,2023,9,206.4,40.3,9.2,63.2,19.4
Meerut_Uttar_Pradesh,Meerut,Uttar Pradesh,2023,10,95.6,38.6,9.1,54.0,21.9
Meerut_Uttar_Pradesh,Meerut,Uttar Pradesh,2023,11,138.4,35.8,11.0,53.4,21.9
Meerut_Uttar_Pradesh,Meerut,Uttar Pradesh,2023,12,1.8,37.6,11.3,62.3,19.5
Gorakhpur_Uttar_Pradesh,Gorakhpur,Uttar Pradesh,2023,1,2.9,36.2,12.4,64.0,19.3
Gorakhpur_Uttar_Pradesh,Gorakhpur,Uttar Pradesh,2023,2,16.8,36.3,15.8,60.3,19.6
Gorakhpur_Uttar_Pradesh,Gorakhpur,Uttar Pradesh,2023,3,12.1,36.3,12.4,57.4,17.7
Gorakhpur_Uttar_Pradesh,Gorakhpur,Uttar Pradesh,2023,4,61.5,34.2,14.7,59.9,19.5
Gorakhpur_Uttar_Pradesh,Gorakhpur,Uttar Pradesh,2023,5,52.5,39.0,15.8,57.1,20.5
Gorakhpur_Uttar_Pradesh,Gorakhpur,Uttar Pradesh,2023,6,259.5,34.7,13.5,58.5,17.4
Gorakhpur_Uttar_Pradesh,Gorakhpur,Uttar Pradesh,2023,7,380.2,36.7,14.9,69.2,18.1
Gorakhpur_Uttar_Pradesh,Gorakhpur,Uttar Pradesh,2023,8,217.5,35.1,13.0,58.0,17.7
Gorakhpur_Uttar_Pradesh,Gorakhpur,Uttar Pradesh,2023,9,268.6,33.8,14.2,66.5,19.2
Gorakhpur_Uttar_Pradesh,Gorakhpur,Uttar Pradesh,2023,10,110.0,33.3,13.6,60.0,19.2
Gorakhpur_Uttar_Pradesh,Gorakhpur,Uttar Pradesh,2023,11,162.1,35.6,13.5,70.5,17.9
Gorakhpur_Uttar_Pradesh,Gorakhpur,Uttar Pradesh,2023,12,39.7,35.5,13.2,64.5,17.4
Gorakhpur_Uttar_Pradesh,Gorakhpur,Uttar Pradesh,2023,1,7.9,35.4,15.9,63.9,18.2
Gorakhpur_Uttar_Pradesh,Gorakhpur,Uttar Pradesh,2023,2,15.1,37.9,12.3,62.1,20.9
Gorakhpur_Uttar_Pradesh,Gorakhpur,Uttar Pradesh,2023,3,44.2,35.1,14.3,58.6,18.2
Gorakhpur_Uttar_Pradesh,Gorakhpur,Uttar Pradesh,2023,4,39.7,36.3,12.9,67.4,20.6
Gorakhpur_Uttar_Pradesh,Gorakhpur,Uttar Pradesh,2023,5,20.1,38.1,14.5,58.3,18.9
Gorakhpur_Uttar_Pradesh,Gorakhpur,Uttar Pradesh,2023,6,255.6,38.6,15.0,68.1,18.0
Gorakhpur_Uttar_Pradesh,Gorakhpur,Uttar Pradesh,2023,7,265.7,33.0,13.6,61.4,19.3
Gorakhpur_Uttar_Pradesh,Gorakhpur,Uttar Pradesh,2023,8,267.5,38.1,14.4,59.3,19.9
Gorakhpur_Uttar_Pradesh,Gorakhpur,Uttar Pradesh,2023,9,264.5,36.9,13.1,63.1,19.9
Gorakhpur_Uttar_Pradesh,Gorakhpur,Uttar Pradesh,2023,10,179.9,33.1,13.4,63.4,18.4
Gorakhpur_Uttar_Pradesh,Gorakhpur,Uttar Pradesh,2023,11,147.3,33.7,13.1,65.1,18.3
Gorakhpur_Uttar_Pradesh,Gorakhpur,Uttar Pradesh,2023,12,33.7,38.2,15.6,70.4,17.2
Gorakhpur_Uttar_Pradesh,Gorakhpur,Uttar Pradesh,2023,1,5.7,34.5,14.7,60.0,19.2
Gorakhpur_Uttar_Pradesh,Gorakhpur,Uttar Pradesh,2023,2,33.6,36.9,15.9,59.2,18.7
Gorakhpur_Uttar_Pradesh,Gorakhpur,Uttar Pradesh,2023,3,83.8,36.6,12.6,71.4,17.7
Gorakhpur_Uttar_Pradesh,Gorakhpur,Uttar Pradesh,2023,4,38.7,35.7,15.2,69.8,19.9
Gorakhpur_Uttar_Pradesh,Gorakhpur,Uttar Pradesh,2023,5,31.1,37.5,13.8,72.1,20.3
Gorakhpur_Uttar_Pradesh,Gorakhpur,Uttar Pradesh,2023,6,328.7,36.9,15.6,63.1,20.4
Gorakhpur_Uttar_Pradesh,Gorakhpur,Uttar Pradesh,2023,7,289.4,36.9,14.7,71.1,17.9
Gorakhpur_Uttar_Pradesh,Gorakhpur,Uttar Pradesh,2023,8,285.4,34.1,13.9,57.3,17.6
Gorakhpur_Uttar_Pradesh,Gorakhpur,Uttar Pradesh,2023,9,363.5,33.7,12.9,58.6,18.7
Gorakhpur_Uttar_Pradesh,Gorakhpur,Uttar Pradesh,2023,10,116.7,37.4,14.7,61.5,19.7
Gorakhpur_Uttar_Pradesh,Gorakhpur,Uttar Pradesh,2023,11,171.9,35.0,14.3,60.9,19.6
Gorakhpur_Uttar_Pradesh,Gorakhpur,Uttar Pradesh,2023,12,30.4,37.1,14.6,57.6,17.7
Gorakhpur_Uttar_Pradesh,Gorakhpur,Uttar Pradesh,2023,1,32.3,33.3,13.2,67.9,19.3
Gorakhpur_Uttar_Pradesh,Gorakhpur,Uttar Pradesh,2023,2,22.8,34.2,13.7,65.0,20.6
Gorakhpur_Uttar_Pradesh,Gorakhpur,Uttar Pradesh,2023,3,54.2,36.9,12.1,68.6,17.1
Gorakhpur_Uttar_Pradesh,Gorakhpur,Uttar Pradesh,2023,4,88.1,34.8,13.0,63.1,18.4
Gorakhpur_Uttar_Pradesh,Gorakhpur,Uttar Pradesh,2023,5,37.3,36.7,12.7,70.5,20.2
Gorakhpur_Uttar_Pradesh,Gorakhpur,Uttar Pradesh,2023,6,330.6,34.5,12.1,66.9,18.8
Gorakhpur_Uttar_Pradesh,Gorakhpur,Uttar Pradesh,2023,7,349.1,38.8,14.5,69.2,17.3
Gorakhpur_Uttar_Pradesh,Gorakhpur,Uttar Pradesh,2023,8,268.0,35.6,13.8,61.9,19.4
Gorakhpur_Uttar_Pradesh,Gorakhpur,Uttar Pradesh,2023,9,268.2,34.0,12.3,62.3,17.9
Gorakhpur_Uttar_Pradesh,Gorakhpur,Uttar Pradesh,2023,10,157.4,34.1,14.2,64.7,17.2
Gorakhpur_Uttar_Pradesh,Gorakhpur,Uttar Pradesh,2023,11,130.1,37.0,13.5,64.5,18.1
Gorakhpur_Uttar_Pradesh,Gorakhpur,Uttar Pradesh,2023,12,24.6,38.3,12.7,70.4,17.5
Gorakhpur_Uttar_Pradesh,Gorakhpur,Uttar Pradesh,2023,1,29.6,37.2,13.9,62.0,18.1
Gorakhpur_Uttar_Pradesh,Gorakhpur,Uttar Pradesh,2023,2,20.3,37.3,13.5,69.3,17.6
Gorakhpur_Uttar_Pradesh,Gorakhpur,Uttar Pradesh,2023,3,44.3,36.4,12.8,71.4,18.1
Gorakhpur_Uttar_Pradesh,Gorakhpur,Uttar Pradesh,2023,4,34.9,35.3,14.0,61.7,20.1
Gorakhpur_Uttar_Pradesh,Gorakhpur,Uttar Pradesh,2023,5,54.7,34.2,13.5,57.1,20.0
Gorakhpur_Uttar_Pradesh,Gorakhpur,Uttar Pradesh,2023,6,356.6,35.7,15.2,67.4,17.0
Gorakhpur_Uttar_Pradesh,Gorakhpur,Uttar Pradesh,2023,7,275.4,36.7,12.3,68.3,19.2
Gorakhpur_Uttar_Pradesh,Gorakhpur,Uttar Pradesh,2023,8,317.2,36.6,12.1,58.0,19.9
Gorakhpur_Uttar_Pradesh,Gorakhpur,Uttar Pradesh,2023,9,282.1,34.3,13.8,57.8,18.2
Gorakhpur_Uttar_Pradesh,Gorakhpur,Uttar Pradesh,2023,10,147.3,39.0,13.6,63.2,19.0
Gorakhpur_Uttar_Pradesh,Gorakhpur,Uttar Pradesh,2023,11,139.0,36.4,12.8,69.7,17.1
Gorakhpur_Uttar_Pradesh,Gorakhpur,Uttar Pradesh,2023,12,50.8,36.5,12.4,60.4,18.1
Indore_Madhya_Pradesh,Indore,Madhya Pradesh,2023,1,37.9,34.2,17.6,64.6,22.3
Indore_Madhya_Pradesh,Indore,Madhya Pradesh,2023,2,36.5,35.5,18.0,52.5,21.6
Indore_Madhya_Pradesh,Indore,Madhya Pradesh,2023,3,50.0,39.6,18.7,57.1,19.8
Indore_Madhya_Pradesh,Indore,Madhya Pradesh,2023,4,42.3,35.0,16.8,60.1,19.5
Indore_Madhya_Pradesh,Indore,Madhya Pradesh,2023,5,76.3,39.8,16.2,67.1,23.0
Indore_Madhya_Pradesh,Indore,Madhya Pradesh,2023,6,335.7,38.2,16.5,66.0,19.2
Indore_Madhya_Pradesh,Indore,Madhya Pradesh,2023,7,254.8,36.5,16.5,67.5,22.9
Indore_Madhya_Pradesh,Indore,Madhya Pradesh,2023,8,230.1,36.3,17.5,56.2,19.2
Indore_Madhya_Pradesh,Indore,Madhya Pradesh,2023,9,209.9,39.5,18.6,66.2,21.9
Indore_Madhya_Pradesh,Indore,Madhya Pradesh,2023,10,115.5,39.4,17.4,53.8,21.8
Indore_Madhya_Pradesh,Indore,Madhya Pradesh,2023,11,149.6,34.3,16.6,61.6,21.5
Indore_Madhya_Pradesh,Indore,Madhya Pradesh,2023,12,4.1,37.5,19.0,57.1,20.9
Indore_Madhya_Pradesh,Indore,Madhya Pradesh,2023,1,12.4,34.2,19.7,60.4,21.2
Indore_Madhya_Pradesh,Indore,Madhya Pradesh,2023,2,17.7,36.9,19.9,62.8,19.6
Indore_Madhya_Pradesh,Indore,Madhya Pradesh,2023,3,15.7,38.6,17.2,52.3,22.8
Indore_Madhya_Pradesh,Indore,Madhya Pradesh,2023,4,9.2,35.4,16.9,58.8,22.7
Indore_Madhya_Pradesh,Indore,Madhya Pradesh,2023,5,53.7,36.5,18.2,55.9,19.2
Indore_Madhya_Pradesh,Indore,Madhya Pradesh,2023,6,315.9,35.2,17.9,59.9,19.1
Indore_Madhya_Pradesh,Indore,Madhya Pradesh,2023,7,204.8,38.1,16.9,58.8,21.2
Indore_Madhya_Pradesh,Indore,Madhya Pradesh,2023,8,313.8,34.8,18.0,63.9,19.4
Indore_Madhya_Pradesh,Indore,Madhya Pradesh,2023,9,231.9,34.2,17.9,56.8,22.4
Indore_Madhya_Pradesh,Indore,Madhya Pradesh,2023,10,124.3,36.4,18.0,52.6,22.6
Indore_Madhya_Pradesh,Indore,Madhya Pradesh,2023,11,137.2,34.7,16.6,62.6,21.6
Indore_Madhya_Pradesh,Indore,Madhya Pradesh,2023,12,36.7,36.7,18.5,63.0,21.1
Indore_Madhya_Pradesh,Indore,Madhya Pradesh,2023,1,9.0,37.0,18.7,67.5,19.6
Indore_Madhya_Pradesh,Indore,Madhya Pradesh,2023,2,18.5,37.5,18.2,60.9,21.9
Indore_Madhya_Pradesh,Indore,Madhya Pradesh,2023,3,29.6,39.1,16.9,54.9,19.1
Indore_Madhya_Pradesh,Indore,Madhya Pradesh,2023,4,31.1,37.2,17.0,53.2,22.0
Indore_Madhya_Pradesh,Indore,Madhya Pradesh,2023,5,70.8,39.4,19.7,64.8,21.5
Indore_Madhya_Pradesh,Indore,Madhya Pradesh,2023,6,211.7,34.3,19.5,59.7,21.8
Indore_Madhya_Pradesh,Indore,Madhya Pradesh,2023,7,196.7,35.8,17.1,58.2,19.0
Indore_Madhya_Pradesh,Indore,Madhya Pradesh,2023,8,257.0,39.2,17.8,57.8,23.0
Indore_Madhya_Pradesh,Indore,Madhya Pradesh,2023,9,272.1,37.0,19.2,57.5,20.6
Indore_Madhya_Pradesh,Indore,Madhya Pradesh,2023,10,118.3,39.2,17.7,61.3,22.0
Indore_Madhya_Pradesh,Indore,Madhya Pradesh,2023,11,121.6,39.9,18.0,67.0,19.0
Indore_Madhya_Pradesh,Indore,Madhya Pradesh,2023,12,20.1,35.9,16.9,57.1,19.9
Indore_Madhya_Pradesh,Indore,Madhya Pradesh,2023,1,3.2,37.1,17.7,55.5,21.9
Indore_Madhya_Pradesh,Indore,Madhya Pradesh,2023,2,5.7,39.6,18.2,56.0,19.8
Indore_Madhya_Pradesh,Indore,Madhya Pradesh,2023,3,24.6,34.8,17.7,54.4,21.6
Indore_Madhya_Pradesh,Indore,Madhya Pradesh,2023,4,53.9,38.1,19.8,62.2,20.5
Indore_Madhya_Pradesh,Indore,Madhya Pradesh,2023,5,53.8,34.8,17.3,61.2,21.7
Indore_Madhya_Pradesh,Indore,Madhya Pradesh,2023,6,294.8,34.9,19.8,53.2,19.4
Indore_Madhya_Pradesh,Indore,Madhya Pradesh,2023,7,274.5,38.6,19.8,54.3,20.5
Indore_Madhya_Pradesh,Indore,Madhya Pradesh,2023,8,244.3,36.9,16.1,63.3,20.6
Indore_Madhya_Pradesh,Indore,Madhya Pradesh,2023,9,282.9,35.5,17.0,56.2,20.4
Indore_Madhya_Pradesh,Indore,Madhya Pradesh,2023,10,104.3,35.2,19.7,55.5,20.0
Indore_Madhya_Pradesh,Indore,Madhya Pradesh,2023,11,118.6,36.6,19.3,64.6,22.7
Indore_Madhya_Pradesh,Indore,Madhya Pradesh,2023,12,6.6,39.0,19.8,67.9,19.5
Indore_Madhya_Pradesh,Indore,Madhya Pradesh,2023,1,7.0,34.2,18.4,58.2,22.6
Indore_Madhya_Pradesh,Indore,Madhya Pradesh,2023,2,11.6,37.2,17.1,66.5,20.9
Indore_Madhya_Pradesh,Indore,Madhya Pradesh,2023,3,52.4,35.9,19.3,54.0,19.7
Indore_Madhya_Pradesh,Indore,Madhya Pradesh,2023,4,71.9,36.3,18.6,67.1,19.8
Indore_Madhya_Pradesh,Indore,Madhya Pradesh,2023,5,26.2,34.9,16.7,66.3,19.0
Indore_Madhya_Pradesh,Indore,Madhya Pradesh,2023,6,310.7,37.4,18.7,58.9,19.5
Indore_Madhya_Pradesh,Indore,Madhya Pradesh,2023,7,213.1,35.3,16.1,67.7,22.9
Indore_Madhya_Pradesh,Indore,Madhya Pradesh,2023,8,225.2,38.4,19.3,54.0,19.5
Indore_Madhya_Pradesh,Indore,Madhya Pradesh,2023,9,327.7,38.7,16.8,58.6,21.4
Indore_Madhya_Pradesh,Indore,Madhya Pradesh,2023,10,88.0,35.7,18.0,60.2,22.3
Indore_Madhya_Pradesh,Indore,Madhya Pradesh,2023,11,151.7,39.0,17.0,57.3,21.0
Indore_Madhya_Pradesh,Indore,Madhya Pradesh,2023,12,24.0,34.3,17.3,61.1,21.1
Bhopal_Madhya_Pradesh,Bhopal,Madhya Pradesh,2023,1,7.7,35.5,16.6,62.1,21.7
Bhopal_Madhya_Pradesh,Bhopal,Madhya Pradesh,2023,2,39.2,33.9,17.8,54.6,19.1
Bhopal_Madhya_Pradesh,Bhopal,Madhya Pradesh,2023,3,37.8,37.1,18.9,68.3,22.0
Bhopal_Madhya_Pradesh,Bhopal,Madhya Pradesh,2023,4,24.6,34.6,17.5,56.6,19.4
Bhopal_Madhya_Pradesh,Bhopal,Madhya Pradesh,2023,5,60.2,37.2,17.8,62.4,21.1
Bhopal_Madhya_Pradesh,Bhopal,Madhya Pradesh,2023,6,337.9,37.3,18.3,57.2,19.2
Bhopal_Madhya_Pradesh,Bhopal,Madhya Pradesh,2023,7,250.1,37.6,17.3,60.1,22.7
Bhopal_Madhya_Pradesh,Bhopal,Madhya Pradesh,2023,8,252.4,35.1,19.0,64.0,20.7
Bhopal_Madhya_Pradesh,Bhopal,Madhya Pradesh,2023,9,415.4,33.4,19.0,54.4,21.6
Bhopal_Madhya_Pradesh,Bhopal,Madhya Pradesh,2023,10,133.3,34.9,19.5,59.4,21.5
Bhopal_Madhya_Pradesh,Bhopal,Madhya Pradesh,2023,11,147.7,37.7,17.0,69.2,20.4
Bhopal_Madhya_Pradesh,Bhopal,Madhya Pradesh,2023,12,36.8,33.1,19.8,59.5,19.8
Bhopal_Madhya_Pradesh,Bhopal,Madhya Pradesh,2023,1,7.4,36.9,17.4,58.4,21.3
Bhopal_Madhya_Pradesh,Bhopal,Madhya Pradesh,2023,2,16.2,37.6,18.9,69.4,22.7
Bhopal_Madhya_Pradesh,Bhopal,Madhya Pradesh,2023,3,63.3,34.2,18.2,66.2,22.6
Bhopal_Madhya_Pradesh,Bhopal,Madhya Pradesh,2023,4,51.5,36.6,17.3,54.1,19.8
Bhopal_Madhya_Pradesh,Bhopal,Madhya Pradesh,2023,5,46.4,34.6,17.1,69.4,20.5
Bhopal_Madhya_Pradesh,Bhopal,Madhya Pradesh,2023,6,222.3,33.7,16.4,55.2,21.4
Bhopal_Madhya_Pradesh,Bhopal,Madhya Pradesh,2023,7,258.3,38.2,17.7,68.7,21.0
Bhopal_Madhya_Pradesh,Bhopal,Madhya Pradesh,2023,8,312.3,33.4,16.4,64.4,20.9
Bhopal_Madhya_Pradesh,Bhopal,Madhya Pradesh,2023,9,390.7,35.3,18.4,62.0,22.9
Bhopal_Madhya_Pradesh,Bhopal,Madhya Pradesh,2023,10,187.4,34.5,19.1,58.2,19.8
Bhopal_Madhya_Pradesh,Bhopal,Madhya Pradesh,2023,11,160.0,38.8,16.6,67.1,20.1
Bhopal_Madhya_Pradesh,Bhopal,Madhya Pradesh,2023,12,7.5,36.5,17.4,64.5,19.1
Bhopal_Madhya_Pradesh,Bhopal,Madhya Pradesh,2023,1,18.9,37.6,17.2,60.5,21.1
Bhopal_Madhya_Pradesh,Bhopal,Madhya Pradesh,2023,2,0.0,33.9,18.5,55.2,19.8
Bhopal_Madhya_Pradesh,Bhopal,Madhya Pradesh,2023,3,26.1,34.2,19.6,54.3,21.6
Bhopal_Madhya_Pradesh,Bhopal,Madhya Pradesh,2023,4,52.0,36.5,16.9,67.6,21.0
Bhopal_Madhya_Pradesh,Bhopal,Madhya Pradesh,2023,5,61.4,38.9,19.1,69.5,21.1
Bhopal_Madhya_Pradesh,Bhopal,Madhya Pradesh,2023,6,326.2,38.3,19.9,59.2,22.2
Bhopal_Madhya_Pradesh,Bhopal,Madhya Pradesh,2023,7,269.6,34.1,17.4,68.9,19.6
Bhopal_Madhya_Pradesh,Bhopal,Madhya Pradesh,2023,8,348.8,33.7,17.3,63.0,19.7
Bhopal_Madhya_Pradesh,Bhopal,Madhya Pradesh,2023,9,394.8,34.3,16.7,61.3,22.0
Bhopal_Madhya_Pradesh,Bhopal,Madhya Pradesh,2023,10,111.4,36.2,19.8,60.3,20.7
Bhopal_Madhya_Pradesh,Bhopal,Madhya Pradesh,2023,11,188.8,37.3,18.3,69.6,21.8
Bhopal_Madhya_Pradesh,Bhopal,Madhya Pradesh,2023,12,41.8,37.4,17.2,58.9,22.1
Bhopal_Madhya_Pradesh,Bhopal,Madhya Pradesh,2023,1,16.9,35.5,16.4,69.0,19.2
Bhopal_Madhya_Pradesh,Bhopal,Madhya Pradesh,2023,2,12.6,35.8,16.7,56.3,19.5
Bhopal_Madhya_Pradesh,Bhopal,Madhya Pradesh,2023,3,48.9,33.8,19.9,58.1,20.8
Bhopal_Madhya_Pradesh,Bhopal,Madhya Pradesh,2023,4,37.2,37.5,18.1,58.6,20.0
Bhopal_Madhya_Pradesh,Bhopal,Madhya Pradesh,2023,5,47.0,35.2,16.6,58.1,19.6
Bhopal_Madhya_Pradesh,Bhopal,Madhya Pradesh,2023,6,401.0,36.4,16.9,62.2,21.1
Bhopal_Madhya_Pradesh,Bhopal,Madhya Pradesh,2023,7,319.8,38.8,17.9,68.8,19.0
Bhopal_Madhya_Pradesh,Bhopal,Madhya Pradesh,2023,8,258.7,37.6,17.3,67.4,22.3
Bhopal_Madhya_Pradesh,Bhopal,Madhya Pradesh,2023,9,358.2,37.2,18.7,60.2,21.7
Bhopal_Madhya_Pradesh,Bhopal,Madhya Pradesh,2023,10,169.1,38.7,16.1,59.6,19.5
Bhopal_Madhya_Pradesh,Bhopal,Madhya Pradesh,2023,11,131.9,38.5,19.1,69.6,19.9
Bhopal_Madhya_Pradesh,Bhopal,Madhya Pradesh,2023,12,13.9,38.0,16.2,69.9,21.4
Bhopal_Madhya_Pradesh,Bhopal,Madhya Pradesh,2023,1,27.7,36.8,17.7,55.0,21.0
Bhopal_Madhya_Pradesh,Bhopal,Madhya Pradesh,2023,2,15.5,33.4,16.6,66.2,21.9
Bhopal_Madhya_Pradesh,Bhopal,Madhya Pradesh,2023,3,52.1,38.3,19.1,67.0,22.3
Bhopal_Madhya_Pradesh,Bhopal,Madhya Pradesh,2023,4,55.3,38.2,19.7,54.4,19.2
Bhopal_Madhya_Pradesh,Bhopal,Madhya Pradesh,2023,5,62.5,38.2,17.6,55.9,19.3
Bhopal_Madhya_Pradesh,Bhopal,Madhya Pradesh,2023,6,247.9,35.9,18.8,69.8,20.8
Bhopal_Madhya_Pradesh,Bhopal,Madhya Pradesh,2023,7,325.0,36.2,18.1,54.1,19.0
Bhopal_Madhya_Pradesh,Bhopal,Madhya Pradesh,2023,8,231.1,37.2,16.8,68.3,22.7
Bhopal_Madhya_Pradesh,Bhopal,Madhya Pradesh,2023,9,425.6,34.6,18.0,56.8,22.2
Bhopal_Madhya_Pradesh,Bhopal,Madhya Pradesh,2023,10,189.2,35.6,19.0,55.6,19.2
Bhopal_Madhya_Pradesh,Bhopal,Madhya Pradesh,2023,11,162.3,39.0,16.4,67.7,20.9
Bhopal_Madhya_Pradesh,Bhopal,Madhya Pradesh,2023,12,44.6,38.5,17.2,69.2,19.6
Jabalpur_Madhya_Pradesh,Jabalpur,Madhya Pradesh,2023,1,23.2,34.0,19.3,62.7,19.8
Jabalpur_Madhya_Pradesh,Jabalpur,Madhya Pradesh,2023,2,7.2,37.6,19.3,68.2,20.8
Jabalpur_Madhya_Pradesh,Jabalpur,Madhya Pradesh,2023,3,61.5,37.5,17.0,60.7,21.8
Jabalpur_Madhya_Pradesh,Jabalpur,Madhya Pradesh,2023,4,19.6,36.4,19.0,65.6,19.4
Jabalpur_Madhya_Pradesh,Jabalpur,Madhya Pradesh,2023,5,93.6,38.0,16.2,60.8,19.5
Jabalpur_Madhya_Pradesh,Jabalpur,Madhya Pradesh,2023,6,293.3,34.4,18.1,68.1,21.1
Jabalpur_Madhya_Pradesh,Jabalpur,Madhya Pradesh,2023,7,277.3,33.7,17.7,63.9,20.0
Jabalpur_Madhya_Pradesh,Jabalpur,Madhya Pradesh,2023,8,476.5,36.8,19.5,67.9,21.3
Jabalpur_Madhya_Pradesh,Jabalpur,Madhya Pradesh,2023,9,394.0,37.3,16.1,68.0,21.7
Jabalpur_Madhya_Pradesh,Jabalpur,Madhya Pradesh,2023,10,173.3,35.3,19.2,72.3,19.5
Jabalpur_Madhya_Pradesh,Jabalpur,Madhya Pradesh,2023,11,217.5,33.7,19.4,62.2,20.4
Jabalpur_Madhya_Pradesh,Jabalpur,Madhya Pradesh,2023,12,34.9,37.4,17.8,71.2,21.2
Jabalpur_Madhya_Pradesh,Jabalpur,Madhya Pradesh,2023,1,8.7,33.9,19.8,72.8,18.2
Jabalpur_Madhya_Pradesh,Jabalpur,Madhya Pradesh,2023,2,12.7,34.1,17.5,59.1,19.8
Jabalpur_Madhya_Pradesh,Jabalpur,Madhya Pradesh,2023,3,41.3,33.6,17.7,72.7,19.3
Jabalpur_Madhya_Pradesh,Jabalpur,Madhya Pradesh,2023,4,93.7,38.7,19.2,67.6,21.4
Jabalpur_Madhya_Pradesh,Jabalpur,Madhya Pradesh,2023,5,35.1,38.9,19.1,72.4,21.1
Jabalpur_Madhya_Pradesh,Jabalpur,Madhya Pradesh,2023,6,468.7,37.6,18.1,71.8,21.3
Jabalpur_Madhya_Pradesh,Jabalpur,Madhya Pradesh,2023,7,460.6,34.8,16.1,72.0,20.3
Jabalpur_Madhya_Pradesh,Jabalpur,Madhya Pradesh,2023,8,321.4,38.0,19.3,70.0,20.6
Jabalpur_Madhya_Pradesh,Jabalpur,Madhya Pradesh,2023,9,342.3,33.1,19.3,58.4,20.5
Jabalpur_Madhya_Pradesh,Jabalpur,Madhya Pradesh,2023,10,174.8,38.6,16.1,69.4,18.2
Jabalpur_Madhya_Pradesh,Jabalpur,Madhya Pradesh,2023,11,130.5,33.4,19.2,65.5,18.1
Jabalpur_Madhya_Pradesh,Jabalpur,Madhya Pradesh,2023,12,16.7,37.8,17.8,65.9,21.2
Jabalpur_Madhya_Pradesh,Jabalpur,Madhya Pradesh,2023,1,43.0,36.3,16.5,61.6,20.0
Jabalpur_Madhya_Pradesh,Jabalpur,Madhya Pradesh,2023,2,18.7,33.1,17.4,64.7,18.7
Jabalpur_Madhya_Pradesh,Jabalpur,Madhya Pradesh,2023,3,52.7,35.7,17.4,67.1,18.2
Jabalpur_Madhya_Pradesh,Jabalpur,Madhya Pradesh,2023,4,39.1,35.1,17.6,69.9,21.5
Jabalpur_Madhya_Pradesh,Jabalpur,Madhya Pradesh,2023,5,59.4,35.8,17.1,72.8,21.3
Jabalpur_Madhya_Pradesh,Jabalpur,Madhya Pradesh,2023,6,473.0,33.9,18.0,67.2,18.7
Jabalpur_Madhya_Pradesh,Jabalpur,Madhya Pradesh,2023,7,458.5,35.5,18.4,67.2,18.2
Jabalpur_Madhya_Pradesh,Jabalpur,Madhya Pradesh,2023,8,482.0,33.4,19.4,72.9,21.3
Jabalpur_Madhya_Pradesh,Jabalpur,Madhya Pradesh,2023,9,460.4,38.5,16.1,69.3,20.7
Jabalpur_Madhya_Pradesh,Jabalpur,Madhya Pradesh,2023,10,136.1,36.1,18.8,58.2,21.2
Jabalpur_Madhya_Pradesh,Jabalpur,Madhya Pradesh,2023,11,138.8,38.3,18.2,63.1,18.2
Jabalpur_Madhya_Pradesh,Jabalpur,Madhya Pradesh,2023,12,52.1,38.5,18.9,58.7,19.0
Jabalpur_Madhya_Pradesh,Jabalpur,Madhya Pradesh,2023,1,50.8,36.8,19.0,69.0,19.3
Jabalpur_Madhya_Pradesh,Jabalpur,Madhya Pradesh,2023,2,0.0,34.7,18.8,71.5,21.8
Jabalpur_Madhya_Pradesh,Jabalpur,Madhya Pradesh,2023,3,53.5,34.9,19.4,59.9,18.3
Jabalpur_Madhya_Pradesh,Jabalpur,Madhya Pradesh,2023,4,67.4,34.3,16.6,71.6,21.8
Jabalpur_Madhya_Pradesh,Jabalpur,Madhya Pradesh,2023,5,42.3,34.9,17.5,64.5,19.7
Jabalpur_Madhya_Pradesh,Jabalpur,Madhya Pradesh,2023,6,385.7,35.8,18.8,68.5,19.8
Jabalpur_Madhya_Pradesh,Jabalpur,Madhya Pradesh,2023,7,307.3,37.6,18.6,66.4,18.9
Jabalpur_Madhya_Pradesh,Jabalpur,Madhya Pradesh,2023,8,404.0,38.5,18.6,61.5,19.9
Jabalpur_Madhya_Pradesh,Jabalpur,Madhya Pradesh,2023,9,447.7,36.2,18.7,69.1,18.7
Jabalpur_Madhya_Pradesh,Jabalpur,Madhya Pradesh,2023,10,195.5,38.8,18.6,72.7,20.3
Jabalpur_Madhya_Pradesh,Jabalpur,Madhya Pradesh,2023,11,170.4,33.7,17.6,64.3,21.4
Jabalpur_Madhya_Pradesh,Jabalpur,Madhya Pradesh,2023,12,39.5,35.1,16.7,62.6,20.7
Jabalpur_Madhya_Pradesh,Jabalpur,Madhya Pradesh,2023,1,27.2,35.6,16.6,59.7,18.7
Jabalpur_Madhya_Pradesh,Jabalpur,Madhya Pradesh,2023,2,2.3,34.2,16.4,67.2,22.0
Jabalpur_Madhya_Pradesh,Jabalpur,Madhya Pradesh,2023,3,61.9,35.5,19.4,59.2,21.4
Jabalpur_Madhya_Pradesh,Jabalpur,Madhya Pradesh,2023,4,81.9,38.3,18.7,67.5,18.9
Jabalpur_Madhya_Pradesh,Jabalpur,Madhya Pradesh,2023,5,35.4,34.1,16.4,61.8,21.4
Jabalpur_Madhya_Pradesh,Jabalpur,Madhya Pradesh,2023,6,266.3,35.5,18.0,59.9,21.9
Jabalpur_Madhya_Pradesh,Jabalpur,Madhya Pradesh,2023,7,397.1,33.1,17.9,70.4,18.9
Jabalpur_Madhya_Pradesh,Jabalpur,Madhya Pradesh,2023,8,327.8,38.9,16.3,71.4,19.3
Jabalpur_Madhya_Pradesh,Jabalpur,Madhya Pradesh,2023,9,405.3,33.8,17.8,62.2,18.2
Jabalpur_Madhya_Pradesh,Jabalpur,Madhya Pradesh,2023,10,184.0,36.9,17.3,60.1,20.7
Jabalpur_Madhya_Pradesh,Jabalpur,Madhya Pradesh,2023,11,172.4,36.1,17.0,70.8,19.3
Jabalpur_Madhya_Pradesh,Jabalpur,Madhya Pradesh,2023,12,28.9,33.1,17.1,63.0,21.5
Gwalior_Madhya_Pradesh,Gwalior,Madhya Pradesh,2023,1,29.9,37.7,11.4,58.4,22.9
Gwalior_Madhya_Pradesh,Gwalior,Madhya Pradesh,2023,2,0.0,40.1,11.9,51.1,21.2
Gwalior_Madhya_Pradesh,Gwalior,Madhya Pradesh,2023,3,40.5,39.9,11.6,46.7,20.8
Gwalior_Madhya_Pradesh,Gwalior,Madhya Pradesh,2023,4,61.8,38.2,13.5,47.3,22.5
Gwalior_Madhya_Pradesh,Gwalior,Madhya Pradesh,2023,5,36.5,37.3,12.2,56.5,20.5
Gwalior_Madhya_Pradesh,Gwalior,Madhya Pradesh,2023,6,188.5,41.1,11.2,53.0,23.7
Gwalior_Madhya_Pradesh,Gwalior,Madhya Pradesh,2023,7,176.4,41.1,13.1,59.3,20.6
Gwalior_Madhya_Pradesh,Gwalior,Madhya Pradesh,2023,8,219.0,41.8,12.5,48.3,21.1
Gwalior_Madhya_Pradesh,Gwalior,Madhya Pradesh,2023,9,188.6,38.0,12.3,53.3,21.5
Gwalior_Madhya_Pradesh,Gwalior,Madhya Pradesh,2023,10,99.4,39.3,11.0,50.4,23.2
Gwalior_Madhya_Pradesh,Gwalior,Madhya Pradesh,2023,11,128.8,41.7,12.1,54.0,24.0
Gwalior_Madhya_Pradesh,Gwalior,Madhya Pradesh,2023,12,0.0,42.7,13.2,50.4,23.9
Gwalior_Madhya_Pradesh,Gwalior,Madhya Pradesh,2023,1,17.9,42.6,13.7,59.5,20.5
Gwalior_Madhya_Pradesh,Gwalior,Madhya Pradesh,2023,2,16.3,40.2,10.1,45.0,23.6
Gwalior_Madhya_Pradesh,Gwalior,Madhya Pradesh,2023,3,40.2,42.3,12.4,56.9,21.7
Gwalior_Madhya_Pradesh,Gwalior,Madhya Pradesh,2023,4,19.6,39.7,12.2,45.7,24.0
Gwalior_Madhya_Pradesh,Gwalior,Madhya Pradesh,2023,5,14.3,40.2,12.1,51.0,23.1
Gwalior_Madhya_Pradesh,Gwalior,Madhya Pradesh,2023,6,225.2,41.3,10.1,53.1,23.5
Gwalior_Madhya_Pradesh,Gwalior,Madhya Pradesh,2023,7,154.6,42.6,11.4,51.3,23.9
Gwalior_Madhya_Pradesh,Gwalior,Madhya Pradesh,2023,8,163.8,42.2,13.5,51.6,22.1
Gwalior_Madhya_Pradesh,Gwalior,Madhya Pradesh,2023,9,270.3,38.6,10.1,51.7,23.4
Gwalior_Madhya_Pradesh,Gwalior,Madhya Pradesh,2023,10,138.0,42.3,12.3,51.1,23.1
Gwalior_Madhya_Pradesh,Gwalior,Madhya Pradesh,2023,11,113.5,37.5,13.7,51.3,21.5
Gwalior_Madhya_Pradesh,Gwalior,Madhya Pradesh,2023,12,25.0,38.3,13.3,48.6,20.7
Gwalior_Madhya_Pradesh,Gwalior,Madhya Pradesh,2023,1,9.9,38.7,13.3,54.8,23.9
Gwalior_Madhya_Pradesh,Gwalior,Madhya Pradesh,2023,2,10.5,40.0,11.0,53.4,21.8
Gwalior_Madhya_Pradesh,Gwalior,Madhya Pradesh,2023,3,27.2,37.1,12.1,49.4,20.0
Gwalior_Madhya_Pradesh,Gwalior,Madhya Pradesh,2023,4,19.5,39.4,10.5,52.1,22.8
Gwalior_Madhya_Pradesh,Gwalior,Madhya Pradesh,2023,5,50.6,39.7,12.1,57.0,21.7
Gwalior_Madhya_Pradesh,Gwalior,Madhya Pradesh,2023,6,241.3,39.5,13.0,46.8,21.4
Gwalior_Madhya_Pradesh,Gwalior,Madhya Pradesh,2023,7,178.6,38.4,12.3,56.8,23.1
Gwalior_Madhya_Pradesh,Gwalior,Madhya Pradesh,2023,8,221.4,40.6,11.6,57.4,22.9
Gwalior_Madhya_Pradesh,Gwalior,Madhya Pradesh,2023,9,237.8,39.8,13.4,52.1,22.7
Gwalior_Madhya_Pradesh,Gwalior,Madhya Pradesh,2023,10,118.1,38.7,12.3,46.0,22.8
Gwalior_Madhya_Pradesh,Gwalior,Madhya Pradesh,2023,11,93.3,41.1,11.7,46.0,21.7
Gwalior_Madhya_Pradesh,Gwalior,Madhya Pradesh,2023,12,6.5,39.3,13.0,56.4,22.4
Gwalior_Madhya_Pradesh,Gwalior,Madhya Pradesh,2023,1,13.2,39.8,11.7,58.2,21.7
Gwalior_Madhya_Pradesh,Gwalior,Madhya Pradesh,2023,2,25.5,42.5,12.7,51.5,20.4
Gwalior_Madhya_Pradesh,Gwalior,Madhya Pradesh,2023,3,26.5,37.4,12.1,46.6,20.0
Gwalior_Madhya_Pradesh,Gwalior,Madhya Pradesh,2023,4,17.5,38.0,10.3,47.3,22.9
Gwalior_Madhya_Pradesh,Gwalior,Madhya Pradesh,2023,5,42.1,40.0,10.1,45.1,21.0
Gwalior_Madhya_Pradesh,Gwalior,Madhya Pradesh,2023,6,233.8,40.6,11.6,45.9,23.1
Gwalior_Madhya_Pradesh,Gwalior,Madhya Pradesh,2023,7,211.2,40.1,13.0,58.5,23.7
Gwalior_Madhya_Pradesh,Gwalior,Madhya Pradesh,2023,8,223.6,38.6,13.7,51.3,20.5
Gwalior_Madhya_Pradesh,Gwalior,Madhya Pradesh,2023,9,195.4,40.0,12.2,49.4,20.3
Gwalior_Madhya_Pradesh,Gwalior,Madhya Pradesh,2023,10,133.1,42.0,11.5,56.2,21.9
Gwalior_Madhya_Pradesh,Gwalior,Madhya Pradesh,2023,11,70.0,39.1,10.6,60.0,20.2
Gwalior_Madhya_Pradesh,Gwalior,Madhya Pradesh,2023,12,12.6,38.8,12.3,46.4,23.1
Gwalior_Madhya_Pradesh,Gwalior,Madhya Pradesh,2023,1,13.2,40.0,13.1,58.0,20.4
Gwalior_Madhya_Pradesh,Gwalior,Madhya Pradesh,2023,2,24.5,39.6,11.3,50.6,22.4
Gwalior_Madhya_Pradesh,Gwalior,Madhya Pradesh,2023,3,49.7,38.3,10.7,44.7,22.2
Gwalior_Madhya_Pradesh,Gwalior,Madhya Pradesh,2023,4,24.0,41.2,13.0,48.1,21.4
Gwalior_Madhya_Pradesh,Gwalior,Madhya Pradesh,2023,5,44.7,41.6,11.8,56.7,23.1
Gwalior_Madhya_Pradesh,Gwalior,Madhya Pradesh,2023,6,253.9,42.6,12.3,47.8,21.6
Gwalior_Madhya_Pradesh,Gwalior,Madhya Pradesh,2023,7,257.1,38.1,10.2,54.9,21.0
Gwalior_Madhya_Pradesh,Gwalior,Madhya Pradesh,2023,8,228.6,40.4,10.3,47.0,20.9
Gwalior_Madhya_Pradesh,Gwalior,Madhya Pradesh,2023,9,191.1,40.0,10.8,45.1,20.7
Gwalior_Madhya_Pradesh,Gwalior,Madhya Pradesh,2023,10,123.0,42.2,13.4,52.2,22.8
Gwalior_Madhya_Pradesh,Gwalior,Madhya Pradesh,2023,11,92.2,38.6,13.3,45.3,23.1
Gwalior_Madhya_Pradesh,Gwalior,Madhya Pradesh,2023,12,23.4,38.8,12.6,51.8,21.5
Ujjain_Madhya_Pradesh,Ujjain,Madhya Pradesh,2023,1,19.6,37.8,17.5,54.6,22.1
Ujjain_Madhya_Pradesh,Ujjain,Madhya Pradesh,2023,2,0.0,38.9,16.9,57.3,20.6
Ujjain_Madhya_Pradesh,Ujjain,Madhya Pradesh,2023,3,31.2,38.0,17.5,60.4,20.3
Ujjain_Madhya_Pradesh,Ujjain,Madhya Pradesh,2023,4,51.7,39.5,14.6,58.7,20.9
Ujjain_Madhya_Pradesh,Ujjain,Madhya Pradesh,2023,5,17.5,35.9,14.4,51.8,20.4
Ujjain_Madhya_Pradesh,Ujjain,Madhya Pradesh,2023,6,256.3,38.7,14.6,63.1,23.7
Ujjain_Madhya_Pradesh,Ujjain,Madhya Pradesh,2023,7,213.6,35.2,17.7,56.4,20.2
Ujjain_Madhya_Pradesh,Ujjain,Madhya Pradesh,2023,8,208.7,37.4,16.7,55.5,21.5
Ujjain_Madhya_Pradesh,Ujjain,Madhya Pradesh,2023,9,183.8,35.6,17.2,50.2,22.4
Ujjain_Madhya_Pradesh,Ujjain,Madhya Pradesh,2023,10,93.5,38.8,15.8,54.4,22.4
Ujjain_Madhya_Pradesh,Ujjain,Madhya Pradesh,2023,11,105.0,38.4,16.7,48.4,21.9
Ujjain_Madhya_Pradesh,Ujjain,Madhya Pradesh,2023,12,0.0,38.4,17.5,62.1,20.3
Ujjain_Madhya_Pradesh,Ujjain,Madhya Pradesh,2023,1,16.1,36.6,17.7,54.7,23.5
Ujjain_Madhya_Pradesh,Ujjain,Madhya Pradesh,2023,2,2.2,36.1,15.6,49.8,21.8
Ujjain_Madhya_Pradesh,Ujjain,Madhya Pradesh,2023,3,22.7,38.9,17.8,51.3,22.8
Ujjain_Madhya_Pradesh,Ujjain,Madhya Pradesh,2023,4,47.5,40.4,17.9,53.8,22.6
Ujjain_Madhya_Pradesh,Ujjain,Madhya Pradesh,2023,5,40.8,36.9,17.7,60.6,20.5
Ujjain_Madhya_Pradesh,Ujjain,Madhya Pradesh,2023,6,211.0,35.5,16.8,51.6,20.1
Ujjain_Madhya_Pradesh,Ujjain,Madhya Pradesh,2023,7,180.5,35.5,16.4,58.4,21.5
Ujjain_Madhya_Pradesh,Ujjain,Madhya Pradesh,2023,8,281.9,37.6,15.6,54.9,23.9
Ujjain_Madhya_Pradesh,Ujjain,Madhya Pradesh,2023,9,266.2,39.4,15.3,50.0,21.9
Ujjain_Madhya_Pradesh,Ujjain,Madhya Pradesh,2023,10,122.7,40.2,15.5,53.6,24.0
Ujjain_Madhya_Pradesh,Ujjain,Madhya Pradesh,2023,11,124.5,39.8,17.7,49.4,21.1
Ujjain_Madhya_Pradesh,Ujjain,Madhya Pradesh,2023,12,25.9,38.4,14.7,52.5,22.1
Ujjain_Madhya_Pradesh,Ujjain,Madhya Pradesh,2023,1,13.7,40.9,14.3,52.5,21.0
Ujjain_Madhya_Pradesh,Ujjain,Madhya Pradesh,2023,2,7.5,39.9,17.7,51.2,22.2
Ujjain_Madhya_Pradesh,Ujjain,Madhya Pradesh,2023,3,44.7,37.6,14.8,55.8,21.6
Ujjain_Madhya_Pradesh,Ujjain,Madhya Pradesh,2023,4,60.0,35.8,14.4,62.5,22.1
Ujjain_Madhya_Pradesh,Ujjain,Madhya Pradesh,2023,5,34.0,38.2,16.2,61.8,20.4
Ujjain_Madhya_Pradesh,Ujjain,Madhya Pradesh,2023,6,207.4,40.2,17.8,63.9,23.8
Ujjain_Madhya_Pradesh,Ujjain,Madhya Pradesh,2023,7,159.8,35.9,15.4,61.3,23.6
Ujjain_Madhya_Pradesh,Ujjain,Madhya Pradesh,2023,8,208.3,40.5,15.9,49.7,21.8
Ujjain_Madhya_Pradesh,Ujjain,Madhya Pradesh,2023,9,233.4,37.6,14.1,63.9,22.2
Ujjain_Madhya_Pradesh,Ujjain,Madhya Pradesh,2023,10,130.0,35.9,14.8,60.9,21.0
Ujjain_Madhya_Pradesh,Ujjain,Madhya Pradesh,2023,11,121.2,35.2,16.1,51.1,23.0
Ujjain_Madhya_Pradesh,Ujjain,Madhya Pradesh,2023,12,37.7,39.7,14.7,60.8,22.6
Ujjain_Madhya_Pradesh,Ujjain,Madhya Pradesh,2023,1,0.7,38.7,14.9,49.3,20.0
Ujjain_Madhya_Pradesh,Ujjain,Madhya Pradesh,2023,2,14.5,39.5,15.5,55.8,21.6
Ujjain_Madhya_Pradesh,Ujjain,Madhya Pradesh,2023,3,38.5,40.8,17.7,61.6,23.7
Ujjain_Madhya_Pradesh,Ujjain,Madhya Pradesh,2023,4,38.6,39.5,16.8,62.3,22.9
Ujjain_Madhya_Pradesh,Ujjain,Madhya Pradesh,2023,5,50.5,40.0,16.8,59.1,21.3
Ujjain_Madhya_Pradesh,Ujjain,Madhya Pradesh,2023,6,304.4,36.3,16.5,54.3,24.0
Ujjain_Madhya_Pradesh,Ujjain,Madhya Pradesh,2023,7,234.1,37.3,16.6,49.2,22.4
Ujjain_Madhya_Pradesh,Ujjain,Madhya Pradesh,2023,8,323.0,35.4,18.0,59.2,20.6
Ujjain_Madhya_Pradesh,Ujjain,Madhya Pradesh,2023,9,165.7,40.0,14.1,51.7,23.0
Ujjain_Madhya_Pradesh,Ujjain,Madhya Pradesh,2023,10,129.5,39.5,14.2,62.3,20.9
Ujjain_Madhya_Pradesh,Ujjain,Madhya Pradesh,2023,11,122.1,36.0,17.9,55.8,20.2
Ujjain_Madhya_Pradesh,Ujjain,Madhya Pradesh,2023,12,30.5,39.2,16.1,61.4,20.1
Ujjain_Madhya_Pradesh,Ujjain,Madhya Pradesh,2023,1,0.0,35.9,18.0,48.4,20.7
Ujjain_Madhya_Pradesh,Ujjain,Madhya Pradesh,2023,2,32.9,37.7,14.3,58.7,20.6
Ujjain_Madhya_Pradesh,Ujjain,Madhya Pradesh,2023,3,64.2,38.2,14.9,58.0,22.1
Ujjain_Madhya_Pradesh,Ujjain,Madhya Pradesh,2023,4,39.3,39.0,16.3,63.8,23.3
Ujjain_Madhya_Pradesh,Ujjain,Madhya Pradesh,2023,5,39.7,36.3,17.1,50.4,21.9
Ujjain_Madhya_Pradesh,Ujjain,Madhya Pradesh,2023,6,280.3,40.0,16.6,54.4,21.7
Ujjain_Madhya_Pradesh,Ujjain,Madhya Pradesh,2023,7,297.0,39.2,16.8,62.8,22.9
Ujjain_Madhya_Pradesh,Ujjain,Madhya Pradesh,2023,8,276.0,40.0,16.9,48.5,21.5
Ujjain_Madhya_Pradesh,Ujjain,Madhya Pradesh,2023,9,267.5,36.9,14.6,56.8,21.1
Ujjain_Madhya_Pradesh,Ujjain,Madhya Pradesh,2023,10,94.2,39.7,16.0,51.5,20.5
Ujjain_Madhya_Pradesh,Ujjain,Madhya Pradesh,2023,11,125.1,38.9,14.9,55.0,23.4
Ujjain_Madhya_Pradesh,Ujjain,Madhya Pradesh,2023,12,12.1,37.1,14.5,48.8,22.2
Jaipur_Rajasthan,Jaipur,Rajasthan,2023,1,1.5,43.7,12.5,39.1,23.4
Jaipur_Rajasthan,Jaipur,Rajasthan,2023,2,2.0,39.5,12.7,46.6,24.8
Jaipur_Rajasthan,Jaipur,Rajasthan,2023,3,32.6,39.4,13.5,38.3,24.5
Jaipur_Rajasthan,Jaipur,Rajasthan,2023,4,49.2,44.4,11.9,43.1,25.3
Jaipur_Rajasthan,Jaipur,Rajasthan,2023,5,48.2,39.2,11.3,47.3,26.8
Jaipur_Rajasthan,Jaipur,Rajasthan,2023,6,124.7,45.0,12.0,41.2,23.7
Jaipur_Rajasthan,Jaipur,Rajasthan,2023,7,221.6,40.1,10.9,46.7,25.8
Jaipur_Rajasthan,Jaipur,Rajasthan,2023,8,213.8,44.5,13.2,44.0,26.9
Jaipur_Rajasthan,Jaipur,Rajasthan,2023,9,179.5,44.5,13.2,41.0,23.3
Jaipur_Rajasthan,Jaipur,Rajasthan,2023,10,94.3,40.1,13.5,37.5,24.5
Jaipur_Rajasthan,Jaipur,Rajasthan,2023,11,93.7,39.5,11.5,33.5,23.8
Jaipur_Rajasthan,Jaipur,Rajasthan,2023,12,0.0,41.0,12.2,46.7,25.2
Jaipur_Rajasthan,Jaipur,Rajasthan,2023,1,0.0,39.3,13.4,47.4,25.8
Jaipur_Rajasthan,Jaipur,Rajasthan,2023,2,28.9,43.0,13.4,44.3,24.5
Jaipur_Rajasthan,Jaipur,Rajasthan,2023,3,16.7,40.8,13.1,46.3,25.9
Jaipur_Rajasthan,Jaipur,Rajasthan,2023,4,12.3,39.3,11.5,39.4,25.4
Jaipur_Rajasthan,Jaipur,Rajasthan,2023,5,36.0,41.2,13.4,40.6,23.5
Jaipur_Rajasthan,Jaipur,Rajasthan,2023,6,230.2,42.2,12.1,33.4,25.6
Jaipur_Rajasthan,Jaipur,Rajasthan,2023,7,217.9,40.6,13.6,36.5,25.6
Jaipur_Rajasthan,Jaipur,Rajasthan,2023,8,197.2,41.5,11.2,32.8,26.0
Jaipur_Rajasthan,Jaipur,Rajasthan,2023,9,223.1,42.9,11.0,32.4,26.2
Jaipur_Rajasthan,Jaipur,Rajasthan,2023,10,78.6,39.6,10.3,37.6,26.2
Jaipur_Rajasthan,Jaipur,Rajasthan,2023,11,120.7,44.5,13.6,40.4,23.9
Jaipur_Rajasthan,Jaipur,Rajasthan,2023,12,6.9,40.6,10.9,40.2,24.3
Jaipur_Rajasthan,Jaipur,Rajasthan,2023,1,5.0,41.9,10.2,40.0,24.0
Jaipur_Rajasthan,Jaipur,Rajasthan,2023,2,16.2,42.8,13.4,47.7,25.0
Jaipur_Rajasthan,Jaipur,Rajasthan,2023,3,11.6,39.1,12.4,33.0,24.5
Jaipur_Rajasthan,Jaipur,Rajasthan,2023,4,21.0,41.6,10.5,36.7,25.3
Jaipur_Rajasthan,Jaipur,Rajasthan,2023,5,32.5,43.8,10.4,33.4,23.2
Jaipur_Rajasthan,Jaipur,Rajasthan,2023,6,201.7,39.8,12.6,39.6,26.9
Jaipur_Rajasthan,Jaipur,Rajasthan,2023,7,219.4,42.4,14.0,47.7,25.2
Jaipur_Rajasthan,Jaipur,Rajasthan,2023,8,183.2,41.6,12.1,36.4,26.7
Jaipur_Rajasthan,Jaipur,Rajasthan,2023,9,202.2,41.9,12.9,37.4,25.5
Jaipur_Rajasthan,Jaipur,Rajasthan,2023,10,81.3,44.3,10.5,39.8,23.8
Jaipur_Rajasthan,Jaipur,Rajasthan,2023,11,92.5,42.8,10.7,38.5,26.6
Jaipur_Rajasthan,Jaipur,Rajasthan,2023,12,14.6,40.2,11.7,40.6,25.3
Jaipur_Rajasthan,Jaipur,Rajasthan,2023,1,20.2,40.4,12.9,36.0,24.6
Jaipur_Rajasthan,Jaipur,Rajasthan,2023,2,11.2,41.3,11.2,33.8,25.0
Jaipur_Rajasthan,Jaipur,Rajasthan,2023,3,34.3,43.9,12.2,32.5,25.5
Jaipur_Rajasthan,Jaipur,Rajasthan,2023,4,22.4,43.1,10.8,45.1,26.6
Jaipur_Rajasthan,Jaipur,Rajasthan,2023,5,30.5,42.5,13.7,37.1,26.3
Jaipur_Rajasthan,Jaipur,Rajasthan,2023,6,116.6,43.6,13.0,44.6,26.7
Jaipur_Rajasthan,Jaipur,Rajasthan,2023,7,137.5,44.4,10.7,42.9,25.1
Jaipur_Rajasthan,Jaipur,Rajasthan,2023,8,135.8,42.1,13.4,43.3,25.5
Jaipur_Rajasthan,Jaipur,Rajasthan,2023,9,181.1,39.7,11.6,32.5,23.8
Jaipur_Rajasthan,Jaipur,Rajasthan,2023,10,80.5,39.3,12.4,40.8,23.3
Jaipur_Rajasthan,Jaipur,Rajasthan,2023,11,89.8,44.1,10.0,46.1,23.1
Jaipur_Rajasthan,Jaipur,Rajasthan,2023,12,12.2,43.4,11.6,33.1,26.1
Jaipur_Rajasthan,Jaipur,Rajasthan,2023,1,19.3,43.7,13.7,38.0,25.0
Jaipur_Rajasthan,Jaipur,Rajasthan,2023,2,1.6,43.5,11.4,38.9,24.6
Jaipur_Rajasthan,Jaipur,Rajasthan,2023,3,52.3,43.0,11.9,44.5,25.6
Jaipur_Rajasthan,Jaipur,Rajasthan,2023,4,1.7,39.2,11.8,45.2,24.3
Jaipur_Rajasthan,Jaipur,Rajasthan,2023,5,43.0,44.0,12.7,36.3,23.5
Jaipur_Rajasthan,Jaipur,Rajasthan,2023,6,121.4,40.8,12.2,33.0,23.5
Jaipur_Rajasthan,Jaipur,Rajasthan,2023,7,160.3,42.7,12.2,36.0,24.5
Jaipur_Rajasthan,Jaipur,Rajasthan,2023,8,134.9,44.4,13.9,42.4,26.7
Jaipur_Rajasthan,Jaipur,Rajasthan,2023,9,186.4,45.0,10.4,42.9,24.0
Jaipur_Rajasthan,Jaipur,Rajasthan,2023,10,87.8,41.6,11.0,37.4,24.4
Jaipur_Rajasthan,Jaipur,Rajasthan,2023,11,118.5,41.8,10.8,45.0,23.6
Jaipur_Rajasthan,Jaipur,Rajasthan,2023,12,3.5,44.3,10.5,34.0,25.0
Jodhpur_Rajasthan,Jodhpur,Rajasthan,2023,1,17.3,46.3,12.9,28.8,25.2
Jodhpur_Rajasthan,Jodhpur,Rajasthan,2023,2,17.6,43.2,14.7,38.4,28.7
Jodhpur_Rajasthan,Jodhpur,Rajasthan,2023,3,0.0,41.4,15.5,39.7,27.3
Jodhpur_Rajasthan,Jodhpur,Rajasthan,2023,4,1.8,42.8,14.2,31.1,25.3
Jodhpur_Rajasthan,Jodhpur,Rajasthan,2023,5,13.0,43.7,12.5,39.8,27.3
Jodhpur_Rajasthan,Jodhpur,Rajasthan,2023,6,136.1,46.6,15.6,36.2,28.7
Jodhpur_Rajasthan,Jodhpur,Rajasthan,2023,7,94.3,41.3,14.4,38.6,28.1
Jodhpur_Rajasthan,Jodhpur,Rajasthan,2023,8,86.4,42.1,14.6,29.5,28.6
Jodhpur_Rajasthan,Jodhpur,Rajasthan,2023,9,85.4,46.1,13.8,27.4,27.0
Jodhpur_Rajasthan,Jodhpur,Rajasthan,2023,10,59.6,44.5,13.0,36.0,25.3
Jodhpur_Rajasthan,Jodhpur,Rajasthan,2023,11,75.3,46.2,13.4,32.2,25.1
Jodhpur_Rajasthan,Jodhpur,Rajasthan,2023,12,10.8,43.8,15.6,29.7,25.0
Jodhpur_Rajasthan,Jodhpur,Rajasthan,2023,1,0.0,44.0,13.7,29.1,25.7
Jodhpur_Rajasthan,Jodhpur,Rajasthan,2023,2,8.9,44.6,13.9,38.8,27.9
Jodhpur_Rajasthan,Jodhpur,Rajasthan,2023,3,1.2,44.2,13.5,29.2,28.9
Jodhpur_Rajasthan,Jodhpur,Rajasthan,2023,4,20.4,43.9,12.6,27.9,27.5
Jodhpur_Rajasthan,Jodhpur,Rajasthan,2023,5,3.2,46.7,13.8,27.5,26.4
Jodhpur_Rajasthan,Jodhpur,Rajasthan,2023,6,109.3,41.2,13.8,28.7,27.5
Jodhpur_Rajasthan,Jodhpur,Rajasthan,2023,7,99.9,42.7,13.7,35.8,26.2
Jodhpur_Rajasthan,Jodhpur,Rajasthan,2023,8,116.7,41.3,16.0,27.8,26.2
Jodhpur_Rajasthan,Jodhpur,Rajasthan,2023,9,96.2,41.8,13.0,42.6,26.5
Jodhpur_Rajasthan,Jodhpur,Rajasthan,2023,10,60.5,45.5,14.8,32.4,25.4
Jodhpur_Rajasthan,Jodhpur,Rajasthan,2023,11,33.5,41.8,12.1,42.0,28.7
Jodhpur_Rajasthan,Jodhpur,Rajasthan,2023,12,0.0,41.8,13.1,30.3,28.8
Jodhpur_Rajasthan,Jodhpur,Rajasthan,2023,1,20.1,44.4,13.1,37.7,26.4
Jodhpur_Rajasthan,Jodhpur,Rajasthan,2023,2,7.8,43.3,14.9,41.1,25.0
Jodhpur_Rajasthan,Jodhpur,Rajasthan,2023,3,24.7,45.2,15.4,34.5,28.3
Jodhpur_Rajasthan,Jodhpur,Rajasthan,2023,4,0.0,44.9,15.5,41.3,27.6
Jodhpur_Rajasthan,Jodhpur,Rajasthan,2023,5,11.1,46.9,13.3,38.9,27.1
Jodhpur_Rajasthan,Jodhpur,Rajasthan,2023,6,113.4,46.8,14.3,42.0,25.0
Jodhpur_Rajasthan,Jodhpur,Rajasthan,2023,7,124.1,45.5,15.6,27.1,25.0
Jodhpur_Rajasthan,Jodhpur,Rajasthan,2023,8,90.2,46.8,12.9,34.6,25.2
Jodhpur_Rajasthan,Jodhpur,Rajasthan,2023,9,107.4,41.3,13.3,33.3,29.0
Jodhpur_Rajasthan,Jodhpur,Rajasthan,2023,10,45.1,46.9,15.2,42.9,28.9
Jodhpur_Rajasthan,Jodhpur,Rajasthan,2023,11,58.3,41.7,13.8,39.9,27.0
Jodhpur_Rajasthan,Jodhpur,Rajasthan,2023,12,19.7,42.5,15.5,34.4,25.8
Jodhpur_Rajasthan,Jodhpur,Rajasthan,2023,1,14.2,43.3,12.4,41.3,25.1
Jodhpur_Rajasthan,Jodhpur,Rajasthan,2023,2,5.8,44.8,15.7,29.4,27.3
Jodhpur_Rajasthan,Jodhpur,Rajasthan,2023,3,31.9,44.2,14.5,39.1,28.4
Jodhpur_Rajasthan,Jodhpur,Rajasthan,2023,4,15.7,47.0,13.7,27.4,26.5
Jodhpur_Rajasthan,Jodhpur,Rajasthan,2023,5,0.0,42.7,12.2,38.0,25.3
Jodhpur_Rajasthan,Jodhpur,Rajasthan,2023,6,75.8,41.4,13.1,36.2,28.9
Jodhpur_Rajasthan,Jodhpur,Rajasthan,2023,7,149.7,42.1,13.1,28.2,28.1
Jodhpur_Rajasthan,Jodhpur,Rajasthan,2023,8,85.9,42.5,13.0,42.9,28.0
Jodhpur_Rajasthan,Jodhpur,Rajasthan,2023,9,135.1,46.2,14.6,42.1,26.1
Jodhpur_Rajasthan,Jodhpur,Rajasthan,2023,10,60.7,43.4,15.5,42.7,27.0
Jodhpur_Rajasthan,Jodhpur,Rajasthan,2023,11,46.8,46.1,14.6,27.7,27.2
Jodhpur_Rajasthan,Jodhpur,Rajasthan,2023,12,14.5,43.0,13.9,39.8,25.2
Jodhpur_Rajasthan,Jodhpur,Rajasthan,2023,1,6.4,43.3,15.7,31.0,26.3
Jodhpur_Rajasthan,Jodhpur,Rajasthan,2023,2,24.7,41.1,15.6,30.6,27.8
Jodhpur_Rajasthan,Jodhpur,Rajasthan,2023,3,19.7,45.3,12.8,29.5,27.6
Jodhpur_Rajasthan,Jodhpur,Rajasthan,2023,4,33.1,43.7,12.4,38.0,26.2
Jodhpur_Rajasthan,Jodhpur,Rajasthan,2023,5,8.8,46.8,13.6,32.6,26.8
Jodhpur_Rajasthan,Jodhpur,Rajasthan,2023,6,65.3,46.1,15.9,29.5,27.1
Jodhpur_Rajasthan,Jodhpur,Rajasthan,2023,7,126.6,42.1,15.7,38.3,25.6
Jodhpur_Rajasthan,Jodhpur,Rajasthan,2023,8,86.3,43.6,15.1,35.9,27.6
Jodhpur_Rajasthan,Jodhpur,Rajasthan,2023,9,86.3,41.1,15.3,37.2,25.9
Jodhpur_Rajasthan,Jodhpur,Rajasthan,2023,10,60.7,44.2,13.2,31.3,25.9
Jodhpur_Rajasthan,Jodhpur,Rajasthan,2023,11,62.1,45.3,15.4,42.8,26.0
Jodhpur_Rajasthan,Jodhpur,Rajasthan,2023,12,3.4,41.2,15.2,41.1,27.7
Bikaner_Rajasthan,Bikaner,Rajasthan,2023,1,0.0,46.6,12.5,37.9,28.1
Bikaner_Rajasthan,Bikaner,Rajasthan,2023,2,0.0,44.8,13.1,34.5,29.1
Bikaner_Rajasthan,Bikaner,Rajasthan,2023,3,28.7,47.0,10.3,37.0,27.2
Bikaner_Rajasthan,Bikaner,Rajasthan,2023,4,8.6,46.8,10.4,30.0,27.7
Bikaner_Rajasthan,Bikaner,Rajasthan,2023,5,16.6,41.8,12.9,37.7,29.2
Bikaner_Rajasthan,Bikaner,Rajasthan,2023,6,92.9,42.9,12.1,22.7,29.8
Bikaner_Rajasthan,Bikaner,Rajasthan,2023,7,81.2,41.5,13.3,24.4,26.2
Bikaner_Rajasthan,Bikaner,Rajasthan,2023,8,83.1,45.3,12.2,23.7,29.7
Bikaner_Rajasthan,Bikaner,Rajasthan,2023,9,88.8,44.0,12.4,26.8,26.8
Bikaner_Rajasthan,Bikaner,Rajasthan,2023,10,35.7,43.3,12.7,33.0,26.2
Bikaner_Rajasthan,Bikaner,Rajasthan,2023,11,30.8,41.6,10.9,22.8,30.0
Bikaner_Rajasthan,Bikaner,Rajasthan,2023,12,0.0,41.1,12.9,29.0,29.1
Bikaner_Rajasthan,Bikaner,Rajasthan,2023,1,13.7,43.0,11.5,33.8,29.7
Bikaner_Rajasthan,Bikaner,Rajasthan,2023,2,18.3,42.0,10.8,30.5,26.7
Bikaner_Rajasthan,Bikaner,Rajasthan,2023,3,6.1,45.7,13.2,29.4,26.7
Bikaner_Rajasthan,Bikaner,Rajasthan,2023,4,34.3,44.7,10.1,22.3,27.3
Bikaner_Rajasthan,Bikaner,Rajasthan,2023,5,21.8,46.1,11.0,27.2,26.9
Bikaner_Rajasthan,Bikaner,Rajasthan,2023,6,100.8,44.9,11.7,32.1,27.5
Bikaner_Rajasthan,Bikaner,Rajasthan,2023,7,79.6,44.5,11.2,24.4,27.5
Bikaner_Rajasthan,Bikaner,Rajasthan,2023,8,82.9,46.5,10.1,25.9,26.8
Bikaner_Rajasthan,Bikaner,Rajasthan,2023,9,79.0,45.4,11.0,31.5,29.5
Bikaner_Rajasthan,Bikaner,Rajasthan,2023,10,63.4,45.6,13.6,25.8,26.8
Bikaner_Rajasthan,Bikaner,Rajasthan,2023,11,36.4,46.6,10.7,32.2,29.0
Bikaner_Rajasthan,Bikaner,Rajasthan,2023,12,14.7,46.8,11.4,27.6,28.2
Bikaner_Rajasthan,Bikaner,Rajasthan,2023,1,5.6,43.2,10.1,31.0,26.5
Bikaner_Rajasthan,Bikaner,Rajasthan,2023,2,13.1,41.1,13.8,30.2,29.9
Bikaner_Rajasthan,Bikaner,Rajasthan,2023,3,11.0,43.1,13.4,27.8,27.0
Bikaner_Rajasthan,Bikaner,Rajasthan,2023,4,12.0,41.1,11.6,32.5,27.0
Bikaner_Rajasthan,Bikaner,Rajasthan,2023,5,0.0,44.5,13.0,28.6,27.7
Bikaner_Rajasthan,Bikaner,Rajasthan,2023,6,50.5,41.9,11.9,30.5,29.8
Bikaner_Rajasthan,Bikaner,Rajasthan,2023,7,65.7,44.2,12.1,36.0,26.8
Bikaner_Rajasthan,Bikaner,Rajasthan,2023,8,67.1,43.1,10.1,26.0,27.2
Bikaner_Rajasthan,Bikaner,Rajasthan,2023,9,74.0,43.5,11.9,29.3,29.9
Bikaner_Rajasthan,Bikaner,Rajasthan,2023,10,46.9,44.5,13.2,28.9,27.8
Bikaner_Rajasthan,Bikaner,Rajasthan,2023,11,60.3,42.4,10.8,29.9,29.6
Bikaner_Rajasthan,Bikaner,Rajasthan,2023,12,10.7,45.2,13.1,31.0,27.6
Bikaner_Rajasthan,Bikaner,Rajasthan,2023,1,0.0,45.3,12.1,32.9,27.1
Bikaner_Rajasthan,Bikaner,Rajasthan,2023,2,4.3,44.6,11.2,33.4,29.2
Bikaner_Rajasthan,Bikaner,Rajasthan,2023,3,2.1,45.0,12.8,33.3,28.7
Bikaner_Rajasthan,Bikaner,Rajasthan,2023,4,7.4,42.5,10.6,33.1,26.4
Bikaner_Rajasthan,Bikaner,Rajasthan,2023,5,31.0,46.1,13.6,28.5,29.4
Bikaner_Rajasthan,Bikaner,Rajasthan,2023,6,46.6,45.7,10.3,37.8,28.7
Bikaner_Rajasthan,Bikaner,Rajasthan,2023,7,83.3,45.0,10.2,35.4,26.7
Bikaner_Rajasthan,Bikaner,Rajasthan,2023,8,79.9,41.4,11.9,24.7,28.9
Bikaner_Rajasthan,Bikaner,Rajasthan,2023,9,63.1,44.4,11.1,28.0,29.3
Bikaner_Rajasthan,Bikaner,Rajasthan,2023,10,14.6,43.0,11.7,30.7,27.5
Bikaner_Rajasthan,Bikaner,Rajasthan,2023,11,24.3,43.6,11.5,32.4,29.9
Bikaner_Rajasthan,Bikaner,Rajasthan,2023,12,25.4,42.8,10.1,24.7,27.6
Bikaner_Rajasthan,Bikaner,Rajasthan,2023,1,3.3,43.2,11.9,34.8,27.8
Bikaner_Rajasthan,Bikaner,Rajasthan,2023,2,19.0,44.3,13.7,31.2,26.3
Bikaner_Rajasthan,Bikaner,Rajasthan,2023,3,16.5,42.3,11.9,29.4,28.5
Bikaner_Rajasthan,Bikaner,Rajasthan,2023,4,13.3,42.4,11.8,24.0,26.1
Bikaner_Rajasthan,Bikaner,Rajasthan,2023,5,1.7,43.4,13.8,30.4,28.2
Bikaner_Rajasthan,Bikaner,Rajasthan,2023,6,119.1,46.3,10.4,32.1,29.2
Bikaner_Rajasthan,Bikaner,Rajasthan,2023,7,100.4,41.1,13.9,29.6,27.6
Bikaner_Rajasthan,Bikaner,Rajasthan,2023,8,73.7,42.5,11.3,37.8,27.5
Bikaner_Rajasthan,Bikaner,Rajasthan,2023,9,96.8,44.2,11.3,30.4,26.5
Bikaner_Rajasthan,Bikaner,Rajasthan,2023,10,38.2,46.5,12.9,23.2,27.6
Bikaner_Rajasthan,Bikaner,Rajasthan,2023,11,28.5,42.2,13.5,23.7,26.0
Bikaner_Rajasthan,Bikaner,Rajasthan,2023,12,0.0,45.4,13.7,22.7,27.6
Kota_Rajasthan,Kota,Rajasthan,2023,1,33.9,43.1,12.2,48.1,23.8
Kota_Rajasthan,Kota,Rajasthan,2023,2,23.1,42.9,13.5,53.6,21.7
Kota_Rajasthan,Kota,Rajasthan,2023,3,8.9,40.2,13.5,52.9,23.6
Kota_Rajasthan,Kota,Rajasthan,2023,4,38.5,38.3,12.7,50.0,23.6
Kota_Rajasthan,Kota,Rajasthan,2023,5,39.1,42.3,14.7,55.4,21.9
Kota_Rajasthan,Kota,Rajasthan,2023,6,229.3,44.0,12.8,48.4,22.4
Kota_Rajasthan,Kota,Rajasthan,2023,7,211.3,38.3,14.3,45.4,21.7
Kota_Rajasthan,Kota,Rajasthan,2023,8,178.7,43.7,14.3,53.0,22.7
Kota_Rajasthan,Kota,Rajasthan,2023,9,268.5,41.4,14.0,51.7,23.3
Kota_Rajasthan,Kota,Rajasthan,2023,10,74.4,41.6,14.0,41.5,22.6
Kota_Rajasthan,Kota,Rajasthan,2023,11,113.8,38.5,13.4,53.2,23.6
Kota_Rajasthan,Kota,Rajasthan,2023,12,25.5,41.0,14.0,55.6,24.8
Kota_Rajasthan,Kota,Rajasthan,2023,1,19.9,41.7,12.7,51.0,22.8
Kota_Rajasthan,Kota,Rajasthan,2023,2,0.0,42.6,15.3,49.9,24.0
Kota_Rajasthan,Kota,Rajasthan,2023,3,39.8,40.4,15.2,47.5,23.7
Kota_Rajasthan,Kota,Rajasthan,2023,4,46.3,42.7,14.1,53.0,23.0
Kota_Rajasthan,Kota,Rajasthan,2023,5,58.8,39.0,15.3,48.8,24.9
Kota_Rajasthan,Kota,Rajasthan,2023,6,229.5,40.4,14.1,53.4,23.9
Kota_Rajasthan,Kota,Rajasthan,2023,7,208.6,41.5,12.5,43.8,22.4
Kota_Rajasthan,Kota,Rajasthan,2023,8,166.7,38.3,15.5,44.6,22.2
Kota_Rajasthan,Kota,Rajasthan,2023,9,181.0,41.1,12.8,49.7,23.9
Kota_Rajasthan,Kota,Rajasthan,2023,10,97.1,41.0,12.8,51.7,24.2
Kota_Rajasthan,Kota,Rajasthan,2023,11,100.4,43.6,13.8,44.3,22.6
Kota_Rajasthan,Kota,Rajasthan,2023,12,33.1,40.1,12.9,50.0,24.7
Kota_Rajasthan,Kota,Rajasthan,2023,1,21.2,43.4,13.3,47.4,21.9
Kota_Rajasthan,Kota,Rajasthan,2023,2,20.8,39.2,15.2,46.9,25.0
Kota_Rajasthan,Kota,Rajasthan,2023,3,8.6,38.5,15.3,47.0,21.0
Kota_Rajasthan,Kota,Rajasthan,2023,4,61.2,42.8,13.0,46.0,24.0
Kota_Rajasthan,Kota,Rajasthan,2023,5,20.2,39.5,15.9,42.4,23.9
Kota_Rajasthan,Kota,Rajasthan,2023,6,225.9,42.0,13.8,45.7,24.0
Kota_Rajasthan,Kota,Rajasthan,2023,7,208.2,42.1,14.3,45.9,21.8
Kota_Rajasthan,Kota,Rajasthan,2023,8,228.7,43.8,15.9,42.1,21.4
Kota_Rajasthan,Kota,Rajasthan,2023,9,226.4,40.4,13.5,51.3,21.7
Kota_Rajasthan,Kota,Rajasthan,2023,10,84.8,41.6,12.7,48.8,24.4
Kota_Rajasthan,Kota,Rajasthan,2023,11,108.0,38.5,13.8,41.5,23.4
Kota_Rajasthan,Kota,Rajasthan,2023,12,3.0,38.5,13.2,48.1,23.3
Kota_Rajasthan,Kota,Rajasthan,2023,1,32.5,42.3,12.3,50.9,23.7
Kota_Rajasthan,Kota,Rajasthan,2023,2,18.2,41.5,12.0,45.3,21.2
Kota_Rajasthan,Kota,Rajasthan,2023,3,47.8,39.2,14.1,43.3,21.5
Kota_Rajasthan,Kota,Rajasthan,2023,4,17.9,41.5,12.1,41.7,23.2
Kota_Rajasthan,Kota,Rajasthan,2023,5,18.4,41.4,15.4,51.6,21.5
Kota_Rajasthan,Kota,Rajasthan,2023,6,237.2,38.2,15.4,54.5,24.4
Kota_Rajasthan,Kota,Rajasthan,2023,7,269.1,41.8,14.7,52.9,23.6
Kota_Rajasthan,Kota,Rajasthan,2023,8,192.3,43.4,12.1,51.2,24.8
Kota_Rajasthan,Kota,Rajasthan,2023,9,264.3,42.1,12.1,53.2,22.1
Kota_Rajasthan,Kota,Rajasthan,2023,10,89.8,39.6,13.7,46.1,23.5
Kota_Rajasthan,Kota,Rajasthan,2023,11,107.5,39.3,14.7,50.7,24.6
Kota_Rajasthan,Kota,Rajasthan,2023,12,20.7,41.1,14.5,41.5,22.7
Kota_Rajasthan,Kota,Rajasthan,2023,1,27.3,39.6,13.1,50.5,24.5
Kota_Rajasthan,Kota,Rajasthan,2023,2,18.1,42.8,15.4,50.0,22.4
Kota_Rajasthan,Kota,Rajasthan,2023,3,41.5,41.6,14.5,53.6,21.7
Kota_Rajasthan,Kota,Rajasthan,2023,4,33.7,39.7,15.9,44.2,22.9
Kota_Rajasthan,Kota,Rajasthan,2023,5,29.4,42.9,14.3,40.5,24.6
Kota_Rajasthan,Kota,Rajasthan,2023,6,161.8,38.3,12.3,54.2,24.1
Kota_Rajasthan,Kota,Rajasthan,2023,7,185.7,42.8,15.6,47.5,24.6
Kota_Rajasthan,Kota,Rajasthan,2023,8,227.3,43.9,12.9,42.7,22.4
Kota_Rajasthan,Kota,Rajasthan,2023,9,168.2,42.5,13.9,46.0,22.5
Kota_Rajasthan,Kota,Rajasthan,2023,10,82.6,41.7,12.6,55.6,22.8
Kota_Rajasthan,Kota,Rajasthan,2023,11,107.8,42.6,14.5,53.1,23.4
Kota_Rajasthan,Kota,Rajasthan,2023,12,29.4,42.7,15.5,51.4,23.1
Ajmer_Rajasthan,Ajmer,Rajasthan,2023,1,21.4,43.6,14.0,44.6,25.3
Ajmer_Rajasthan,Ajmer,Rajasthan,2023,2,15.4,40.4,14.0,41.6,23.2
Ajmer_Rajasthan,Ajmer,Rajasthan,2023,3,40.0,44.6,11.7,44.4,23.0
Ajmer_Rajasthan,Ajmer,Rajasthan,2023,4,18.4,42.9,14.2,39.7,25.8
Ajmer_Rajasthan,Ajmer,Rajasthan,2023,5,25.0,39.0,12.2,38.5,25.6
Ajmer_Rajasthan,Ajmer,Rajasthan,2023,6,186.1,41.8,13.2,35.5,23.5
Ajmer_Rajasthan,Ajmer,Rajasthan,2023,7,145.1,43.0,13.8,36.2,25.3
Ajmer_Rajasthan,Ajmer,Rajasthan,2023,8,192.3,41.7,14.6,47.9,23.8
Ajmer_Rajasthan,Ajmer,Rajasthan,2023,9,166.8,43.3,14.7,46.8,24.4
Ajmer_Rajasthan,Ajmer,Rajasthan,2023,10,50.9,44.8,12.3,35.5,24.8
Ajmer_Rajasthan,Ajmer,Rajasthan,2023,11,73.3,40.8,12.9,34.3,25.2
Ajmer_Rajasthan,Ajmer,Rajasthan,2023,12,23.1,43.8,13.6,39.2,24.1
Ajmer_Rajasthan,Ajmer,Rajasthan,2023,1,20.8,44.3,13.6,40.1,22.7
Ajmer_Rajasthan,Ajmer,Rajasthan,2023,2,3.3,43.2,11.7,35.5,23.0
Ajmer_Rajasthan,Ajmer,Rajasthan,2023,3,26.2,40.0,14.7,42.9,24.0
Ajmer_Rajasthan,Ajmer,Rajasthan,2023,4,26.4,39.1,15.0,42.9,22.1
Ajmer_Rajasthan,Ajmer,Rajasthan,2023,5,24.8,39.1,14.7,34.2,24.3
Ajmer_Rajasthan,Ajmer,Rajasthan,2023,6,192.3,40.5,11.0,35.1,22.2
Ajmer_Rajasthan,Ajmer,Rajasthan,2023,7,203.5,43.4,12.4,47.1,24.2
Ajmer_Rajasthan,Ajmer,Rajasthan,2023,8,140.0,39.4,14.8,43.9,24.9
Ajmer_Rajasthan,Ajmer,Rajasthan,2023,9,183.3,39.1,13.1,47.1,22.2
Ajmer_Rajasthan,Ajmer,Rajasthan,2023,10,87.0,40.7,13.1,46.8,23.9
Ajmer_Rajasthan,Ajmer,Rajasthan,2023,11,78.7,42.8,11.6,34.6,22.5
Ajmer_Rajasthan,Ajmer,Rajasthan,2023,12,0.0,42.7,12.8,34.6,22.1
Ajmer_Rajasthan,Ajmer,Rajasthan,2023,1,21.1,40.5,11.6,38.4,22.0
Ajmer_Rajasthan,Ajmer,Rajasthan,2023,2,16.3,40.3,15.0,36.7,25.2
Ajmer_Rajasthan,Ajmer,Rajasthan,2023,3,22.8,41.0,13.3,47.6,23.5
Ajmer_Rajasthan,Ajmer,Rajasthan,2023,4,10.1,40.2,14.8,45.2,22.2
Ajmer_Rajasthan,Ajmer,Rajasthan,2023,5,2.5,44.0,14.6,35.8,23.8
Ajmer_Rajasthan,Ajmer,Rajasthan,2023,6,185.8,40.8,12.2,34.5,22.1
Ajmer_Rajasthan,Ajmer,Rajasthan,2023,7,204.8,40.8,12.5,45.4,23.5
Ajmer_Rajasthan,Ajmer,Rajasthan,2023,8,119.5,43.4,11.7,35.1,23.7
Ajmer_Rajasthan,Ajmer,Rajasthan,2023,9,136.8,42.8,11.6,36.8,24.3
Ajmer_Rajasthan,Ajmer,Rajasthan,2023,10,79.0,42.3,12.7,49.4,23.6
Ajmer_Rajasthan,Ajmer,Rajasthan,2023,11,76.3,43.9,13.5,45.2,23.5
Ajmer_Rajasthan,Ajmer,Rajasthan,2023,12,0.0,43.1,11.9,34.0,25.7
Ajmer_Rajasthan,Ajmer,Rajasthan,2023,1,8.5,41.7,11.6,40.5,22.4
Ajmer_Rajasthan,Ajmer,Rajasthan,2023,2,0.0,43.7,13.3,45.6,23.7
Ajmer_Rajasthan,Ajmer,Rajasthan,2023,3,6.4,42.1,13.1,41.5,25.0
Ajmer_Rajasthan,Ajmer,Rajasthan,2023,4,42.9,39.9,13.5,35.3,24.8
Ajmer_Rajasthan,Ajmer,Rajasthan,2023,5,7.8,44.2,13.5,39.7,22.1
Ajmer_Rajasthan,Ajmer,Rajasthan,2023,6,180.8,42.6,14.9,36.2,24.3
Ajmer_Rajasthan,Ajmer,Rajasthan,2023,7,188.8,39.5,13.3,43.8,24.9
Ajmer_Rajasthan,Ajmer,Rajasthan,2023,8,195.2,43.0,11.9,40.5,25.1
Ajmer_Rajasthan,Ajmer,Rajasthan,2023,9,185.1,42.2,12.3,37.6,24.0
Ajmer_Rajasthan,Ajmer,Rajasthan,2023,10,57.6,43.7,14.3,49.4,22.7
Ajmer_Rajasthan,Ajmer,Rajasthan,2023,11,73.9,41.0,13.3,46.5,22.1
Ajmer_Rajasthan,Ajmer,Rajasthan,2023,12,30.3,43.5,14.0,40.2,25.0
Ajmer_Rajasthan,Ajmer,Rajasthan,2023,1,6.0,42.5,14.4,43.4,23.5
Ajmer_Rajasthan,Ajmer,Rajasthan,2023,2,0.2,40.1,14.8,45.4,25.0
Ajmer_Rajasthan,Ajmer,Rajasthan,2023,3,8.1,40.6,12.0,41.8,23.8
Ajmer_Rajasthan,Ajmer,Rajasthan,2023,4,23.5,44.9,12.2,43.8,23.0
Ajmer_Rajasthan,Ajmer,Rajasthan,2023,5,12.4,42.3,12.1,34.6,25.3
Ajmer_Rajasthan,Ajmer,Rajasthan,2023,6,121.1,41.9,12.7,45.6,24.4
Ajmer_Rajasthan,Ajmer,Rajasthan,2023,7,123.7,43.6,12.4,48.2,23.6
Ajmer_Rajasthan,Ajmer,Rajasthan,2023,8,198.0,42.9,12.7,43.1,24.2
Ajmer_Rajasthan,Ajmer,Rajasthan,2023,9,154.1,43.2,11.6,34.2,24.5
Ajmer_Rajasthan,Ajmer,Rajasthan,2023,10,70.1,44.2,14.8,44.6,23.9
Ajmer_Rajasthan,Ajmer,Rajasthan,2023,11,67.6,40.1,12.4,45.5,22.9
Ajmer_Rajasthan,Ajmer,Rajasthan,2023,12,18.2,40.1,12.0,34.3,24.9
Patna_Bihar,Patna,Bihar,2023,1,24.9,37.2,14.5,61.8,20.1
Patna_Bihar,Patna,Bihar,2023,2,35.2,33.9,13.1,66.3,18.1
Patna_Bihar,Patna,Bihar,2023,3,50.2,36.8,14.3,63.6,20.7
Patna_Bihar,Patna,Bihar,2023,4,48.1,38.8,14.9,75.9,19.6
Patna_Bihar,Patna,Bihar,2023,5,25.6,34.9,12.0,70.9,18.1
Patna_Bihar,Patna,Bihar,2023,6,373.0,35.9,15.9,63.9,19.9
Patna_Bihar,Patna,Bihar,2023,7,356.4,36.0,13.4,72.4,19.5
Patna_Bihar,Patna,Bihar,2023,8,327.6,34.4,15.0,73.8,20.5
Patna_Bihar,Patna,Bihar,2023,9,369.2,38.9,13.5,70.2,17.6
Patna_Bihar,Patna,Bihar,2023,10,190.1,37.5,12.3,72.2,20.1
Patna_Bihar,Patna,Bihar,2023,11,150.9,35.9,12.4,67.5,18.0
Patna_Bihar,Patna,Bihar,2023,12,5.3,34.4,12.3,74.7,19.1
Patna_Bihar,Patna,Bihar,2023,1,42.4,34.9,14.0,62.2,19.8
Patna_Bihar,Patna,Bihar,2023,2,21.4,36.3,13.1,73.8,20.9
Patna_Bihar,Patna,Bihar,2023,3,51.4,37.5,15.0,75.3,18.9
Patna_Bihar,Patna,Bihar,2023,4,71.4,35.9,13.9,65.1,20.1
Patna_Bihar,Patna,Bihar,2023,5,57.0,35.5,12.3,60.1,19.1
Patna_Bihar,Patna,Bihar,2023,6,317.5,36.3,15.7,63.1,21.0
Patna_Bihar,Patna,Bihar,2023,7,289.5,36.0,13.4,62.2,17.5
Patna_Bihar,Patna,Bihar,2023,8,354.7,38.8,13.3,75.7,17.8
Patna_Bihar,Patna,Bihar,2023,9,240.5,38.3,14.1,62.2,17.8
Patna_Bihar,Patna,Bihar,2023,10,136.4,35.0,15.0,69.9,20.5
Patna_Bihar,Patna,Bihar,2023,11,140.0,39.0,13.4,66.9,20.2
Patna_Bihar,Patna,Bihar,2023,12,7.1,33.5,12.6,60.1,17.0
Patna_Bihar,Patna,Bihar,2023,1,6.7,38.5,12.3,69.8,19.7
Patna_Bihar,Patna,Bihar,2023,2,30.8,34.0,15.4,62.2,18.6
Patna_Bihar,Patna,Bihar,2023,3,32.8,37.0,15.8,71.8,19.2
Patna_Bihar,Patna,Bihar,2023,4,69.4,36.4,14.4,66.6,20.4
Patna_Bihar,Patna,Bihar,2023,5,38.2,37.3,15.6,74.1,19.0
Patna_Bihar,Patna,Bihar,2023,6,342.8,35.8,15.6,74.9,20.6
Patna_Bihar,Patna,Bihar,2023,7,268.5,38.7,13.4,68.3,20.1
Patna_Bihar,Patna,Bihar,2023,8,352.0,35.7,14.9,72.7,19.0
Patna_Bihar,Patna,Bihar,2023,9,388.1,35.5,12.4,66.3,19.9
Patna_Bihar,Patna,Bihar,2023,10,167.6,35.1,12.6,71.1,20.8
Patna_Bihar,Patna,Bihar,2023,11,161.7,36.3,12.4,71.7,19.4
Patna_Bihar,Patna,Bihar,2023,12,43.3,37.7,15.1,74.8,21.0
Patna_Bihar,Patna,Bihar,2023,1,21.0,38.8,14.3,63.8,20.4
Patna_Bihar,Patna,Bihar,2023,2,41.9,36.7,15.5,62.6,20.7
Patna_Bihar,Patna,Bihar,2023,3,85.8,34.5,15.4,68.0,19.4
Patna_Bihar,Patna,Bihar,2023,4,47.2,35.2,15.3,73.0,20.4
Patna_Bihar,Patna,Bihar,2023,5,43.5,33.9,15.1,63.9,20.0
Patna_Bihar,Patna,Bihar,2023,6,332.0,36.5,14.5,65.9,19.9
Patna_Bihar,Patna,Bihar,2023,7,300.6,36.7,15.3,63.8,17.9
Patna_Bihar,Patna,Bihar,2023,8,353.5,34.5,15.7,74.8,17.8
Patna_Bihar,Patna,Bihar,2023,9,285.6,38.7,14.8,67.1,17.7
Patna_Bihar,Patna,Bihar,2023,10,148.1,35.0,14.0,62.1,18.8
Patna_Bihar,Patna,Bihar,2023,11,98.6,38.1,12.8,69.2,17.6
Patna_Bihar,Patna,Bihar,2023,12,10.8,33.9,12.2,74.0,17.0
Patna_Bihar,Patna,Bihar,2023,1,22.8,33.4,15.7,61.3,20.7
Patna_Bihar,Patna,Bihar,2023,2,20.6,38.8,16.0,70.4,17.5
Patna_Bihar,Patna,Bihar,2023,3,51.9,36.1,14.3,60.3,19.8
Patna_Bihar,Patna,Bihar,2023,4,44.8,36.4,14.3,70.9,17.3
Patna_Bihar,Patna,Bihar,2023,5,47.4,36.0,15.1,71.3,17.5
Patna_Bihar,Patna,Bihar,2023,6,356.3,33.9,15.4,71.2,20.1
Patna_Bihar,Patna,Bihar,2023,7,272.4,38.4,13.4,61.0,19.4
Patna_Bihar,Patna,Bihar,2023,8,263.9,36.9,15.5,72.6,17.4
Patna_Bihar,Patna,Bihar,2023,9,310.0,35.5,15.9,71.8,17.1
Patna_Bihar,Patna,Bihar,2023,10,158.6,33.8,14.9,73.8,19.1
Patna_Bihar,Patna,Bihar,2023,11,125.2,35.1,13.3,63.9,19.4
Patna_Bihar,Patna,Bihar,2023,12,26.2,34.1,15.4,71.9,20.7
Gaya_Bihar,Gaya,Bihar,2023,1,10.5,36.9,14.6,63.9,20.7
Gaya_Bihar,Gaya,Bihar,2023,2,13.0,35.8,13.6,57.4,20.7
Gaya_Bihar,Gaya,Bihar,2023,3,54.4,34.3,15.9,61.2,18.5
Gaya_Bihar,Gaya,Bihar,2023,4,49.9,35.8,14.3,63.6,18.5
Gaya_Bihar,Gaya,Bihar,2023,5,47.8,37.7,12.5,59.6,20.6
Gaya_Bihar,Gaya,Bihar,2023,6,337.9,37.6,12.7,62.0,18.1
Gaya_Bihar,Gaya,Bihar,2023,7,332.4,38.9,14.8,70.3,19.1
Gaya_Bihar,Gaya,Bihar,2023,8,258.1,38.3,15.3,57.2,19.4
Gaya_Bihar,Gaya,Bihar,2023,9,315.3,37.4,13.7,57.3,18.9
Gaya_Bihar,Gaya,Bihar,2023,10,103.5,37.8,13.0,61.4,21.6
Gaya_Bihar,Gaya,Bihar,2023,11,126.8,38.3,15.6,57.4,19.8
Gaya_Bihar,Gaya,Bihar,2023,12,16.3,38.6,15.9,72.1,19.1
Gaya_Bihar,Gaya,Bihar,2023,1,19.2,38.9,15.6,70.0,21.9
Gaya_Bihar,Gaya,Bihar,2023,2,11.8,34.2,13.8,67.4,21.3
Gaya_Bihar,Gaya,Bihar,2023,3,36.7,38.0,14.2,61.4,21.2
Gaya_Bihar,Gaya,Bihar,2023,4,48.4,39.7,13.5,63.0,21.0
Gaya_Bihar,Gaya,Bihar,2023,5,25.2,39.5,13.7,60.3,20.2
Gaya_Bihar,Gaya,Bihar,2023,6,233.1,37.3,13.6,66.2,22.0
Gaya_Bihar,Gaya,Bihar,2023,7,331.8,34.3,14.4,67.0,21.5
Gaya_Bihar,Gaya,Bihar,2023,8,302.3,36.8,15.2,71.8,18.9
Gaya_Bihar,Gaya,Bihar,2023,9,284.6,37.0,12.4,72.1,20.6
Gaya_Bihar,Gaya,Bihar,2023,10,176.9,35.1,14.8,71.2,20.3
Gaya_Bihar,Gaya,Bihar,2023,11,139.0,38.0,13.6,64.6,18.4
Gaya_Bihar,Gaya,Bihar,2023,12,0.0,35.2,13.8,57.3,18.6
Gaya_Bihar,Gaya,Bihar,2023,1,14.4,35.9,14.1,69.5,21.1
Gaya_Bihar,Gaya,Bihar,2023,2,25.0,39.6,14.5,59.4,20.7
Gaya_Bihar,Gaya,Bihar,2023,3,44.3,37.1,13.5,57.9,19.5
Gaya_Bihar,Gaya,Bihar,2023,4,43.5,36.8,15.7,63.3,19.7
Gaya_Bihar,Gaya,Bihar,2023,5,47.6,35.0,12.1,66.8,21.7
Gaya_Bihar,Gaya,Bihar,2023,6,214.5,36.2,15.2,61.3,21.5
Gaya_Bihar,Gaya,Bihar,2023,7,235.1,37.4,14.6,62.9,21.1
Gaya_Bihar,Gaya,Bihar,2023,8,218.1,36.4,15.4,69.1,20.1
Gaya_Bihar,Gaya,Bihar,2023,9,288.9,39.0,15.1,67.5,19.9
Gaya_Bihar,Gaya,Bihar,2023,10,179.5,37.9,13.5,66.9,20.3
Gaya_Bihar,Gaya,Bihar,2023,11,118.5,36.4,14.3,63.9,19.1
Gaya_Bihar,Gaya,Bihar,2023,12,28.6,34.4,13.5,71.2,21.0
Gaya_Bihar,Gaya,Bihar,2023,1,0.0,37.0,13.9,58.2,19.0
Gaya_Bihar,Gaya,Bihar,2023,2,16.6,35.8,12.1,59.4,20.8
Gaya_Bihar,Gaya,Bihar,2023,3,38.4,34.9,14.7,69.0,18.7
Gaya_Bihar,Gaya,Bihar,2023,4,10.1,37.9,12.5,64.9,18.6
Gaya_Bihar,Gaya,Bihar,2023,5,12.3,35.9,12.4,63.3,20.4
Gaya_Bihar,Gaya,Bihar,2023,6,277.8,38.4,14.8,72.0,18.9
Gaya_Bihar,Gaya,Bihar,2023,7,244.3,37.6,14.0,57.1,20.2
Gaya_Bihar,Gaya,Bihar,2023,8,357.2,39.8,13.4,59.2,19.6
Gaya_Bihar,Gaya,Bihar,2023,9,295.9,37.0,14.1,57.4,19.0
Gaya_Bihar,Gaya,Bihar,2023,10,140.2,35.8,15.6,61.9,18.4
Gaya_Bihar,Gaya,Bihar,2023,11,107.4,39.9,14.7,71.9,21.3
Gaya_Bihar,Gaya,Bihar,2023,12,29.8,37.7,14.7,61.2,19.6
Gaya_Bihar,Gaya,Bihar,2023,1,37.3,36.7,12.2,70.5,20.7
Gaya_Bihar,Gaya,Bihar,2023,2,15.1,34.2,15.7,59.4,21.2
Gaya_Bihar,Gaya,Bihar,2023,3,67.6,34.8,14.7,71.2,19.7
Gaya_Bihar,Gaya,Bihar,2023,4,39.9,34.5,15.6,70.9,22.0
Gaya_Bihar,Gaya,Bihar,2023,5,59.4,35.2,14.7,67.4,21.6
Gaya_Bihar,Gaya,Bihar,2023,6,364.3,39.2,15.5,58.0,21.4
Gaya_Bihar,Gaya,Bihar,2023,7,304.8,34.3,14.7,62.3,19.9
Gaya_Bihar,Gaya,Bihar,2023,8,338.4,39.0,13.8,63.2,19.0
Gaya_Bihar,Gaya,Bihar,2023,9,254.8,39.8,14.3,59.0,19.4
Gaya_Bihar,Gaya,Bihar,2023,10,137.8,34.2,15.8,61.4,18.1
Gaya_Bihar,Gaya,Bihar,2023,11,108.3,34.8,12.2,63.1,20.5
Gaya_Bihar,Gaya,Bihar,2023,12,3.7,36.5,12.6,65.1,18.3
Muzaffarpur_Bihar,Muzaffarpur,Bihar,2023,1,44.4,37.2,15.9,74.2,18.4
Muzaffarpur_Bihar,Muzaffarpur,Bihar,2023,2,8.2,36.1,16.0,69.5,18.9
Muzaffarpur_Bihar,Muzaffarpur,Bihar,2023,3,52.0,34.5,14.0,67.9,19.0
Muzaffarpur_Bihar,Muzaffarpur,Bihar,2023,4,89.0,33.4,15.6,67.5,17.2
Muzaffarpur_Bihar,Muzaffarpur,Bihar,2023,5,58.5,32.3,13.5,73.5,17.3
Muzaffarpur_Bihar,Muzaffarpur,Bihar,2023,6,382.3,36.4,15.6,68.9,16.7
Muzaffarpur_Bihar,Muzaffarpur,Bihar,2023,7,311.1,36.3,12.1,67.1,19.1
Muzaffarpur_Bihar,Muzaffarpur,Bihar,2023,8,393.4,36.9,15.1,72.9,17.8
Muzaffarpur_Bihar,Muzaffarpur,Bihar,2023,9,449.5,33.2,13.2,73.1,19.7
Muzaffarpur_Bihar,Muzaffarpur,Bihar,2023,10,117.6,37.3,15.7,66.4,17.5
Muzaffarpur_Bihar,Muzaffarpur,Bihar,2023,11,166.0,37.3,12.4,62.6,16.8
Muzaffarpur_Bihar,Muzaffarpur,Bihar,2023,12,3.1,32.4,15.0,64.6,19.7
Muzaffarpur_Bihar,Muzaffarpur,Bihar,2023,1,26.2,32.8,15.9,64.1,16.4
Muzaffarpur_Bihar,Muzaffarpur,Bihar,2023,2,30.1,34.1,12.8,75.1,17.5
Muzaffarpur_Bihar,Muzaffarpur,Bihar,2023,3,34.3,33.3,14.1,72.7,19.2
Muzaffarpur_Bihar,Muzaffarpur,Bihar,2023,4,28.1,32.1,12.9,62.4,17.4
Muzaffarpur_Bihar,Muzaffarpur,Bihar,2023,5,40.5,34.3,12.4,68.4,16.8
Muzaffarpur_Bihar,Muzaffarpur,Bihar,2023,6,380.6,32.9,13.4,65.6,19.2
Muzaffarpur_Bihar,Muzaffarpur,Bihar,2023,7,427.7,36.1,13.1,63.1,16.1
Muzaffarpur_Bihar,Muzaffarpur,Bihar,2023,8,420.3,38.0,13.8,65.0,19.1
Muzaffarpur_Bihar,Muzaffarpur,Bihar,2023,9,447.9,36.5,13.3,63.0,16.8
Muzaffarpur_Bihar,Muzaffarpur,Bihar,2023,10,174.0,36.3,15.3,66.4,18.7
Muzaffarpur_Bihar,Muzaffarpur,Bihar,2023,11,188.2,34.6,14.9,71.0,20.0
Muzaffarpur_Bihar,Muzaffarpur,Bihar,2023,12,9.8,34.8,12.9,71.0,16.5
Muzaffarpur_Bihar,Muzaffarpur,Bihar,2023,1,21.9,32.4,14.2,73.1,17.0
Muzaffarpur_Bihar,Muzaffarpur,Bihar,2023,2,50.2,32.8,14.0,62.9,16.8
Muzaffarpur_Bihar,Muzaffarpur,Bihar,2023,3,30.7,36.9,14.3,65.6,16.2
Muzaffarpur_Bihar,Muzaffarpur,Bihar,2023,4,43.0,34.1,14.0,76.5,16.3
Muzaffarpur_Bihar,Muzaffarpur,Bihar,2023,5,44.0,35.8,14.2,75.0,18.1
Muzaffarpur_Bihar,Muzaffarpur,Bihar,2023,6,310.2,32.5,14.1,76.2,18.1
Muzaffarpur_Bihar,Muzaffarpur,Bihar,2023,7,389.8,34.7,13.3,63.7,17.7
Muzaffarpur_Bihar,Muzaffarpur,Bihar,2023,8,398.7,35.9,15.0,67.2,19.2
Muzaffarpur_Bihar,Muzaffarpur,Bihar,2023,9,308.0,33.3,12.8,73.8,19.6
Muzaffarpur_Bihar,Muzaffarpur,Bihar,2023,10,121.9,33.9,14.6,67.9,18.2
Muzaffarpur_Bihar,Muzaffarpur,Bihar,2023,11,175.9,38.0,13.2,77.7,16.8
Muzaffarpur_Bihar,Muzaffarpur,Bihar,2023,12,23.4,36.2,15.2,67.5,19.7
Muzaffarpur_Bihar,Muzaffarpur,Bihar,2023,1,13.3,32.4,13.4,69.4,18.7
Muzaffarpur_Bihar,Muzaffarpur,Bihar,2023,2,47.3,32.6,13.3,69.7,18.7
Muzaffarpur_Bihar,Muzaffarpur,Bihar,2023,3,71.3,35.7,12.2,63.8,19.0
Muzaffarpur_Bihar,Muzaffarpur,Bihar,2023,4,51.9,32.4,14.3,72.2,16.5
Muzaffarpur_Bihar,Muzaffarpur,Bihar,2023,5,45.9,37.6,12.9,73.7,18.1
Muzaffarpur_Bihar,Muzaffarpur,Bihar,2023,6,253.0,32.6,14.6,71.0,16.0
Muzaffarpur_Bihar,Muzaffarpur,Bihar,2023,7,302.0,33.7,14.0,67.0,19.7
Muzaffarpur_Bihar,Muzaffarpur,Bihar,2023,8,365.2,32.5,12.2,66.1,17.2
Muzaffarpur_Bihar,Muzaffarpur,Bihar,2023,9,390.3,34.2,14.6,64.6,16.3
Muzaffarpur_Bihar,Muzaffarpur,Bihar,2023,10,190.9,35.9,13.2,68.0,16.3
Muzaffarpur_Bihar,Muzaffarpur,Bihar,2023,11,192.3,32.5,15.2,69.1,19.1
Muzaffarpur_Bihar,Muzaffarpur,Bihar,2023,12,0.0,33.0,12.8,74.2,18.8
Muzaffarpur_Bihar,Muzaffarpur,Bihar,2023,1,16.2,32.8,15.8,74.0,16.0
Muzaffarpur_Bihar,Muzaffarpur,Bihar,2023,2,42.6,32.1,13.5,71.7,17.8
Muzaffarpur_Bihar,Muzaffarpur,Bihar,2023,3,65.9,32.9,15.9,65.9,18.9
Muzaffarpur_Bihar,Muzaffarpur,Bihar,2023,4,30.3,34.7,12.8,69.2,16.6
Muzaffarpur_Bihar,Muzaffarpur,Bihar,2023,5,64.5,32.4,15.5,65.0,16.9
Muzaffarpur_Bihar,Muzaffarpur,Bihar,2023,6,381.0,35.0,12.5,74.9,18.5
Muzaffarpur_Bihar,Muzaffarpur,Bihar,2023,7,272.0,36.9,14.3,63.7,17.5
Muzaffarpur_Bihar,Muzaffarpur,Bihar,2023,8,299.2,37.1,13.7,68.9,19.6
Muzaffarpur_Bihar,Muzaffarpur,Bihar,2023,9,367.9,33.6,14.4,71.2,17.6
Muzaffarpur_Bihar,Muzaffarpur,Bihar,2023,10,214.5,36.5,14.1,69.4,16.7
Muzaffarpur_Bihar,Muzaffarpur,Bihar,2023,11,155.4,34.7,15.5,64.4,18.0
Muzaffarpur_Bihar,Muzaffarpur,Bihar,2023,12,30.1,37.3,16.0,63.9,16.5
Bhagalpur_Bihar,Bhagalpur,Bihar,2023,1,11.9,38.9,13.6,70.7,17.9
Bhagalpur_Bihar,Bhagalpur,Bihar,2023,2,36.0,35.9,16.2,66.8,21.0
Bhagalpur_Bihar,Bhagalpur,Bihar,2023,3,35.6,35.4,16.0,73.6,18.8
Bhagalpur_Bihar,Bhagalpur,Bihar,2023,4,71.0,37.9,15.6,73.0,19.3
Bhagalpur_Bihar,Bhagalpur,Bihar,2023,5,10.6,38.9,13.6,66.5,20.7
Bhagalpur_Bihar,Bhagalpur,Bihar,2023,6,290.7,37.9,16.9,64.5,18.3
Bhagalpur_Bihar,Bhagalpur,Bihar,2023,7,402.0,36.3,15.8,64.4,20.8
Bhagalpur_Bihar,Bhagalpur,Bihar,2023,8,349.1,33.8,13.8,63.9,19.9
Bhagalpur_Bihar,Bhagalpur,Bihar,2023,9,250.7,38.5,15.2,64.2,20.8
Bhagalpur_Bihar,Bhagalpur,Bihar,2023,10,149.9,37.4,16.0,72.2,19.0
Bhagalpur_Bihar,Bhagalpur,Bihar,2023,11,190.9,35.2,14.6,74.2,19.1
Bhagalpur_Bihar,Bhagalpur,Bihar,2023,12,39.6,36.6,13.1,64.4,19.0
Bhagalpur_Bihar,Bhagalpur,Bihar,2023,1,14.3,38.0,16.0,63.0,19.9
Bhagalpur_Bihar,Bhagalpur,Bihar,2023,2,38.7,34.1,13.6,63.8,18.5
Bhagalpur_Bihar,Bhagalpur,Bihar,2023,3,76.3,38.6,13.2,60.2,19.8
Bhagalpur_Bihar,Bhagalpur,Bihar,2023,4,35.5,36.3,13.4,70.3,18.3
Bhagalpur_Bihar,Bhagalpur,Bihar,2023,5,72.4,34.0,16.7,68.5,20.7
Bhagalpur_Bihar,Bhagalpur,Bihar,2023,6,283.6,35.4,16.1,69.7,19.0
Bhagalpur_Bihar,Bhagalpur,Bihar,2023,7,409.7,34.3,15.4,70.0,18.8
Bhagalpur_Bihar,Bhagalpur,Bihar,2023,8,351.2,37.4,13.4,63.4,20.9
Bhagalpur_Bihar,Bhagalpur,Bihar,2023,9,395.4,34.8,16.0,71.4,18.2
Bhagalpur_Bihar,Bhagalpur,Bihar,2023,10,162.3,35.9,16.3,73.3,20.4
Bhagalpur_Bihar,Bhagalpur,Bihar,2023,11,176.1,35.3,16.3,67.8,18.0
Bhagalpur_Bihar,Bhagalpur,Bihar,2023,12,9.8,37.1,14.3,64.2,20.8
Bhagalpur_Bihar,Bhagalpur,Bihar,2023,1,7.4,36.3,16.4,68.4,17.1
Bhagalpur_Bihar,Bhagalpur,Bihar,2023,2,14.7,35.0,15.3,62.6,20.1
Bhagalpur_Bihar,Bhagalpur,Bihar,2023,3,85.6,34.8,15.6,64.5,20.1
Bhagalpur_Bihar,Bhagalpur,Bihar,2023,4,45.0,35.6,16.4,71.8,18.5
Bhagalpur_Bihar,Bhagalpur,Bihar,2023,5,63.4,38.8,16.1,75.9,17.2
Bhagalpur_Bihar,Bhagalpur,Bihar,2023,6,301.8,38.5,13.1,60.0,18.0
Bhagalpur_Bihar,Bhagalpur,Bihar,2023,7,413.7,35.0,13.0,68.9,18.0
Bhagalpur_Bihar,Bhagalpur,Bihar,2023,8,380.3,37.1,16.4,68.6,18.3
Bhagalpur_Bihar,Bhagalpur,Bihar,2023,9,377.7,38.3,13.3,73.4,17.4
Bhagalpur_Bihar,Bhagalpur,Bihar,2023,10,113.8,38.7,16.9,63.2,17.6
Bhagalpur_Bihar,Bhagalpur,Bihar,2023,11,135.5,37.6,14.8,72.5,20.0
Bhagalpur_Bihar,Bhagalpur,Bihar,2023,12,39.6,34.2,13.6,72.0,18.0
Bhagalpur_Bihar,Bhagalpur,Bihar,2023,1,37.3,33.4,15.6,72.4,18.9
Bhagalpur_Bihar,Bhagalpur,Bihar,2023,2,48.4,37.5,14.2,69.0,20.6
Bhagalpur_Bihar,Bhagalpur,Bihar,2023,3,57.5,35.8,13.5,60.9,20.8
Bhagalpur_Bihar,Bhagalpur,Bihar,2023,4,42.3,38.1,15.1,72.4,17.5
Bhagalpur_Bihar,Bhagalpur,Bihar,2023,5,75.8,37.4,13.1,65.0,18.1
Bhagalpur_Bihar,Bhagalpur,Bihar,2023,6,409.0,37.2,13.2,63.2,18.4
Bhagalpur_Bihar,Bhagalpur,Bihar,2023,7,403.5,38.7,16.7,61.3,20.3
Bhagalpur_Bihar,Bhagalpur,Bihar,2023,8,340.7,33.5,16.3,62.6,18.3
Bhagalpur_Bihar,Bhagalpur,Bihar,2023,9,230.1,35.7,16.3,72.4,17.9
Bhagalpur_Bihar,Bhagalpur,Bihar,2023,10,122.2,38.3,13.4,68.7,17.4
Bhagalpur_Bihar,Bhagalpur,Bihar,2023,11,136.1,33.5,13.8,64.1,18.1
Bhagalpur_Bihar,Bhagalpur,Bihar,2023,12,10.3,33.5,13.8,74.0,19.5
Bhagalpur_Bihar,Bhagalpur,Bihar,2023,1,0.0,36.0,13.3,64.2,17.5
Bhagalpur_Bihar,Bhagalpur,Bihar,2023,2,0.3,38.7,14.1,67.1,20.6
Bhagalpur_Bihar,Bhagalpur,Bihar,2023,3,65.9,37.2,16.3,74.0,19.6
Bhagalpur_Bihar,Bhagalpur,Bihar,2023,4,72.8,34.7,16.5,68.7,20.6
Bhagalpur_Bihar,Bhagalpur,Bihar,2023,5,26.6,38.7,14.0,75.1,20.8
Bhagalpur_Bihar,Bhagalpur,Bihar,2023,6,411.2,36.9,16.5,72.4,19.5
Bhagalpur_Bihar,Bhagalpur,Bihar,2023,7,435.3,38.9,13.2,62.2,18.8
Bhagalpur_Bihar,Bhagalpur,Bihar,2023,8,324.7,34.0,16.9,65.0,18.7
Bhagalpur_Bihar,Bhagalpur,Bihar,2023,9,295.4,33.4,13.6,71.9,17.7
Bhagalpur_Bihar,Bhagalpur,Bihar,2023,10,144.8,33.6,14.7,60.4,18.4
Bhagalpur_Bihar,Bhagalpur,Bihar,2023,11,152.2,38.3,16.6,61.7,21.0
Bhagalpur_Bihar,Bhagalpur,Bihar,2023,12,1.5,33.0,14.6,70.1,18.3
Darbhanga_Bihar,Darbhanga,Bihar,2023,1,5.6,34.8,14.0,72.7,17.2
Darbhanga_Bihar,Darbhanga,Bihar,2023,2,37.1,35.5,12.5,71.6,17.4
Darbhanga_Bihar,Darbhanga,Bihar,2023,3,73.7,34.9,12.1,71.0,19.3
Darbhanga_Bihar,Darbhanga,Bihar,2023,4,72.4,33.5,13.9,73.0,20.0
Darbhanga_Bihar,Darbhanga,Bihar,2023,5,72.6,34.9,13.4,77.0,18.0
Darbhanga_Bihar,Darbhanga,Bihar,2023,6,465.9,32.4,14.7,64.7,17.0
Darbhanga_Bihar,Darbhanga,Bihar,2023,7,343.7,35.0,12.1,73.9,17.6
Darbhanga_Bihar,Darbhanga,Bihar,2023,8,452.4,36.3,12.9,76.2,18.9
Darbhanga_Bihar,Darbhanga,Bihar,2023,9,430.1,34.7,14.7,65.5,17.6
Darbhanga_Bihar,Darbhanga,Bihar,2023,10,200.9,37.9,12.2,75.5,18.3
Darbhanga_Bihar,Darbhanga,Bihar,2023,11,185.5,32.8,15.6,75.1,17.0
Darbhanga_Bihar,Darbhanga,Bihar,2023,12,35.8,36.9,13.6,77.6,18.5
Darbhanga_Bihar,Darbhanga,Bihar,2023,1,27.9,34.3,16.0,76.2,16.3
Darbhanga_Bihar,Darbhanga,Bihar,2023,2,21.9,33.5,13.0,78.7,18.0
Darbhanga_Bihar,Darbhanga,Bihar,2023,3,57.4,35.1,13.4,69.1,17.0
Darbhanga_Bihar,Darbhanga,Bihar,2023,4,59.0,33.3,15.9,66.0,17.9
Darbhanga_Bihar,Darbhanga,Bihar,2023,5,16.6,37.5,15.2,75.1,19.5
Darbhanga_Bihar,Darbhanga,Bihar,2023,6,433.6,37.1,13.6,72.8,19.1
Darbhanga_Bihar,Darbhanga,Bihar,2023,7,292.4,32.9,15.5,69.0,17.3
Darbhanga_Bihar,Darbhanga,Bihar,2023,8,291.3,33.0,14.5,74.3,17.1
Darbhanga_Bihar,Darbhanga,Bihar,2023,9,448.3,35.6,13.9,67.9,16.7
Darbhanga_Bihar,Darbhanga,Bihar,2023,10,203.1,32.6,12.8,79.8,16.1
Darbhanga_Bihar,Darbhanga,Bihar,2023,11,168.0,33.6,14.7,79.1,17.8
Darbhanga_Bihar,Darbhanga,Bihar,2023,12,39.7,34.8,12.2,75.9,17.5
Darbhanga_Bihar,Darbhanga,Bihar,2023,1,40.8,37.9,15.8,79.6,19.8
Darbhanga_Bihar,Darbhanga,Bihar,2023,2,20.3,33.6,14.8,79.7,16.2
Darbhanga_Bihar,Darbhanga,Bihar,2023,3,70.2,33.5,12.9,65.0,16.4
Darbhanga_Bihar,Darbhanga,Bihar,2023,4,65.7,32.2,15.9,74.5,18.1
Darbhanga_Bihar,Darbhanga,Bihar,2023,5,51.8,34.2,14.8,74.9,16.4
Darbhanga_Bihar,Darbhanga,Bihar,2023,6,449.3,34.4,15.8,71.0,18.9
Darbhanga_Bihar,Darbhanga,Bihar,2023,7,383.5,37.9,13.9,70.3,19.7
Darbhanga_Bihar,Darbhanga,Bihar,2023,8,378.9,37.1,12.9,66.7,16.3
Darbhanga_Bihar,Darbhanga,Bihar,2023,9,435.3,33.8,13.1,68.9,18.7
Darbhanga_Bihar,Darbhanga,Bihar,2023,10,197.7,34.4,15.1,70.9,19.7
Darbhanga_Bihar,Darbhanga,Bihar,2023,11,160.8,37.8,13.7,67.7,16.7
Darbhanga_Bihar,Darbhanga,Bihar,2023,12,51.6,34.5,15.3,72.7,17.3
Darbhanga_Bihar,Darbhanga,Bihar,2023,1,0.0,33.5,15.9,77.3,18.4
Darbhanga_Bihar,Darbhanga,Bihar,2023,2,37.3,37.9,13.2,67.8,18.6
Darbhanga_Bihar,Darbhanga,Bihar,2023,3,56.0,33.8,14.5,68.4,16.2
Darbhanga_Bihar,Darbhanga,Bihar,2023,4,94.1,37.8,14.9,74.9,18.2
Darbhanga_Bihar,Darbhanga,Bihar,2023,5,25.4,33.7,15.6,66.8,19.7
Darbhanga_Bihar,Darbhanga,Bihar,2023,6,378.0,32.7,13.1,79.3,17.1
Darbhanga_Bihar,Darbhanga,Bihar,2023,7,310.1,32.8,12.9,74.3,17.8
Darbhanga_Bihar,Darbhanga,Bihar,2023,8,360.7,36.8,15.1,64.3,17.5
Darbhanga_Bihar,Darbhanga,Bihar,2023,9,286.4,36.4,15.6,67.8,17.8
Darbhanga_Bihar,Darbhanga,Bihar,2023,10,135.2,35.1,12.2,75.4,18.2
Darbhanga_Bihar,Darbhanga,Bihar,2023,11,185.0,37.4,16.0,78.7,19.1
Darbhanga_Bihar,Darbhanga,Bihar,2023,12,38.8,33.1,14.7,75.4,19.9
Darbhanga_Bihar,Darbhanga,Bihar,2023,1,14.2,32.1,13.3,77.8,16.2
Darbhanga_Bihar,Darbhanga,Bihar,2023,2,34.3,37.7,15.9,70.8,19.8
Darbhanga_Bihar,Darbhanga,Bihar,2023,3,42.9,35.9,13.0,72.1,16.5
Darbhanga_Bihar,Darbhanga,Bihar,2023,4,71.0,35.8,12.6,67.3,20.0
Darbhanga_Bihar,Darbhanga,Bihar,2023,5,89.0,33.8,12.7,72.0,18.0
Darbhanga_Bihar,Darbhanga,Bihar,2023,6,306.2,34.2,12.7,69.3,18.3
Darbhanga_Bihar,Darbhanga,Bihar,2023,7,411.0,35.2,12.6,78.6,19.7
Darbhanga_Bihar,Darbhanga,Bihar,2023,8,383.5,35.2,14.5,79.9,20.0
Darbhanga_Bihar,Darbhanga,Bihar,2023,9,421.6,37.7,14.5,76.8,17.6
Darbhanga_Bihar,Darbhanga,Bihar,2023,10,150.2,32.9,13.4,77.7,16.2
Darbhanga_Bihar,Darbhanga,Bihar,2023,11,122.6,34.4,16.0,66.8,16.6
Darbhanga_Bihar,Darbhanga,Bihar,2023,12,54.3,32.2,15.0,74.5,19.1
Khurda_Odisha,Khurda,Odisha,2023,1,24.2,34.5,21.3,71.6,20.5
Khurda_Odisha,Khurda,Odisha,2023,2,4.6,35.4,21.4,73.7,20.2
Khurda_Odisha,Khurda,Odisha,2023,3,99.3,33.4,23.9,72.8,17.7
Khurda_Odisha,Khurda,Odisha,2023,4,73.1,32.5,22.5,80.7,18.0
Khurda_Odisha,Khurda,Odisha,2023,5,71.4,34.5,21.1,77.0,18.4
Khurda_Odisha,Khurda,Odisha,2023,6,504.1,37.6,20.7,67.2,18.8
Khurda_Odisha,Khurda,Odisha,2023,7,480.8,36.7,22.3,67.4,20.3
Khurda_Odisha,Khurda,Odisha,2023,8,315.2,37.1,22.3,69.1,18.5
Khurda_Odisha,Khurda,Odisha,2023,9,317.1,33.7,23.5,72.7,19.0
Khurda_Odisha,Khurda,Odisha,2023,10,137.0,36.1,22.9,70.9,19.0
Khurda_Odisha,Khurda,Odisha,2023,11,211.5,32.8,21.7,76.6,17.0
Khurda_Odisha,Khurda,Odisha,2023,12,28.2,37.7,21.6,69.6,19.1
Khurda_Odisha,Khurda,Odisha,2023,1,10.3,36.9,23.4,78.8,20.6
Khurda_Odisha,Khurda,Odisha,2023,2,6.5,32.3,23.4,78.7,19.8
Khurda_Odisha,Khurda,Odisha,2023,3,50.0,37.7,20.3,79.4,18.2
Khurda_Odisha,Khurda,Odisha,2023,4,47.0,34.0,22.9,78.3,19.1
Khurda_Odisha,Khurda,Odisha,2023,5,83.6,33.7,22.9,76.4,17.1
Khurda_Odisha,Khurda,Odisha,2023,6,503.9,37.2,23.5,74.1,19.0
Khurda_Odisha,Khurda,Odisha,2023,7,386.7,37.4,23.2,69.0,19.4
Khurda_Odisha,Khurda,Odisha,2023,8,527.9,36.7,23.1,72.6,18.5
Khurda_Odisha,Khurda,Odisha,2023,9,460.6,35.4,22.9,79.4,18.1
Khurda_Odisha,Khurda,Odisha,2023,10,145.4,35.0,21.4,76.1,17.2
Khurda_Odisha,Khurda,Odisha,2023,11,182.3,35.2,21.7,71.5,20.6
Khurda_Odisha,Khurda,Odisha,2023,12,25.4,37.5,22.2,81.0,17.5
Khurda_Odisha,Khurda,Odisha,2023,1,52.6,32.5,21.3,74.1,18.8
Khurda_Odisha,Khurda,Odisha,2023,2,36.5,32.2,22.8,81.2,19.1
Khurda_Odisha,Khurda,Odisha,2023,3,55.4,33.3,20.9,73.9,20.7
Khurda_Odisha,Khurda,Odisha,2023,4,53.1,33.6,21.5,77.0,18.8
Khurda_Odisha,Khurda,Odisha,2023,5,60.5,33.5,20.3,67.4,18.0
Khurda_Odisha,Khurda,Odisha,2023,6,306.5,36.6,22.9,76.8,20.4
Khurda_Odisha,Khurda,Odisha,2023,7,372.9,34.4,21.6,73.5,17.4
Khurda_Odisha,Khurda,Odisha,2023,8,504.8,34.0,21.3,68.2,17.6
Khurda_Odisha,Khurda,Odisha,2023,9,293.8,37.2,21.4,69.0,19.6
Khurda_Odisha,Khurda,Odisha,2023,10,222.3,33.7,23.9,69.9,19.0
Khurda_Odisha,Khurda,Odisha,2023,11,179.7,37.9,23.3,72.0,18.6
Khurda_Odisha,Khurda,Odisha,2023,12,35.8,37.5,21.7,77.5,17.7
Khurda_Odisha,Khurda,Odisha,2023,1,55.4,37.8,22.9,75.8,18.1
Khurda_Odisha,Khurda,Odisha,2023,2,50.2,36.1,22.7,80.5,17.0
Khurda_Odisha,Khurda,Odisha,2023,3,54.5,37.4,22.7,73.6,18.4
Khurda_Odisha,Khurda,Odisha,2023,4,87.7,35.6,21.2,81.8,19.2
Khurda_Odisha,Khurda,Odisha,2023,5,69.7,34.1,23.5,67.8,19.0
Khurda_Odisha,Khurda,Odisha,2023,6,414.1,33.7,20.9,81.8,19.3
Khurda_Odisha,Khurda,Odisha,2023,7,303.8,38.0,20.8,76.8,18.7
Khurda_Odisha,Khurda,Odisha,2023,8,508.5,35.6,20.0,81.1,18.8
Khurda_Odisha,Khurda,Odisha,2023,9,508.9,36.2,20.3,78.9,18.4
Khurda_Odisha,Khurda,Odisha,2023,10,157.5,32.9,20.7,72.3,20.6
Khurda_Odisha,Khurda,Odisha,2023,11,183.3,32.5,22.4,74.7,20.9
Khurda_Odisha,Khurda,Odisha,2023,12,39.5,36.7,20.8,76.0,17.3
Khurda_Odisha,Khurda,Odisha,2023,1,35.5,34.0,20.8,78.4,18.3
Khurda_Odisha,Khurda,Odisha,2023,2,32.9,33.5,23.6,76.0,19.2
Khurda_Odisha,Khurda,Odisha,2023,3,63.8,35.4,20.6,70.3,18.9
Khurda_Odisha,Khurda,Odisha,2023,4,98.1,36.0,22.0,71.0,19.7
Khurda_Odisha,Khurda,Odisha,2023,5,91.3,33.0,20.4,71.3,19.3
Khurda_Odisha,Khurda,Odisha,2023,6,504.6,33.8,21.9,81.7,18.7
Khurda_Odisha,Khurda,Odisha,2023,7,330.3,34.7,23.2,71.7,19.1
Khurda_Odisha,Khurda,Odisha,2023,8,430.4,33.2,23.7,76.0,19.9
Khurda_Odisha,Khurda,Odisha,2023,9,460.0,34.7,21.7,72.8,18.4
Khurda_Odisha,Khurda,Odisha,2023,10,185.0,37.2,21.3,71.9,17.4
Khurda_Odisha,Khurda,Odisha,2023,11,216.7,35.4,23.6,73.5,20.2
Khurda_Odisha,Khurda,Odisha,2023,12,34.8,34.6,21.6,82.9,19.4
Cuttack_Odisha,Cuttack,Odisha,2023,1,30.4,31.0,21.5,77.6,18.5
Cuttack_Odisha,Cuttack,Odisha,2023,2,14.3,32.0,23.4,81.9,18.7
Cuttack_Odisha,Cuttack,Odisha,2023,3,80.3,32.2,21.7,79.1,18.1
Cuttack_Odisha,Cuttack,Odisha,2023,4,55.5,36.1,21.0,77.9,19.7
Cuttack_Odisha,Cuttack,Odisha,2023,5,42.2,33.7,21.6,81.4,17.5
Cuttack_Odisha,Cuttack,Odisha,2023,6,300.1,31.3,21.6,79.5,16.8
Cuttack_Odisha,Cuttack,Odisha,2023,7,465.8,32.5,22.4,79.0,17.9
Cuttack_Odisha,Cuttack,Odisha,2023,8,388.2,36.9,21.7,74.3,17.9
Cuttack_Odisha,Cuttack,Odisha,2023,9,322.6,33.0,20.5,75.5,16.0
Cuttack_Odisha,Cuttack,Odisha,2023,10,168.1,31.1,23.3,82.7,16.8
Cuttack_Odisha,Cuttack,Odisha,2023,11,188.3,34.0,21.7,72.3,18.8
Cuttack_Odisha,Cuttack,Odisha,2023,12,0.0,35.6,22.7,76.0,17.9
Cuttack_Odisha,Cuttack,Odisha,2023,1,23.7,32.0,21.6,69.3,18.1
Cuttack_Odisha,Cuttack,Odisha,2023,2,27.3,31.7,20.3,81.6,16.3
Cuttack_Odisha,Cuttack,Odisha,2023,3,90.0,33.0,20.4,77.4,18.3
Cuttack_Odisha,Cuttack,Odisha,2023,4,58.5,33.2,21.3,74.8,17.4
Cuttack_Odisha,Cuttack,Odisha,2023,5,68.9,33.1,21.7,68.1,18.0
Cuttack_Odisha,Cuttack,Odisha,2023,6,346.2,36.5,21.3,74.8,19.3
Cuttack_Odisha,Cuttack,Odisha,2023,7,356.4,32.4,22.4,79.0,19.6
Cuttack_Odisha,Cuttack,Odisha,2023,8,447.1,34.4,20.8,79.0,16.7
Cuttack_Odisha,Cuttack,Odisha,2023,9,442.7,36.4,21.8,80.4,16.7
Cuttack_Odisha,Cuttack,Odisha,2023,10,161.1,34.6,22.5,79.9,17.2
Cuttack_Odisha,Cuttack,Odisha,2023,11,192.7,32.3,20.3,80.0,18.0
Cuttack_Odisha,Cuttack,Odisha,2023,12,23.0,33.1,23.3,76.5,16.1
Cuttack_Odisha,Cuttack,Odisha,2023,1,31.0,32.5,21.4,78.1,16.0
Cuttack_Odisha,Cuttack,Odisha,2023,2,45.0,35.1,21.6,78.6,19.7
Cuttack_Odisha,Cuttack,Odisha,2023,3,48.9,32.4,23.4,79.5,19.2
Cuttack_Odisha,Cuttack,Odisha,2023,4,82.5,31.3,21.2,74.4,18.5
Cuttack_Odisha,Cuttack,Odisha,2023,5,78.4,33.8,23.1,71.6,16.9
Cuttack_Odisha,Cuttack,Odisha,2023,6,441.9,36.7,21.4,80.2,18.3
Cuttack_Odisha,Cuttack,Odisha,2023,7,298.6,32.2,20.6,73.3,18.3
Cuttack_Odisha,Cuttack,Odisha,2023,8,451.2,31.7,22.4,74.6,19.6
Cuttack_Odisha,Cuttack,Odisha,2023,9,533.2,35.2,20.5,69.4,19.4
Cuttack_Odisha,Cuttack,Odisha,2023,10,184.3,36.1,22.5,70.9,16.8
Cuttack_Odisha,Cuttack,Odisha,2023,11,154.0,33.9,23.8,79.4,16.4
Cuttack_Odisha,Cuttack,Odisha,2023,12,18.0,36.5,21.0,81.2,17.2
Cuttack_Odisha,Cuttack,Odisha,2023,1,0.3,35.5,21.1,78.1,19.7
Cuttack_Odisha,Cuttack,Odisha,2023,2,12.2,31.6,20.5,69.0,16.4
Cuttack_Odisha,Cuttack,Odisha,2023,3,55.2,35.2,23.5,80.6,18.1
Cuttack_Odisha,Cuttack,Odisha,2023,4,50.8,33.2,20.3,81.5,17.4
Cuttack_Odisha,Cuttack,Odisha,2023,5,64.3,36.4,21.4,73.7,18.3
Cuttack_Odisha,Cuttack,Odisha,2023,6,461.9,34.6,23.8,72.2,19.6
Cuttack_Odisha,Cuttack,Odisha,2023,7,522.5,35.5,21.0,79.8,19.2
Cuttack_Odisha,Cuttack,Odisha,2023,8,370.5,35.9,21.4,70.7,16.4
Cuttack_Odisha,Cuttack,Odisha,2023,9,460.3,35.9,21.7,76.6,17.1
Cuttack_Odisha,Cuttack,Odisha,2023,10,160.0,33.8,22.1,83.2,18.4
Cuttack_Odisha,Cuttack,Odisha,2023,11,188.7,37.0,23.1,82.0,17.7
Cuttack_Odisha,Cuttack,Odisha,2023,12,31.2,32.2,22.8,82.4,16.7
Cuttack_Odisha,Cuttack,Odisha,2023,1,36.4,34.3,23.5,80.2,19.5
Cuttack_Odisha,Cuttack,Odisha,2023,2,2.6,31.5,21.8,82.2,17.9
Cuttack_Odisha,Cuttack,Odisha,2023,3,80.7,33.0,23.6,74.8,19.2
Cuttack_Odisha,Cuttack,Odisha,2023,4,68.5,34.4,23.0,69.4,18.0
Cuttack_Odisha,Cuttack,Odisha,2023,5,105.8,31.3,21.2,75.1,16.7
Cuttack_Odisha,Cuttack,Odisha,2023,6,465.9,33.1,22.7,75.7,19.0
Cuttack_Odisha,Cuttack,Odisha,2023,7,519.0,35.3,20.9,74.6,16.1
Cuttack_Odisha,Cuttack,Odisha,2023,8,327.7,33.1,23.6,79.9,19.9
Cuttack_Odisha,Cuttack,Odisha,2023,9,436.5,33.0,21.3,73.2,18.7
Cuttack_Odisha,Cuttack,Odisha,2023,10,191.7,31.9,20.1,71.5,16.4
Cuttack_Odisha,Cuttack,Odisha,2023,11,205.4,35.3,21.5,69.2,19.3
Cuttack_Odisha,Cuttack,Odisha,2023,12,22.5,36.4,20.2,71.2,19.0
Sambalpur_Odisha,Sambalpur,Odisha,2023,1,34.9,34.8,20.6,73.8,21.2
Sambalpur_Odisha,Sambalpur,Odisha,2023,2,55.3,36.9,21.6,76.5,21.9
Sambalpur_Odisha,Sambalpur,Odisha,2023,3,62.4,37.3,18.3,67.1,18.5
Sambalpur_Odisha,Sambalpur,Odisha,2023,4,77.5,37.3,20.3,63.7,20.2
Sambalpur_Odisha,Sambalpur,Odisha,2023,5,83.6,33.4,19.2,73.1,18.1
Sambalpur_Odisha,Sambalpur,Odisha,2023,6,303.7,37.0,19.1,71.6,21.9
Sambalpur_Odisha,Sambalpur,Odisha,2023,7,436.0,35.8,18.8,62.3,19.2
Sambalpur_Odisha,Sambalpur,Odisha,2023,8,353.4,38.7,21.8,63.1,20.5
Sambalpur_Odisha,Sambalpur,Odisha,2023,9,285.9,33.7,21.8,75.8,18.1
Sambalpur_Odisha,Sambalpur,Odisha,2023,10,203.2,36.0,20.4,72.9,21.5
Sambalpur_Odisha,Sambalpur,Odisha,2023,11,199.5,37.9,21.9,66.8,18.5
Sambalpur_Odisha,Sambalpur,Odisha,2023,12,53.7,33.7,19.7,63.0,21.1
Sambalpur_Odisha,Sambalpur,Odisha,2023,1,35.5,36.4,20.1,71.9,21.8
Sambalpur_Odisha,Sambalpur,Odisha,2023,2,55.0,34.1,19.3,69.8,21.6
Sambalpur_Odisha,Sambalpur,Odisha,2023,3,79.8,38.9,20.4,76.0,22.0
Sambalpur_Odisha,Sambalpur,Odisha,2023,4,84.8,38.1,18.3,72.2,18.9
Sambalpur_Odisha,Sambalpur,Odisha,2023,5,54.5,36.8,19.0,68.2,21.9
Sambalpur_Odisha,Sambalpur,Odisha,2023,6,438.3,38.9,19.5,73.1,20.9
Sambalpur_Odisha,Sambalpur,Odisha,2023,7,483.8,34.7,20.6,68.3,20.1
Sambalpur_Odisha,Sambalpur,Odisha,2023,8,386.9,35.8,18.8,71.7,21.0
Sambalpur_Odisha,Sambalpur,Odisha,2023,9,383.1,33.3,20.4,71.3,18.1
Sambalpur_Odisha,Sambalpur,Odisha,2023,10,165.7,36.3,19.7,68.6,21.6
Sambalpur_Odisha,Sambalpur,Odisha,2023,11,176.2,34.9,20.1,64.3,21.3
Sambalpur_Odisha,Sambalpur,Odisha,2023,12,36.0,33.2,19.9,65.6,19.7
Sambalpur_Odisha,Sambalpur,Odisha,2023,1,29.2,38.4,20.5,70.6,21.0
Sambalpur_Odisha,Sambalpur,Odisha,2023,2,33.6,36.2,20.4,63.4,19.2
Sambalpur_Odisha,Sambalpur,Odisha,2023,3,52.2,37.7,19.1,64.9,20.3
Sambalpur_Odisha,Sambalpur,Odisha,2023,4,50.7,33.0,21.7,63.3,21.6
Sambalpur_Odisha,Sambalpur,Odisha,2023,5,60.2,34.1,21.3,64.9,19.5
Sambalpur_Odisha,Sambalpur,Odisha,2023,6,335.9,38.2,19.5,66.9,21.1
Sambalpur_Odisha,Sambalpur,Odisha,2023,7,466.1,38.6,19.5,64.4,18.7
Sambalpur_Odisha,Sambalpur,Odisha,2023,8,412.3,33.9,19.2,70.5,18.5
Sambalpur_Odisha,Sambalpur,Odisha,2023,9,288.3,34.8,18.9,73.2,21.4
Sambalpur_Odisha,Sambalpur,Odisha,2023,10,175.0,38.2,20.0,68.1,20.4
Sambalpur_Odisha,Sambalpur,Odisha,2023,11,194.5,38.5,20.5,76.1,20.3
Sambalpur_Odisha,Sambalpur,Odisha,2023,12,22.8,33.5,18.9,74.3,20.6
Sambalpur_Odisha,Sambalpur,Odisha,2023,1,36.4,35.8,19.1,68.5,21.2
Sambalpur_Odisha,Sambalpur,Odisha,2023,2,45.1,37.5,18.6,63.6,21.4
Sambalpur_Odisha,Sambalpur,Odisha,2023,3,85.1,36.6,19.5,65.6,20.7
Sambalpur_Odisha,Sambalpur,Odisha,2023,4,79.4,34.8,19.1,62.4,20.1
Sambalpur_Odisha,Sambalpur,Odisha,2023,5,98.6,38.4,20.5,69.7,22.0
Sambalpur_Odisha,Sambalpur,Odisha,2023,6,384.4,37.6,19.3,70.0,19.5
Sambalpur_Odisha,Sambalpur,Odisha,2023,7,294.6,38.3,21.0,66.4,19.5
Sambalpur_Odisha,Sambalpur,Odisha,2023,8,401.0,36.0,20.8,69.5,18.8
Sambalpur_Odisha,Sambalpur,Odisha,2023,9,377.9,34.7,19.3,69.0,21.5
Sambalpur_Odisha,Sambalpur,Odisha,2023,10,200.3,35.8,18.0,67.4,21.3
Sambalpur_Odisha,Sambalpur,Odisha,2023,11,166.2,34.2,21.7,76.8,18.6
Sambalpur_Odisha,Sambalpur,Odisha,2023,12,17.4,36.6,18.7,64.3,18.0
Sambalpur_Odisha,Sambalpur,Odisha,2023,1,34.4,33.7,20.4,68.4,18.8
Sambalpur_Odisha,Sambalpur,Odisha,2023,2,43.1,37.7,18.5,75.6,21.7
Sambalpur_Odisha,Sambalpur,Odisha,2023,3,40.8,33.8,19.4,72.8,19.1
Sambalpur_Odisha,Sambalpur,Odisha,2023,4,26.4,35.7,20.3,72.9,18.2
Sambalpur_Odisha,Sambalpur,Odisha,2023,5,48.6,38.7,19.4,63.6,18.2
Sambalpur_Odisha,Sambalpur,Odisha,2023,6,315.5,36.9,21.4,67.0,20.3
Sambalpur_Odisha,Sambalpur,Odisha,2023,7,425.0,33.4,18.9,76.1,21.3
Sambalpur_Odisha,Sambalpur,Odisha,2023,8,278.5,37.6,19.9,74.2,18.8
Sambalpur_Odisha,Sambalpur,Odisha,2023,9,488.6,34.2,20.2,63.8,19.4
Sambalpur_Odisha,Sambalpur,Odisha,2023,10,180.4,36.9,19.0,73.5,19.4
Sambalpur_Odisha,Sambalpur,Odisha,2023,11,184.0,35.2,19.9,68.8,19.7
Sambalpur_Odisha,Sambalpur,Odisha,2023,12,44.8,34.2,21.1,70.8,19.7
Koraput_Odisha,Koraput,Odisha,2023,1,32.8,31.3,18.3,77.7,16.5
Koraput_Odisha,Koraput,Odisha,2023,2,30.4,32.0,17.3,73.3,18.1
Koraput_Odisha,Koraput,Odisha,2023,3,81.9,30.6,17.0,84.2,18.1
Koraput_Odisha,Koraput,Odisha,2023,4,58.3,29.2,17.0,84.7,18.5
Koraput_Odisha,Koraput,Odisha,2023,5,90.4,30.9,19.5,80.5,16.2
Koraput_Odisha,Koraput,Odisha,2023,6,472.1,34.4,18.6,81.7,15.2
Koraput_Odisha,Koraput,Odisha,2023,7,502.1,29.1,19.4,84.9,16.0
Koraput_Odisha,Koraput,Odisha,2023,8,565.5,32.5,19.4,74.6,18.2
Koraput_Odisha,Koraput,Odisha,2023,9,428.7,31.7,16.5,76.1,15.9
Koraput_Odisha,Koraput,Odisha,2023,10,155.1,33.7,19.5,84.8,18.4
Koraput_Odisha,Koraput,Odisha,2023,11,231.3,33.7,19.1,72.1,17.6
Koraput_Odisha,Koraput,Odisha,2023,12,47.4,33.2,19.8,71.7,15.2
Koraput_Odisha,Koraput,Odisha,2023,1,15.3,31.8,17.2,84.0,18.0
Koraput_Odisha,Koraput,Odisha,2023,2,34.1,33.2,19.9,79.8,15.7
Koraput_Odisha,Koraput,Odisha,2023,3,107.5,34.0,16.6,80.7,18.7
Koraput_Odisha,Koraput,Odisha,2023,4,67.0,29.8,17.2,75.7,17.8
Koraput_Odisha,Koraput,Odisha,2023,5,36.2,31.3,17.8,80.1,17.8
Koraput_Odisha,Koraput,Odisha,2023,6,562.0,32.2,17.5,70.0,17.3
Koraput_Odisha,Koraput,Odisha,2023,7,532.3,29.0,18.9,80.9,16.6
Koraput_Odisha,Koraput,Odisha,2023,8,527.9,30.5,17.0,73.0,17.9
Koraput_Odisha,Koraput,Odisha,2023,9,447.1,33.3,17.5,72.4,17.4
Koraput_Odisha,Koraput,Odisha,2023,10,207.7,31.6,17.2,79.4,15.5
Koraput_Odisha,Koraput,Odisha,2023,11,202.1,32.6,18.1,78.3,17.7
Koraput_Odisha,Koraput,Odisha,2023,12,13.5,31.7,17.8,85.7,15.6
Koraput_Odisha,Koraput,Odisha,2023,1,22.1,34.2,18.1,78.6,18.4
Koraput_Odisha,Koraput,Odisha,2023,2,40.2,29.5,16.7,76.5,17.0
Koraput_Odisha,Koraput,Odisha,2023,3,123.2,34.1,17.3,85.4,17.8
Koraput_Odisha,Koraput,Odisha,2023,4,74.3,29.1,16.6,83.3,17.6
Koraput_Odisha,Koraput,Odisha,2023,5,64.3,34.4,18.5,76.4,15.5
Koraput_Odisha,Koraput,Odisha,2023,6,430.8,31.6,17.9,78.0,18.5
Koraput_Odisha,Koraput,Odisha,2023,7,502.1,31.3,16.1,84.9,18.8
Koraput_Odisha,Koraput,Odisha,2023,8,604.2,33.9,18.7,83.5,17.4
Koraput_Odisha,Koraput,Odisha,2023,9,364.8,34.8,17.4,83.9,15.4
Koraput_Odisha,Koraput,Odisha,2023,10,189.7,29.3,16.5,73.1,18.4
Koraput_Odisha,Koraput,Odisha,2023,11,158.7,29.1,18.8,79.9,17.6
Koraput_Odisha,Koraput,Odisha,2023,12,16.6,33.3,19.2,72.2,16.9
Koraput_Odisha,Koraput,Odisha,2023,1,6.3,32.2,19.9,79.4,17.1
Koraput_Odisha,Koraput,Odisha,2023,2,23.2,33.9,18.6,72.7,17.5
Koraput_Odisha,Koraput,Odisha,2023,3,62.3,30.6,17.6,73.9,16.0
Koraput_Odisha,Koraput,Odisha,2023,4,77.0,33.0,19.8,80.6,17.3
Koraput_Odisha,Koraput,Odisha,2023,5,101.8,30.0,17.3,81.7,18.0
Koraput_Odisha,Koraput,Odisha,2023,6,601.6,34.4,16.2,79.1,18.7
Koraput_Odisha,Koraput,Odisha,2023,7,396.1,31.1,19.2,71.4,17.4
Koraput_Odisha,Koraput,Odisha,2023,8,366.9,34.8,16.8,70.5,16.7
Koraput_Odisha,Koraput,Odisha,2023,9,479.3,32.3,19.8,75.0,16.2
Koraput_Odisha,Koraput,Odisha,2023,10,212.1,29.0,18.5,86.0,16.2
Koraput_Odisha,Koraput,Odisha,2023,11,207.5,32.6,17.8,78.5,17.2
Koraput_Odisha,Koraput,Odisha,2023,12,31.2,32.3,17.1,85.0,15.1
Koraput_Odisha,Koraput,Odisha,2023,1,36.6,32.6,19.1,85.3,17.6
Koraput_Odisha,Koraput,Odisha,2023,2,45.1,30.1,17.6,77.5,18.6
Koraput_Odisha,Koraput,Odisha,2023,3,69.0,33.5,18.0,72.6,17.3
Koraput_Odisha,Koraput,Odisha,2023,4,114.5,32.5,17.5,71.4,16.9
Koraput_Odisha,Koraput,Odisha,2023,5,84.5,30.4,19.7,83.1,17.6
Koraput_Odisha,Koraput,Odisha,2023,6,355.6,29.6,18.5,71.8,18.4
Koraput_Odisha,Koraput,Odisha,2023,7,592.8,31.7,18.8,85.0,18.6
Koraput_Odisha,Koraput,Odisha,2023,8,335.5,33.5,18.8,72.1,17.0
Koraput_Odisha,Koraput,Odisha,2023,9,530.3,34.2,16.2,82.5,17.5
Koraput_Odisha,Koraput,Odisha,2023,10,202.5,33.7,19.7,75.9,17.7
Koraput_Odisha,Koraput,Odisha,2023,11,225.3,34.3,16.0,74.5,17.2
Koraput_Odisha,Koraput,Odisha,2023,12,36.8,32.9,17.9,83.0,16.8
Mayurbhanj_Odisha,Mayurbhanj,Odisha,2023,1,22.5,32.3,21.7,66.9,19.5
Mayurbhanj_Odisha,Mayurbhanj,Odisha,2023,2,36.4,32.8,21.9,70.5,18.4
Mayurbhanj_Odisha,Mayurbhanj,Odisha,2023,3,114.8,34.2,22.0,77.2,16.8
Mayurbhanj_Odisha,Mayurbhanj,Odisha,2023,4,56.2,33.1,21.0,75.3,16.2
Mayurbhanj_Odisha,Mayurbhanj,Odisha,2023,5,84.2,37.0,21.8,81.0,19.2
Mayurbhanj_Odisha,Mayurbhanj,Odisha,2023,6,369.0,32.3,19.0,75.8,16.2
Mayurbhanj_Odisha,Mayurbhanj,Odisha,2023,7,571.6,33.3,20.1,73.5,19.5
Mayurbhanj_Odisha,Mayurbhanj,Odisha,2023,8,475.8,33.7,19.7,81.3,16.7
Mayurbhanj_Odisha,Mayurbhanj,Odisha,2023,9,350.1,36.4,21.5,74.2,18.6
Mayurbhanj_Odisha,Mayurbhanj,Odisha,2023,10,189.1,34.6,18.1,71.2,19.7
Mayurbhanj_Odisha,Mayurbhanj,Odisha,2023,11,198.0,32.5,19.3,76.1,19.0
Mayurbhanj_Odisha,Mayurbhanj,Odisha,2023,12,46.6,31.2,21.7,69.1,19.5
Mayurbhanj_Odisha,Mayurbhanj,Odisha,2023,1,6.9,31.3,20.8,79.1,19.5
Mayurbhanj_Odisha,Mayurbhanj,Odisha,2023,2,51.0,31.0,18.5,70.7,19.2
Mayurbhanj_Odisha,Mayurbhanj,Odisha,2023,3,97.6,33.3,20.7,68.9,17.8
Mayurbhanj_Odisha,Mayurbhanj,Odisha,2023,4,53.4,31.2,21.0,74.6,17.3
Mayurbhanj_Odisha,Mayurbhanj,Odisha,2023,5,83.1,33.3,18.4,73.4,18.6
Mayurbhanj_Odisha,Mayurbhanj,Odisha,2023,6,308.8,33.4,19.9,70.8,18.7
Mayurbhanj_Odisha,Mayurbhanj,Odisha,2023,7,565.2,35.0,20.0,79.2,19.3
Mayurbhanj_Odisha,Mayurbhanj,Odisha,2023,8,506.2,31.2,21.9,81.4,18.3
Mayurbhanj_Odisha,Mayurbhanj,Odisha,2023,9,571.6,34.1,19.6,75.5,18.1
Mayurbhanj_Odisha,Mayurbhanj,Odisha,2023,10,249.0,36.0,21.3,67.1,16.3
Mayurbhanj_Odisha,Mayurbhanj,Odisha,2023,11,206.3,34.9,18.6,72.4,16.4
Mayurbhanj_Odisha,Mayurbhanj,Odisha,2023,12,6.6,36.8,19.6,80.4,19.9
Mayurbhanj_Odisha,Mayurbhanj,Odisha,2023,1,56.5,32.5,21.6,70.7,17.5
Mayurbhanj_Odisha,Mayurbhanj,Odisha,2023,2,32.3,32.7,19.0,80.7,19.2
Mayurbhanj_Odisha,Mayurbhanj,Odisha,2023,3,57.1,36.5,18.3,79.2,18.2
Mayurbhanj_Odisha,Mayurbhanj,Odisha,2023,4,79.0,35.2,18.1,78.2,16.1
Mayurbhanj_Odisha,Mayurbhanj,Odisha,2023,5,52.0,35.9,19.3,73.3,17.7
Mayurbhanj_Odisha,Mayurbhanj,Odisha,2023,6,504.9,35.7,18.3,69.1,18.2
Mayurbhanj_Odisha,Mayurbhanj,Odisha,2023,7,532.3,31.3,18.6,76.3,17.6
Mayurbhanj_Odisha,Mayurbhanj,Odisha,2023,8,501.8,32.2,19.2,76.0,18.7
Mayurbhanj_Odisha,Mayurbhanj,Odisha,2023,9,361.3,33.0,20.9,74.4,16.9
Mayurbhanj_Odisha,Mayurbhanj,Odisha,2023,10,247.4,33.4,20.4,70.1,18.8
Mayurbhanj_Odisha,Mayurbhanj,Odisha,2023,11,194.7,32.3,18.1,70.3,16.8
Mayurbhanj_Odisha,Mayurbhanj,Odisha,2023,12,19.7,35.6,19.0,77.3,18.3
Mayurbhanj_Odisha,Mayurbhanj,Odisha,2023,1,59.0,31.1,20.2,69.5,18.2
Mayurbhanj_Odisha,Mayurbhanj,Odisha,2023,2,33.0,34.3,21.8,74.8,19.4
Mayurbhanj_Odisha,Mayurbhanj,Odisha,2023,3,55.0,33.8,19.1,72.1,18.4
Mayurbhanj_Odisha,Mayurbhanj,Odisha,2023,4,79.2,33.1,19.3,75.8,16.5
Mayurbhanj_Odisha,Mayurbhanj,Odisha,2023,5,35.0,31.4,19.0,66.3,17.0
Mayurbhanj_Odisha,Mayurbhanj,Odisha,2023,6,458.7,33.6,21.7,78.7,17.2
Mayurbhanj_Odisha,Mayurbhanj,Odisha,2023,7,536.9,31.4,22.0,79.9,17.9
Mayurbhanj_Odisha,Mayurbhanj,Odisha,2023,8,485.9,32.2,18.8,73.5,19.6
Mayurbhanj_Odisha,Mayurbhanj,Odisha,2023,9,326.3,31.3,19.9,76.2,18.7
Mayurbhanj_Odisha,Mayurbhanj,Odisha,2023,10,152.6,34.5,18.3,68.2,18.7
Mayurbhanj_Odisha,Mayurbhanj,Odisha,2023,11,188.6,34.2,21.7,66.2,18.6
Mayurbhanj_Odisha,Mayurbhanj,Odisha,2023,12,0.0,31.9,19.7,78.8,17.1
Mayurbhanj_Odisha,Mayurbhanj,Odisha,2023,1,14.1,32.7,19.6,70.4,16.7
Mayurbhanj_Odisha,Mayurbhanj,Odisha,2023,2,45.6,32.6,19.3,71.3,17.9
Mayurbhanj_Odisha,Mayurbhanj,Odisha,2023,3,86.3,35.8,18.5,80.3,16.7
Mayurbhanj_Odisha,Mayurbhanj,Odisha,2023,4,26.3,32.1,20.0,73.2,18.9
Mayurbhanj_Odisha,Mayurbhanj,Odisha,2023,5,40.6,33.0,20.5,66.7,16.1
Mayurbhanj_Odisha,Mayurbhanj,Odisha,2023,6,431.8,35.0,18.1,68.9,16.9
Mayurbhanj_Odisha,Mayurbhanj,Odisha,2023,7,421.7,32.3,19.5,75.3,17.5
Mayurbhanj_Odisha,Mayurbhanj,Odisha,2023,8,348.0,32.9,21.5,78.4,16.8
Mayurbhanj_Odisha,Mayurbhanj,Odisha,2023,9,344.6,33.5,21.7,70.8,19.5
Mayurbhanj_Odisha,Mayurbhanj,Odisha,2023,10,216.0,35.2,20.8,74.3,19.4
Mayurbhanj_Odisha,Mayurbhanj,Odisha,2023,11,191.7,34.8,19.8,81.7,19.4
Mayurbhanj_Odisha,Mayurbhanj,Odisha,2023,12,32.4,36.8,21.0,75.7,19.7
Nadia_West_Bengal,Nadia,West Bengal,2023,1,7.7,33.5,17.9,74.7,15.2
Nadia_West_Bengal,Nadia,West Bengal,2023,2,40.3,36.2,16.4,80.4,16.1
Nadia_West_Bengal,Nadia,West Bengal,2023,3,82.3,33.1,17.5,75.4,18.8
Nadia_West_Bengal,Nadia,West Bengal,2023,4,73.2,33.7,17.0,85.0,15.1
Nadia_West_Bengal,Nadia,West Bengal,2023,5,89.8,31.9,16.7,82.5,16.2
Nadia_West_Bengal,Nadia,West Bengal,2023,6,386.6,35.6,19.5,85.1,16.9
Nadia_West_Bengal,Nadia,West Bengal,2023,7,465.4,32.0,19.3,84.8,18.1
Nadia_West_Bengal,Nadia,West Bengal,2023,8,471.5,36.6,17.3,75.6,16.9
Nadia_West_Bengal,Nadia,West Bengal,2023,9,396.5,33.0,18.3,81.5,17.1
Nadia_West_Bengal,Nadia,West Bengal,2023,10,196.3,32.0,19.0,84.7,15.6
Nadia_West_Bengal,Nadia,West Bengal,2023,11,259.0,34.8,18.6,80.1,15.6
Nadia_West_Bengal,Nadia,West Bengal,2023,12,46.7,31.7,18.8,83.2,17.2
Nadia_West_Bengal,Nadia,West Bengal,2023,1,36.0,31.1,16.0,81.8,18.2
Nadia_West_Bengal,Nadia,West Bengal,2023,2,55.6,33.2,19.5,72.2,16.2
Nadia_West_Bengal,Nadia,West Bengal,2023,3,49.1,33.0,18.3,80.3,16.3
Nadia_West_Bengal,Nadia,West Bengal,2023,4,98.5,32.7,17.3,76.6,15.5
Nadia_West_Bengal,Nadia,West Bengal,2023,5,72.0,31.9,16.4,85.2,15.2
Nadia_West_Bengal,Nadia,West Bengal,2023,6,492.3,35.7,19.7,79.8,18.2
Nadia_West_Bengal,Nadia,West Bengal,2023,7,533.5,35.6,16.8,80.0,18.8
Nadia_West_Bengal,Nadia,West Bengal,2023,8,443.8,34.5,17.8,82.5,18.3
Nadia_West_Bengal,Nadia,West Bengal,2023,9,419.8,35.3,19.8,82.0,15.8
Nadia_West_Bengal,Nadia,West Bengal,2023,10,202.9,31.1,18.2,74.5,16.1
Nadia_West_Bengal,Nadia,West Bengal,2023,11,181.5,35.8,17.3,77.5,16.8
Nadia_West_Bengal,Nadia,West Bengal,2023,12,57.0,31.4,16.2,81.1,18.5
Nadia_West_Bengal,Nadia,West Bengal,2023,1,6.3,32.7,16.8,87.5,15.1
Nadia_West_Bengal,Nadia,West Bengal,2023,2,39.1,32.9,19.6,82.7,19.0
Nadia_West_Bengal,Nadia,West Bengal,2023,3,34.8,31.8,17.1,78.7,18.5
Nadia_West_Bengal,Nadia,West Bengal,2023,4,75.5,33.8,18.6,76.2,15.6
Nadia_West_Bengal,Nadia,West Bengal,2023,5,82.3,35.6,18.3,85.8,17.9
Nadia_West_Bengal,Nadia,West Bengal,2023,6,411.4,31.1,17.9,73.4,16.7
Nadia_West_Bengal,Nadia,West Bengal,2023,7,380.8,34.1,19.7,72.4,17.6
Nadia_West_Bengal,Nadia,West Bengal,2023,8,412.5,36.2,19.9,75.9,18.8
Nadia_West_Bengal,Nadia,West Bengal,2023,9,535.1,34.4,19.8,86.3,15.5
Nadia_West_Bengal,Nadia,West Bengal,2023,10,182.9,34.4,19.2,84.2,17.9
Nadia_West_Bengal,Nadia,West Bengal,2023,11,185.6,32.3,19.0,74.4,15.9
Nadia_West_Bengal,Nadia,West Bengal,2023,12,13.2,32.3,16.6,87.2,15.8
Nadia_West_Bengal,Nadia,West Bengal,2023,1,51.9,36.5,18.3,83.4,16.7
Nadia_West_Bengal,Nadia,West Bengal,2023,2,62.9,32.0,18.3,86.3,18.2
Nadia_West_Bengal,Nadia,West Bengal,2023,3,93.4,33.2,18.0,75.7,16.6
Nadia_West_Bengal,Nadia,West Bengal,2023,4,63.5,32.5,16.5,83.4,16.4
Nadia_West_Bengal,Nadia,West Bengal,2023,5,55.0,31.4,19.7,76.7,18.5
Nadia_West_Bengal,Nadia,West Bengal,2023,6,480.0,32.5,16.7,85.6,15.9
Nadia_West_Bengal,Nadia,West Bengal,2023,7,526.1,35.5,19.6,87.7,16.4
Nadia_West_Bengal,Nadia,West Bengal,2023,8,450.6,36.2,16.2,81.2,15.7
Nadia_West_Bengal,Nadia,West Bengal,2023,9,584.0,34.4,18.7,87.0,18.4
Nadia_West_Bengal,Nadia,West Bengal,2023,10,189.1,36.7,18.9,83.0,18.0
Nadia_West_Bengal,Nadia,West Bengal,2023,11,203.6,32.4,17.7,86.2,15.1
Nadia_West_Bengal,Nadia,West Bengal,2023,12,20.6,32.2,19.4,83.1,15.5
Nadia_West_Bengal,Nadia,West Bengal,2023,1,10.3,36.0,16.7,78.0,17.4
Nadia_West_Bengal,Nadia,West Bengal,2023,2,20.6,31.8,16.5,85.8,15.1
Nadia_West_Bengal,Nadia,West Bengal,2023,3,93.1,31.7,18.3,73.3,17.4
Nadia_West_Bengal,Nadia,West Bengal,2023,4,78.6,35.8,17.6,74.6,15.7
Nadia_West_Bengal,Nadia,West Bengal,2023,5,85.7,36.2,18.2,72.6,16.9
Nadia_West_Bengal,Nadia,West Bengal,2023,6,560.4,33.9,19.4,73.9,18.6
Nadia_West_Bengal,Nadia,West Bengal,2023,7,567.4,35.9,18.2,82.8,17.2
Nadia_West_Bengal,Nadia,West Bengal,2023,8,430.9,32.5,17.8,76.5,15.5
Nadia_West_Bengal,Nadia,West Bengal,2023,9,433.2,33.3,19.0,74.8,16.7
Nadia_West_Bengal,Nadia,West Bengal,2023,10,157.8,34.7,18.4,75.4,16.9
Nadia_West_Bengal,Nadia,West Bengal,2023,11,239.1,31.1,18.6,72.9,18.9
Nadia_West_Bengal,Nadia,West Bengal,2023,12,36.5,33.6,18.3,73.4,18.7
Bardhaman_West_Bengal,Bardhaman,West Bengal,2023,1,39.7,35.5,16.7,79.7,16.2
Bardhaman_West_Bengal,Bardhaman,West Bengal,2023,2,35.2,35.9,19.6,83.6,19.9
Bardhaman_West_Bengal,Bardhaman,West Bengal,2023,3,102.8,37.7,19.5,81.6,16.3
Bardhaman_West_Bengal,Bardhaman,West Bengal,2023,4,51.4,34.9,19.3,75.0,17.6
Bardhaman_West_Bengal,Bardhaman,West Bengal,2023,5,92.5,32.5,19.4,82.7,17.3
Bardhaman_West_Bengal,Bardhaman,West Bengal,2023,6,356.4,32.1,17.9,71.5,16.8
Bardhaman_West_Bengal,Bardhaman,West Bengal,2023,7,492.1,35.8,16.7,83.3,19.5
Bardhaman_West_Bengal,Bardhaman,West Bengal,2023,8,430.3,37.1,18.9,81.7,16.4
Bardhaman_West_Bengal,Bardhaman,West Bengal,2023,9,337.5,32.1,16.6,84.1,17.0
Bardhaman_West_Bengal,Bardhaman,West Bengal,2023,10,234.4,33.4,18.0,73.5,19.9
Bardhaman_West_Bengal,Bardhaman,West Bengal,2023,11,200.1,37.7,18.9,71.3,18.7
Bardhaman_West_Bengal,Bardhaman,West Bengal,2023,12,23.1,36.6,16.3,77.8,16.0
Bardhaman_West_Bengal,Bardhaman,West Bengal,2023,1,40.9,37.4,19.7,73.0,19.4
Bardhaman_West_Bengal,Bardhaman,West Bengal,2023,2,38.7,33.3,18.8,84.6,17.1
Bardhaman_West_Bengal,Bardhaman,West Bengal,2023,3,32.8,33.6,18.1,83.3,17.1
Bardhaman_West_Bengal,Bardhaman,West Bengal,2023,4,70.4,33.7,18.0,72.7,18.6
Bardhaman_West_Bengal,Bardhaman,West Bengal,2023,5,51.0,33.1,20.0,83.2,17.4
Bardhaman_West_Bengal,Bardhaman,West Bengal,2023,6,381.5,36.6,17.5,82.1,16.1
Bardhaman_West_Bengal,Bardhaman,West Bengal,2023,7,317.9,32.7,18.4,70.8,19.4
Bardhaman_West_Bengal,Bardhaman,West Bengal,2023,8,458.0,34.9,17.8,81.6,17.6
Bardhaman_West_Bengal,Bardhaman,West Bengal,2023,9,290.3,34.8,19.9,84.1,16.7
Bardhaman_West_Bengal,Bardhaman,West Bengal,2023,10,225.0,32.1,18.9,77.3,18.7
Bardhaman_West_Bengal,Bardhaman,West Bengal,2023,11,215.9,33.7,19.1,73.8,17.7
Bardhaman_West_Bengal,Bardhaman,West Bengal,2023,12,56.5,33.9,18.5,70.8,17.1
Bardhaman_West_Bengal,Bardhaman,West Bengal,2023,1,10.2,37.4,19.4,76.5,16.1
Bardhaman_West_Bengal,Bardhaman,West Bengal,2023,2,43.6,33.8,17.9,85.9,18.3
Bardhaman_West_Bengal,Bardhaman,West Bengal,2023,3,60.6,33.1,16.8,84.8,17.0
Bardhaman_West_Bengal,Bardhaman,West Bengal,2023,4,54.9,37.4,19.1,70.7,18.8
Bardhaman_West_Bengal,Bardhaman,West Bengal,2023,5,63.4,36.1,16.8,85.7,18.6
Bardhaman_West_Bengal,Bardhaman,West Bengal,2023,6,381.0,33.3,18.5,70.5,17.4
Bardhaman_West_Bengal,Bardhaman,West Bengal,2023,7,478.4,33.5,18.2,78.5,17.7
Bardhaman_West_Bengal,Bardhaman,West Bengal,2023,8,353.1,33.5,19.6,78.5,19.5
Bardhaman_West_Bengal,Bardhaman,West Bengal,2023,9,371.8,32.7,19.1,76.2,17.9
Bardhaman_West_Bengal,Bardhaman,West Bengal,2023,10,136.3,36.0,18.4,80.0,17.0
Bardhaman_West_Bengal,Bardhaman,West Bengal,2023,11,175.5,36.6,17.3,80.2,19.3
Bardhaman_West_Bengal,Bardhaman,West Bengal,2023,12,23.0,36.9,17.4,81.5,17.5
Bardhaman_West_Bengal,Bardhaman,West Bengal,2023,1,8.9,32.1,18.6,83.6,19.1
Bardhaman_West_Bengal,Bardhaman,West Bengal,2023,2,21.4,33.4,20.0,74.2,17.7
Bardhaman_West_Bengal,Bardhaman,West Bengal,2023,3,89.8,32.3,17.2,79.1,18.5
Bardhaman_West_Bengal,Bardhaman,West Bengal,2023,4,45.6,35.2,19.3,73.6,16.8
Bardhaman_West_Bengal,Bardhaman,West Bengal,2023,5,89.4,36.8,19.1,71.7,17.1
Bardhaman_West_Bengal,Bardhaman,West Bengal,2023,6,369.7,34.9,16.4,74.6,19.5
Bardhaman_West_Bengal,Bardhaman,West Bengal,2023,7,505.3,34.3,18.6,74.5,16.7
Bardhaman_West_Bengal,Bardhaman,West Bengal,2023,8,285.7,35.6,19.6,72.1,19.7
Bardhaman_West_Bengal,Bardhaman,West Bengal,2023,9,369.3,34.2,17.6,74.1,18.8
Bardhaman_West_Bengal,Bardhaman,West Bengal,2023,10,223.7,34.0,19.1,80.2,19.8
Bardhaman_West_Bengal,Bardhaman,West Bengal,2023,11,199.3,36.4,19.1,70.4,18.0
Bardhaman_West_Bengal,Bardhaman,West Bengal,2023,12,11.8,33.9,19.8,76.8,16.7
Bardhaman_West_Bengal,Bardhaman,West Bengal,2023,1,23.8,37.3,19.8,70.0,19.4
Bardhaman_West_Bengal,Bardhaman,West Bengal,2023,2,27.8,33.4,17.8,85.2,16.8
Bardhaman_West_Bengal,Bardhaman,West Bengal,2023,3,35.1,35.3,19.7,79.2,17.0
Bardhaman_West_Bengal,Bardhaman,West Bengal,2023,4,56.3,32.3,18.0,72.0,19.4
Bardhaman_West_Bengal,Bardhaman,West Bengal,2023,5,80.8,37.7,19.8,71.6,19.8
Bardhaman_West_Bengal,Bardhaman,West Bengal,2023,6,488.4,32.5,16.7,85.6,16.9
Bardhaman_West_Bengal,Bardhaman,West Bengal,2023,7,325.6,37.5,17.9,84.7,17.3
Bardhaman_West_Bengal,Bardhaman,West Bengal,2023,8,344.3,35.7,17.6,75.5,16.9
Bardhaman_West_Bengal,Bardhaman,West Bengal,2023,9,362.8,34.2,16.3,72.2,17.5
Bardhaman_West_Bengal,Bardhaman,West Bengal,2023,10,221.4,32.4,17.7,80.7,18.4
Bardhaman_West_Bengal,Bardhaman,West Bengal,2023,11,173.5,35.8,16.7,72.6,18.2
Bardhaman_West_Bengal,Bardhaman,West Bengal,2023,12,53.2,34.5,19.1,71.9,19.6
Murshidabad_West_Bengal,Murshidabad,West Bengal,2023,1,54.1,36.9,18.6,84.2,15.8
Murshidabad_West_Bengal,Murshidabad,West Bengal,2023,2,39.8,31.8,16.8,76.7,17.4
Murshidabad_West_Bengal,Murshidabad,West Bengal,2023,3,66.9,36.5,19.7,76.3,16.7
Murshidabad_West_Bengal,Murshidabad,West Bengal,2023,4,87.9,33.3,17.7,75.6,15.9
Murshidabad_West_Bengal,Murshidabad,West Bengal,2023,5,73.6,35.5,19.1,76.0,18.1
Murshidabad_West_Bengal,Murshidabad,West Bengal,2023,6,313.2,35.8,18.5,77.6,17.6
Murshidabad_West_Bengal,Murshidabad,West Bengal,2023,7,541.9,35.8,19.9,81.3,17.3
Murshidabad_West_Bengal,Murshidabad,West Bengal,2023,8,316.9,34.4,19.2,77.0,18.8
Murshidabad_West_Bengal,Murshidabad,West Bengal,2023,9,390.2,33.5,17.9,82.8,16.2
Murshidabad_West_Bengal,Murshidabad,West Bengal,2023,10,160.5,34.2,19.2,85.5,15.2
Murshidabad_West_Bengal,Murshidabad,West Bengal,2023,11,216.4,36.9,19.8,81.4,17.1
Murshidabad_West_Bengal,Murshidabad,West Bengal,2023,12,13.9,34.5,18.9,80.2,17.9
Murshidabad_West_Bengal,Murshidabad,West Bengal,2023,1,28.9,35.8,16.9,77.5,18.7
Murshidabad_West_Bengal,Murshidabad,West Bengal,2023,2,22.9,32.7,19.7,76.8,17.3
Murshidabad_West_Bengal,Murshidabad,West Bengal,2023,3,61.4,32.3,18.7,81.5,16.1
Murshidabad_West_Bengal,Murshidabad,West Bengal,2023,4,101.0,36.5,16.6,74.9,18.4
Murshidabad_West_Bengal,Murshidabad,West Bengal,2023,5,30.0,36.2,17.3,76.6,16.8
Murshidabad_West_Bengal,Murshidabad,West Bengal,2023,6,518.1,36.4,18.5,78.4,16.3
Murshidabad_West_Bengal,Murshidabad,West Bengal,2023,7,378.4,33.7,19.6,77.9,17.0
Murshidabad_West_Bengal,Murshidabad,West Bengal,2023,8,428.3,33.5,17.1,83.8,17.4
Murshidabad_West_Bengal,Murshidabad,West Bengal,2023,9,464.8,35.3,17.3,70.5,18.2
Murshidabad_West_Bengal,Murshidabad,West Bengal,2023,10,171.8,31.5,17.5,71.0,17.1
Murshidabad_West_Bengal,Murshidabad,West Bengal,2023,11,202.2,33.2,19.7,77.1,18.2
Murshidabad_West_Bengal,Murshidabad,West Bengal,2023,12,66.2,36.4,17.3,85.4,18.2
Murshidabad_West_Bengal,Murshidabad,West Bengal,2023,1,19.9,32.1,17.7,77.1,16.1
Murshidabad_West_Bengal,Murshidabad,West Bengal,2023,2,35.2,31.8,17.4,74.9,18.5
Murshidabad_West_Bengal,Murshidabad,West Bengal,2023,3,48.1,31.1,18.9,81.4,16.7
Murshidabad_West_Bengal,Murshidabad,West Bengal,2023,4,40.3,34.5,18.8,71.3,17.2
Murshidabad_West_Bengal,Murshidabad,West Bengal,2023,5,59.4,34.9,19.6,76.6,17.2
Murshidabad_West_Bengal,Murshidabad,West Bengal,2023,6,371.0,31.3,17.1,71.0,18.9
Murshidabad_West_Bengal,Murshidabad,West Bengal,2023,7,455.5,31.7,17.5,74.9,16.1
Murshidabad_West_Bengal,Murshidabad,West Bengal,2023,8,446.1,34.4,18.1,82.9,15.0
Murshidabad_West_Bengal,Murshidabad,West Bengal,2023,9,361.7,35.2,17.9,72.6,18.7
Murshidabad_West_Bengal,Murshidabad,West Bengal,2023,10,194.4,36.3,17.4,83.5,17.8
Murshidabad_West_Bengal,Murshidabad,West Bengal,2023,11,230.5,36.6,16.3,82.7,16.7
Murshidabad_West_Bengal,Murshidabad,West Bengal,2023,12,2.3,33.3,17.6,73.7,15.9
Murshidabad_West_Bengal,Murshidabad,West Bengal,2023,1,50.2,31.4,17.6,74.5,17.3
Murshidabad_West_Bengal,Murshidabad,West Bengal,2023,2,31.4,32.9,16.6,81.9,18.5
Murshidabad_West_Bengal,Murshidabad,West Bengal,2023,3,78.9,35.4,18.9,85.2,16.0
Murshidabad_West_Bengal,Murshidabad,West Bengal,2023,4,66.1,34.8,17.4,82.3,18.5
Murshidabad_West_Bengal,Murshidabad,West Bengal,2023,5,61.3,31.7,17.7,75.8,15.7
Murshidabad_West_Bengal,Murshidabad,West Bengal,2023,6,522.0,34.8,19.6,84.6,18.2
Murshidabad_West_Bengal,Murshidabad,West Bengal,2023,7,369.2,32.7,19.7,81.3,18.1
Murshidabad_West_Bengal,Murshidabad,West Bengal,2023,8,337.1,35.9,19.4,70.5,18.8
Murshidabad_West_Bengal,Murshidabad,West Bengal,2023,9,327.9,35.2,16.4,70.8,18.1
Murshidabad_West_Bengal,Murshidabad,West Bengal,2023,10,172.8,35.6,19.4,79.4,15.6
Murshidabad_West_Bengal,Murshidabad,West Bengal,2023,11,159.6,34.3,18.6,83.0,16.7
Murshidabad_West_Bengal,Murshidabad,West Bengal,2023,12,34.8,34.3,18.5,84.9,18.7
Murshidabad_West_Bengal,Murshidabad,West Bengal,2023,1,51.9,33.7,17.2,83.7,17.3
Murshidabad_West_Bengal,Murshidabad,West Bengal,2023,2,42.5,35.5,19.5,76.3,15.1
Murshidabad_West_Bengal,Murshidabad,West Bengal,2023,3,70.0,35.1,18.9,75.2,17.8
Murshidabad_West_Bengal,Murshidabad,West Bengal,2023,4,65.0,36.8,17.4,75.3,16.5
Murshidabad_West_Bengal,Murshidabad,West Bengal,2023,5,48.2,32.4,19.2,76.3,16.8
Murshidabad_West_Bengal,Murshidabad,West Bengal,2023,6,484.6,32.4,19.9,80.0,15.0
Murshidabad_West_Bengal,Murshidabad,West Bengal,2023,7,413.9,35.9,17.2,75.3,15.3
Murshidabad_West_Bengal,Murshidabad,West Bengal,2023,8,392.1,34.8,16.3,71.8,16.5
Murshidabad_West_Bengal,Murshidabad,West Bengal,2023,9,511.8,31.1,17.3,76.8,18.6
Murshidabad_West_Bengal,Murshidabad,West Bengal,2023,10,190.9,33.3,17.7,80.7,15.2
Murshidabad_West_Bengal,Murshidabad,West Bengal,2023,11,194.8,32.7,18.4,75.7,18.0
Murshidabad_West_Bengal,Murshidabad,West Bengal,2023,12,31.5,32.0,16.6,83.5,18.5
Hooghly_West_Bengal,Hooghly,West Bengal,2023,1,34.4,33.2,17.8,87.4,15.7
Hooghly_West_Bengal,Hooghly,West Bengal,2023,2,27.6,30.4,17.9,79.7,16.2
Hooghly_West_Bengal,Hooghly,West Bengal,2023,3,90.1,31.7,16.9,74.3,16.5
Hooghly_West_Bengal,Hooghly,West Bengal,2023,4,92.4,34.9,16.8,72.6,18.9
Hooghly_West_Bengal,Hooghly,West Bengal,2023,5,58.1,35.0,19.6,78.2,15.8
Hooghly_West_Bengal,Hooghly,West Bengal,2023,6,489.2,30.8,19.2,75.3,17.0
Hooghly_West_Bengal,Hooghly,West Bengal,2023,7,531.9,31.5,16.3,74.3,15.6
Hooghly_West_Bengal,Hooghly,West Bengal,2023,8,366.9,34.9,19.7,78.5,15.5
Hooghly_West_Bengal,Hooghly,West Bengal,2023,9,390.2,34.1,19.9,72.2,18.0
Hooghly_West_Bengal,Hooghly,West Bengal,2023,10,223.4,33.5,17.8,82.7,18.3
Hooghly_West_Bengal,Hooghly,West Bengal,2023,11,168.5,32.6,16.9,78.9,19.0
Hooghly_West_Bengal,Hooghly,West Bengal,2023,12,42.9,34.1,19.3,87.1,17.6
Hooghly_West_Bengal,Hooghly,West Bengal,2023,1,56.8,36.0,17.2,86.1,17.4
Hooghly_West_Bengal,Hooghly,West Bengal,2023,2,19.4,34.4,19.6,75.8,15.7
Hooghly_West_Bengal,Hooghly,West Bengal,2023,3,102.8,34.5,17.1,78.7,16.5
Hooghly_West_Bengal,Hooghly,West Bengal,2023,4,104.6,33.5,17.1,87.0,17.6
Hooghly_West_Bengal,Hooghly,West Bengal,2023,5,104.6,34.9,19.3,77.4,18.9
Hooghly_West_Bengal,Hooghly,West Bengal,2023,6,339.3,35.8,17.4,82.4,17.2
Hooghly_West_Bengal,Hooghly,West Bengal,2023,7,534.3,33.6,19.3,77.0,15.9
Hooghly_West_Bengal,Hooghly,West Bengal,2023,8,441.3,31.1,18.7,78.3,18.2
Hooghly_West_Bengal,Hooghly,West Bengal,2023,9,339.2,33.9,19.8,83.4,18.2
Hooghly_West_Bengal,Hooghly,West Bengal,2023,10,255.5,31.7,19.5,84.0,16.7
Hooghly_West_Bengal,Hooghly,West Bengal,2023,11,243.1,35.9,19.8,77.2,16.7
Hooghly_West_Bengal,Hooghly,West Bengal,2023,12,7.1,35.3,17.4,81.9,17.7
Hooghly_West_Bengal,Hooghly,West Bengal,2023,1,13.1,33.7,17.4,76.7,18.0
Hooghly_West_Bengal,Hooghly,West Bengal,2023,2,25.3,31.2,18.9,82.0,18.2
Hooghly_West_Bengal,Hooghly,West Bengal,2023,3,31.6,30.9,16.8,73.6,17.2
Hooghly_West_Bengal,Hooghly,West Bengal,2023,4,90.8,32.5,18.1,87.9,17.1
Hooghly_West_Bengal,Hooghly,West Bengal,2023,5,95.6,36.0,17.7,82.2,16.9
Hooghly_West_Bengal,Hooghly,West Bengal,2023,6,526.6,31.9,19.3,82.5,16.1
Hooghly_West_Bengal,Hooghly,West Bengal,2023,7,526.0,30.7,20.0,78.8,17.2
Hooghly_West_Bengal,Hooghly,West Bengal,2023,8,550.1,35.2,18.1,80.7,16.1
Hooghly_West_Bengal,Hooghly,West Bengal,2023,9,460.3,34.4,16.0,73.9,18.7
Hooghly_West_Bengal,Hooghly,West Bengal,2023,10,242.1,33.7,17.2,84.7,17.4
Hooghly_West_Bengal,Hooghly,West Bengal,2023,11,221.8,32.6,16.8,87.2,18.8
Hooghly_West_Bengal,Hooghly,West Bengal,2023,12,62.0,34.0,16.9,84.2,16.3
Hooghly_West_Bengal,Hooghly,West Bengal,2023,1,41.0,33.0,20.0,79.8,15.9
Hooghly_West_Bengal,Hooghly,West Bengal,2023,2,14.2,35.4,19.3,83.6,17.4
Hooghly_West_Bengal,Hooghly,West Bengal,2023,3,96.1,31.7,19.1,81.3,18.9
Hooghly_West_Bengal,Hooghly,West Bengal,2023,4,112.2,33.5,16.8,80.1,17.8
Hooghly_West_Bengal,Hooghly,West Bengal,2023,5,68.8,33.0,16.9,86.0,15.6
Hooghly_West_Bengal,Hooghly,West Bengal,2023,6,485.7,32.1,19.8,75.8,15.4
Hooghly_West_Bengal,Hooghly,West Bengal,2023,7,341.0,33.9,17.3,83.0,15.2
Hooghly_West_Bengal,Hooghly,West Bengal,2023,8,557.1,35.9,19.7,77.7,16.6
Hooghly_West_Bengal,Hooghly,West Bengal,2023,9,501.0,31.9,16.5,79.3,17.2
Hooghly_West_Bengal,Hooghly,West Bengal,2023,10,157.9,34.3,16.1,87.6,15.9
Hooghly_West_Bengal,Hooghly,West Bengal,2023,11,221.0,30.4,17.9,80.3,18.4
Hooghly_West_Bengal,Hooghly,West Bengal,2023,12,24.5,31.3,17.2,73.9,16.8
Hooghly_West_Bengal,Hooghly,West Bengal,2023,1,31.4,35.3,16.7,77.5,18.9
Hooghly_West_Bengal,Hooghly,West Bengal,2023,2,34.5,33.4,17.6,79.8,16.4
Hooghly_West_Bengal,Hooghly,West Bengal,2023,3,63.8,34.7,19.5,74.5,18.3
Hooghly_West_Bengal,Hooghly,West Bengal,2023,4,52.3,35.4,17.8,75.2,15.6
Hooghly_West_Bengal,Hooghly,West Bengal,2023,5,79.8,36.0,19.1,86.0,18.0
Hooghly_West_Bengal,Hooghly,West Bengal,2023,6,537.3,35.6,17.6,86.7,15.3
Hooghly_West_Bengal,Hooghly,West Bengal,2023,7,517.1,36.0,19.1,78.1,17.2
Hooghly_West_Bengal,Hooghly,West Bengal,2023,8,405.4,31.5,16.9,80.8,18.6
Hooghly_West_Bengal,Hooghly,West Bengal,2023,9,540.9,30.5,17.0,76.1,15.4
Hooghly_West_Bengal,Hooghly,West Bengal,2023,10,198.7,33.5,18.2,77.4,17.8
Hooghly_West_Bengal,Hooghly,West Bengal,2023,11,234.3,30.5,17.2,74.2,16.9
Hooghly_West_Bengal,Hooghly,West Bengal,2023,12,17.5,31.3,19.0,72.4,17.2
Jalpaiguri_West_Bengal,Jalpaiguri,West Bengal,2023,1,74.5,30.0,12.3,83.7,13.6
Jalpaiguri_West_Bengal,Jalpaiguri,West Bengal,2023,2,56.8,33.8,15.8,80.1,16.6
Jalpaiguri_West_Bengal,Jalpaiguri,West Bengal,2023,3,86.8,31.9,13.8,92.2,14.3
Jalpaiguri_West_Bengal,Jalpaiguri,West Bengal,2023,4,114.5,33.1,13.7,88.2,15.7
Jalpaiguri_West_Bengal,Jalpaiguri,West Bengal,2023,5,149.2,29.7,14.5,92.4,16.3
Jalpaiguri_West_Bengal,Jalpaiguri,West Bengal,2023,6,615.0,31.0,15.1,82.0,15.8
Jalpaiguri_West_Bengal,Jalpaiguri,West Bengal,2023,7,1016.6,29.5,15.7,84.6,14.6
Jalpaiguri_West_Bengal,Jalpaiguri,West Bengal,2023,8,745.2,32.0,13.7,82.2,16.0
Jalpaiguri_West_Bengal,Jalpaiguri,West Bengal,2023,9,666.1,32.2,15.5,80.9,13.8
Jalpaiguri_West_Bengal,Jalpaiguri,West Bengal,2023,10,410.0,30.7,12.4,78.5,16.1
Jalpaiguri_West_Bengal,Jalpaiguri,West Bengal,2023,11,378.6,31.4,14.5,91.9,13.7
Jalpaiguri_West_Bengal,Jalpaiguri,West Bengal,2023,12,43.7,30.2,12.6,80.0,16.7
Jalpaiguri_West_Bengal,Jalpaiguri,West Bengal,2023,1,73.2,32.1,14.4,89.0,13.6
Jalpaiguri_West_Bengal,Jalpaiguri,West Bengal,2023,2,94.1,33.1,13.0,88.8,16.1
Jalpaiguri_West_Bengal,Jalpaiguri,West Bengal,2023,3,111.7,31.9,12.4,88.8,13.2
Jalpaiguri_West_Bengal,Jalpaiguri,West Bengal,2023,4,98.8,28.6,15.9,90.9,15.5
Jalpaiguri_West_Bengal,Jalpaiguri,West Bengal,2023,5,181.1,29.6,15.4,80.1,14.7
Jalpaiguri_West_Bengal,Jalpaiguri,West Bengal,2023,6,852.4,28.2,13.2,86.7,14.4
Jalpaiguri_West_Bengal,Jalpaiguri,West Bengal,2023,7,951.1,29.4,12.6,87.1,14.8
Jalpaiguri_West_Bengal,Jalpaiguri,West Bengal,2023,8,655.2,29.8,12.4,85.8,16.1
Jalpaiguri_West_Bengal,Jalpaiguri,West Bengal,2023,9,864.9,28.8,13.7,86.8,15.7
Jalpaiguri_West_Bengal,Jalpaiguri,West Bengal,2023,10,419.0,31.9,12.4,88.1,15.9
Jalpaiguri_West_Bengal,Jalpaiguri,West Bengal,2023,11,473.2,32.1,14.1,90.9,17.0
Jalpaiguri_West_Bengal,Jalpaiguri,West Bengal,2023,12,82.4,28.5,14.9,88.3,16.1
Jalpaiguri_West_Bengal,Jalpaiguri,West Bengal,2023,1,63.0,28.1,14.5,78.8,15.6
Jalpaiguri_West_Bengal,Jalpaiguri,West Bengal,2023,2,106.9,29.4,15.2,82.7,16.6
Jalpaiguri_West_Bengal,Jalpaiguri,West Bengal,2023,3,144.8,30.4,13.3,89.6,14.6
Jalpaiguri_West_Bengal,Jalpaiguri,West Bengal,2023,4,154.0,33.9,15.8,83.8,15.9
Jalpaiguri_West_Bengal,Jalpaiguri,West Bengal,2023,5,182.7,28.4,13.2,82.1,14.7
Jalpaiguri_West_Bengal,Jalpaiguri,West Bengal,2023,6,662.2,32.0,14.0,87.7,13.3
Jalpaiguri_West_Bengal,Jalpaiguri,West Bengal,2023,7,1009.7,31.7,15.5,79.1,16.2
Jalpaiguri_West_Bengal,Jalpaiguri,West Bengal,2023,8,635.3,29.9,14.3,81.8,15.5
Jalpaiguri_West_Bengal,Jalpaiguri,West Bengal,2023,9,769.2,31.8,12.9,82.4,16.4
Jalpaiguri_West_Bengal,Jalpaiguri,West Bengal,2023,10,353.6,31.9,13.4,81.7,14.9
Jalpaiguri_West_Bengal,Jalpaiguri,West Bengal,2023,11,311.5,28.4,13.2,82.1,16.8
Jalpaiguri_West_Bengal,Jalpaiguri,West Bengal,2023,12,76.1,28.3,12.4,90.0,15.5
Jalpaiguri_West_Bengal,Jalpaiguri,West Bengal,2023,1,79.7,30.4,15.4,84.0,14.0
Jalpaiguri_West_Bengal,Jalpaiguri,West Bengal,2023,2,75.3,30.6,12.5,83.1,16.8
Jalpaiguri_West_Bengal,Jalpaiguri,West Bengal,2023,3,74.7,31.9,12.3,82.5,16.8
Jalpaiguri_West_Bengal,Jalpaiguri,West Bengal,2023,4,83.6,33.0,13.1,80.4,16.7
Jalpaiguri_West_Bengal,Jalpaiguri,West Bengal,2023,5,143.7,29.3,14.5,83.7,15.0
Jalpaiguri_West_Bengal,Jalpaiguri,West Bengal,2023,6,1024.2,33.3,14.6,78.9,16.0
Jalpaiguri_West_Bengal,Jalpaiguri,West Bengal,2023,7,815.1,29.7,14.2,86.6,16.9
Jalpaiguri_West_Bengal,Jalpaiguri,West Bengal,2023,8,970.4,32.6,12.0,79.1,13.8
Jalpaiguri_West_Bengal,Jalpaiguri,West Bengal,2023,9,849.8,30.2,13.0,82.4,16.8
Jalpaiguri_West_Bengal,Jalpaiguri,West Bengal,2023,10,473.6,31.4,14.8,89.3,16.0
Jalpaiguri_West_Bengal,Jalpaiguri,West Bengal,2023,11,287.7,30.1,13.5,82.5,16.1
Jalpaiguri_West_Bengal,Jalpaiguri,West Bengal,2023,12,55.8,29.8,14.5,78.9,13.3
Jalpaiguri_West_Bengal,Jalpaiguri,West Bengal,2023,1,28.2,28.8,13.9,89.8,16.8
Jalpaiguri_West_Bengal,Jalpaiguri,West Bengal,2023,2,83.9,31.8,12.9,83.4,16.5
Jalpaiguri_West_Bengal,Jalpaiguri,West Bengal,2023,3,74.7,33.2,12.5,92.7,13.0
Jalpaiguri_West_Bengal,Jalpaiguri,West Bengal,2023,4,167.5,28.8,12.6,88.2,16.5
Jalpaiguri_West_Bengal,Jalpaiguri,West Bengal,2023,5,161.9,33.1,12.0,87.7,14.2
Jalpaiguri_West_Bengal,Jalpaiguri,West Bengal,2023,6,779.2,29.7,14.5,80.5,15.6
Jalpaiguri_West_Bengal,Jalpaiguri,West Bengal,2023,7,994.3,32.7,14.6,77.7,16.2
Jalpaiguri_West_Bengal,Jalpaiguri,West Bengal,2023,8,678.7,28.6,14.1,85.0,14.4
Jalpaiguri_West_Bengal,Jalpaiguri,West Bengal,2023,9,675.6,33.3,14.2,80.9,13.4
Jalpaiguri_West_Bengal,Jalpaiguri,West Bengal,2023,10,426.0,28.1,13.9,88.7,14.8
Jalpaiguri_West_Bengal,Jalpaiguri,West Bengal,2023,11,297.2,31.9,14.7,80.4,16.2
Jalpaiguri_West_Bengal,Jalpaiguri,West Bengal,2023,12,58.3,31.3,13.1,81.0,13.0
Nizamabad_Telangana,Nizamabad,Telangana,2023,1,8.9,34.3,22.6,68.3,22.7
Nizamabad_Telangana,Nizamabad,Telangana,2023,2,6.2,38.4,22.8,72.0,19.8
Nizamabad_Telangana,Nizamabad,Telangana,2023,3,34.3,36.9,20.5,67.5,21.4
Nizamabad_Telangana,Nizamabad,Telangana,2023,4,18.5,36.4,21.0,57.6,20.3
Nizamabad_Telangana,Nizamabad,Telangana,2023,5,49.5,35.9,23.8,57.7,22.1
Nizamabad_Telangana,Nizamabad,Telangana,2023,6,292.2,36.4,22.8,58.1,22.7
Nizamabad_Telangana,Nizamabad,Telangana,2023,7,253.4,34.8,23.8,67.8,19.2
Nizamabad_Telangana,Nizamabad,Telangana,2023,8,218.5,35.3,21.2,73.0,21.6
Nizamabad_Telangana,Nizamabad,Telangana,2023,9,341.4,38.3,21.8,62.3,21.1
Nizamabad_Telangana,Nizamabad,Telangana,2023,10,141.3,37.0,23.2,67.7,20.9
Nizamabad_Telangana,Nizamabad,Telangana,2023,11,118.7,34.6,23.0,71.7,19.9
Nizamabad_Telangana,Nizamabad,Telangana,2023,12,19.2,37.2,21.4,58.8,19.2
Nizamabad_Telangana,Nizamabad,Telangana,2023,1,14.6,38.9,20.8,58.3,21.9
Nizamabad_Telangana,Nizamabad,Telangana,2023,2,17.5,34.8,20.9,58.9,20.0
Nizamabad_Telangana,Nizamabad,Telangana,2023,3,40.6,40.0,21.3,71.8,19.8
Nizamabad_Telangana,Nizamabad,Telangana,2023,4,33.8,34.3,23.2,64.0,21.8
Nizamabad_Telangana,Nizamabad,Telangana,2023,5,36.4,37.6,23.0,61.8,22.7
Nizamabad_Telangana,Nizamabad,Telangana,2023,6,364.8,37.4,21.7,57.9,22.8
Nizamabad_Telangana,Nizamabad,Telangana,2023,7,329.4,36.1,23.5,58.3,19.8
Nizamabad_Telangana,Nizamabad,Telangana,2023,8,366.8,39.5,20.6,60.4,21.4
Nizamabad_Telangana,Nizamabad,Telangana,2023,9,269.3,39.3,23.6,61.7,19.6
Nizamabad_Telangana,Nizamabad,Telangana,2023,10,103.8,34.8,21.9,64.4,22.5
Nizamabad_Telangana,Nizamabad,Telangana,2023,11,116.2,38.5,22.4,72.3,21.4
Nizamabad_Telangana,Nizamabad,Telangana,2023,12,19.1,37.4,22.2,72.8,19.8
Nizamabad_Telangana,Nizamabad,Telangana,2023,1,20.5,39.4,22.3,59.0,20.9
Nizamabad_Telangana,Nizamabad,Telangana,2023,2,27.2,39.2,21.0,66.1,22.4
Nizamabad_Telangana,Nizamabad,Telangana,2023,3,59.6,37.8,20.0,61.1,20.1
Nizamabad_Telangana,Nizamabad,Telangana,2023,4,18.6,35.9,23.9,67.7,20.7
Nizamabad_Telangana,Nizamabad,Telangana,2023,5,49.0,36.9,22.6,57.9,21.9
Nizamabad_Telangana,Nizamabad,Telangana,2023,6,199.3,35.0,23.7,67.9,21.6
Nizamabad_Telangana,Nizamabad,Telangana,2023,7,277.6,37.7,21.6,59.3,21.8
Nizamabad_Telangana,Nizamabad,Telangana,2023,8,206.1,38.9,22.6,67.1,20.7
Nizamabad_Telangana,Nizamabad,Telangana,2023,9,268.3,38.4,22.0,72.5,22.8
Nizamabad_Telangana,Nizamabad,Telangana,2023,10,133.9,37.3,22.0,57.9,21.3
Nizamabad_Telangana,Nizamabad,Telangana,2023,11,163.2,38.7,20.6,62.7,19.9
Nizamabad_Telangana,Nizamabad,Telangana,2023,12,18.6,36.2,22.2,64.0,20.1
Nizamabad_Telangana,Nizamabad,Telangana,2023,1,5.8,35.4,23.9,69.9,21.3
Nizamabad_Telangana,Nizamabad,Telangana,2023,2,0.0,34.1,22.4,57.3,23.0
Nizamabad_Telangana,Nizamabad,Telangana,2023,3,39.4,34.9,22.2,58.3,22.1
Nizamabad_Telangana,Nizamabad,Telangana,2023,4,30.3,39.1,22.2,71.7,22.7
Nizamabad_Telangana,Nizamabad,Telangana,2023,5,43.3,34.7,24.0,64.8,20.0
Nizamabad_Telangana,Nizamabad,Telangana,2023,6,310.4,38.4,23.3,69.5,20.1
Nizamabad_Telangana,Nizamabad,Telangana,2023,7,258.0,36.9,20.7,64.2,21.0
Nizamabad_Telangana,Nizamabad,Telangana,2023,8,294.9,37.1,20.9,67.6,22.2
Nizamabad_Telangana,Nizamabad,Telangana,2023,9,254.3,34.9,21.4,71.5,22.6
Nizamabad_Telangana,Nizamabad,Telangana,2023,10,139.5,39.1,23.8,64.8,21.2
Nizamabad_Telangana,Nizamabad,Telangana,2023,11,104.2,36.5,23.2,69.9,22.6
Nizamabad_Telangana,Nizamabad,Telangana,2023,12,10.2,34.6,20.8,71.4,21.0
Nizamabad_Telangana,Nizamabad,Telangana,2023,1,0.0,37.9,23.9,70.2,22.9
Nizamabad_Telangana,Nizamabad,Telangana,2023,2,42.2,37.5,22.1,63.5,22.3
Nizamabad_Telangana,Nizamabad,Telangana,2023,3,13.2,39.7,20.0,72.6,21.9
Nizamabad_Telangana,Nizamabad,Telangana,2023,4,44.7,38.9,21.0,69.3,22.2
Nizamabad_Telangana,Nizamabad,Telangana,2023,5,15.3,35.2,20.8,58.0,21.9
Nizamabad_Telangana,Nizamabad,Telangana,2023,6,273.5,35.5,21.8,67.2,22.5
Nizamabad_Telangana,Nizamabad,Telangana,2023,7,275.9,39.2,21.2,58.3,20.8
Nizamabad_Telangana,Nizamabad,Telangana,2023,8,303.5,37.5,22.4,71.9,20.1
Nizamabad_Telangana,Nizamabad,Telangana,2023,9,239.7,36.1,22.9,67.3,22.0
Nizamabad_Telangana,Nizamabad,Telangana,2023,10,163.9,36.6,23.9,60.5,21.9
Nizamabad_Telangana,Nizamabad,Telangana,2023,11,141.5,36.9,23.1,71.9,21.9
Nizamabad_Telangana,Nizamabad,Telangana,2023,12,9.0,35.2,23.9,68.1,21.2
Warangal_Telangana,Warangal,Telangana,2023,1,41.5,35.4,21.3,75.6,20.9
Warangal_Telangana,Warangal,Telangana,2023,2,23.5,36.4,22.1,70.3,20.2
Warangal_Telangana,Warangal,Telangana,2023,3,68.6,39.0,22.8,74.8,21.4
Warangal_Telangana,Warangal,Telangana,2023,4,54.6,33.4,21.3,70.2,20.1
Warangal_Telangana,Warangal,Telangana,2023,5,59.4,34.2,23.9,67.0,21.8
Warangal_Telangana,Warangal,Telangana,2023,6,276.3,35.7,22.7,62.9,19.6
Warangal_Telangana,Warangal,Telangana,2023,7,223.7,38.8,20.2,70.6,21.1
Warangal_Telangana,Warangal,Telangana,2023,8,234.8,34.2,21.2,61.8,19.5
Warangal_Telangana,Warangal,Telangana,2023,9,282.1,37.8,23.2,69.1,19.3
Warangal_Telangana,Warangal,Telangana,2023,10,120.1,36.5,23.8,64.6,19.8
Warangal_Telangana,Warangal,Telangana,2023,11,157.5,34.5,21.1,74.2,18.3
Warangal_Telangana,Warangal,Telangana,2023,12,37.9,38.5,20.1,65.9,19.0
Warangal_Telangana,Warangal,Telangana,2023,1,4.6,34.8,21.0,72.8,20.2
Warangal_Telangana,Warangal,Telangana,2023,2,15.3,34.3,20.7,73.8,21.8
Warangal_Telangana,Warangal,Telangana,2023,3,38.9,35.7,21.6,71.0,19.1
Warangal_Telangana,Warangal,Telangana,2023,4,14.4,34.1,20.1,65.1,19.9
Warangal_Telangana,Warangal,Telangana,2023,5,48.7,34.2,20.9,74.3,18.8
Warangal_Telangana,Warangal,Telangana,2023,6,352.8,38.6,21.6,62.8,20.2
Warangal_Telangana,Warangal,Telangana,2023,7,311.7,35.5,20.2,70.0,21.7
Warangal_Telangana,Warangal,Telangana,2023,8,371.8,33.1,20.4,73.3,21.3
Warangal_Telangana,Warangal,Telangana,2023,9,368.6,38.2,23.3,69.4,21.1
Warangal_Telangana,Warangal,Telangana,2023,10,113.9,38.7,20.6,71.9,19.3
Warangal_Telangana,Warangal,Telangana,2023,11,162.4,38.6,22.8,66.6,18.0
Warangal_Telangana,Warangal,Telangana,2023,12,24.5,37.0,20.4,74.3,19.7
Warangal_Telangana,Warangal,Telangana,2023,1,0.0,36.9,22.0,72.5,20.8
Warangal_Telangana,Warangal,Telangana,2023,2,33.4,35.6,21.1,67.6,21.5
Warangal_Telangana,Warangal,Telangana,2023,3,45.9,39.0,22.4,65.3,18.9
Warangal_Telangana,Warangal,Telangana,2023,4,18.5,35.9,20.2,71.5,19.5
Warangal_Telangana,Warangal,Telangana,2023,5,35.1,38.8,22.8,67.9,21.1
Warangal_Telangana,Warangal,Telangana,2023,6,346.9,34.2,23.4,64.8,21.8
Warangal_Telangana,Warangal,Telangana,2023,7,272.3,38.8,20.6,75.6,18.3
Warangal_Telangana,Warangal,Telangana,2023,8,242.5,39.0,22.0,68.8,20.8
Warangal_Telangana,Warangal,Telangana,2023,9,381.0,34.3,21.2,61.6,20.6
Warangal_Telangana,Warangal,Telangana,2023,10,102.3,38.3,21.3,69.1,19.6
Warangal_Telangana,Warangal,Telangana,2023,11,99.4,35.4,23.6,65.2,19.5
Warangal_Telangana,Warangal,Telangana,2023,12,38.3,37.8,23.8,72.7,19.6
Warangal_Telangana,Warangal,Telangana,2023,1,23.9,38.5,21.3,68.5,21.8
Warangal_Telangana,Warangal,Telangana,2023,2,39.6,34.9,20.9,61.3,20.8
Warangal_Telangana,Warangal,Telangana,2023,3,48.9,35.8,21.9,69.1,21.7
Warangal_Telangana,Warangal,Telangana,2023,4,38.3,35.3,23.0,75.2,19.2
Warangal_Telangana,Warangal,Telangana,2023,5,18.0,34.3,23.0,61.0,18.2
Warangal_Telangana,Warangal,Telangana,2023,6,326.2,35.5,22.3,71.8,18.4
Warangal_Telangana,Warangal,Telangana,2023,7,313.5,35.2,23.1,73.5,21.3
Warangal_Telangana,Warangal,Telangana,2023,8,325.4,37.7,22.9,67.2,18.6
Warangal_Telangana,Warangal,Telangana,2023,9,248.2,35.2,22.0,75.3,21.8
Warangal_Telangana,Warangal,Telangana,2023,10,170.5,39.0,23.5,61.3,19.7
Warangal_Telangana,Warangal,Telangana,2023,11,120.6,37.9,20.6,66.1,18.3
Warangal_Telangana,Warangal,Telangana,2023,12,25.3,37.4,21.4,69.4,20.9
Warangal_Telangana,Warangal,Telangana,2023,1,3.3,34.1,23.1,69.6,20.0
Warangal_Telangana,Warangal,Telangana,2023,2,9.4,34.9,21.5,65.0,21.5
Warangal_Telangana,Warangal,Telangana,2023,3,58.4,34.4,21.1,63.6,20.8
Warangal_Telangana,Warangal,Telangana,2023,4,35.7,37.3,23.9,62.6,18.3
Warangal_Telangana,Warangal,Telangana,2023,5,42.5,34.2,22.3,69.4,19.2
Warangal_Telangana,Warangal,Telangana,2023,6,215.8,34.1,20.7,68.4,20.7
Warangal_Telangana,Warangal,Telangana,2023,7,224.0,34.5,22.7,73.0,21.2
Warangal_Telangana,Warangal,Telangana,2023,8,272.7,37.8,20.2,69.7,21.3
Warangal_Telangana,Warangal,Telangana,2023,9,268.6,37.2,20.3,66.2,19.2
Warangal_Telangana,Warangal,Telangana,2023,10,89.0,35.4,20.8,69.6,19.8
Warangal_Telangana,Warangal,Telangana,2023,11,93.6,33.1,21.4,64.1,20.8
Warangal_Telangana,Warangal,Telangana,2023,12,11.0,37.4,21.9,68.9,21.4
Karimnagar_Telangana,Karimnagar,Telangana,2023,1,41.7,38.1,22.7,57.1,20.9
Karimnagar_Telangana,Karimnagar,Telangana,2023,2,5.0,39.9,20.3,68.6,19.7
Karimnagar_Telangana,Karimnagar,Telangana,2023,3,22.8,35.0,23.9,60.3,19.8
Karimnagar_Telangana,Karimnagar,Telangana,2023,4,16.9,34.1,22.0,65.1,19.2
Karimnagar_Telangana,Karimnagar,Telangana,2023,5,44.8,36.8,21.7,68.2,21.9
Karimnagar_Telangana,Karimnagar,Telangana,2023,6,315.0,35.4,20.3,63.1,22.4
Karimnagar_Telangana,Karimnagar,Telangana,2023,7,202.2,38.2,21.9,61.1,20.3
Karimnagar_Telangana,Karimnagar,Telangana,2023,8,190.0,34.3,22.9,71.4,21.5
Karimnagar_Telangana,Karimnagar,Telangana,2023,9,284.9,34.9,20.0,62.5,22.0
Karimnagar_Telangana,Karimnagar,Telangana,2023,10,144.9,36.2,21.8,63.8,21.5
Karimnagar_Telangana,Karimnagar,Telangana,2023,11,145.4,37.9,21.8,72.2,21.8
Karimnagar_Telangana,Karimnagar,Telangana,2023,12,15.0,38.9,21.8,65.3,20.2
Karimnagar_Telangana,Karimnagar,Telangana,2023,1,8.7,36.7,21.4,60.4,22.6
Karimnagar_Telangana,Karimnagar,Telangana,2023,2,26.1,34.8,20.1,64.0,19.2
Karimnagar_Telangana,Karimnagar,Telangana,2023,3,49.7,39.4,20.8,62.9,22.4
Karimnagar_Telangana,Karimnagar,Telangana,2023,4,22.7,34.7,23.3,68.9,22.5
Karimnagar_Telangana,Karimnagar,Telangana,2023,5,37.4,37.9,20.9,72.6,21.3
Karimnagar_Telangana,Karimnagar,Telangana,2023,6,337.9,36.0,22.1,63.9,21.8
Karimnagar_Telangana,Karimnagar,Telangana,2023,7,287.1,34.1,22.8,62.1,19.9
Karimnagar_Telangana,Karimnagar,Telangana,2023,8,291.3,35.4,20.8,63.7,20.3
Karimnagar_Telangana,Karimnagar,Telangana,2023,9,303.5,36.0,21.7,60.3,21.7
Karimnagar_Telangana,Karimnagar,Telangana,2023,10,99.1,34.8,21.3,69.0,19.1
Karimnagar_Telangana,Karimnagar,Telangana,2023,11,92.0,39.7,22.8,60.7,19.8
Karimnagar_Telangana,Karimnagar,Telangana,2023,12,14.4,40.0,21.1,58.3,21.8
Karimnagar_Telangana,Karimnagar,Telangana,2023,1,14.9,34.3,20.6,72.2,21.2
Karimnagar_Telangana,Karimnagar,Telangana,2023,2,16.7,34.4,23.0,69.0,21.6
Karimnagar_Telangana,Karimnagar,Telangana,2023,3,33.5,38.4,20.5,62.4,22.8
Karimnagar_Telangana,Karimnagar,Telangana,2023,4,60.1,34.5,21.9,58.0,21.5
Karimnagar_Telangana,Karimnagar,Telangana,2023,5,12.5,35.6,23.0,59.6,22.4
Karimnagar_Telangana,Karimnagar,Telangana,2023,6,188.7,36.4,23.9,58.8,19.4
Karimnagar_Telangana,Karimnagar,Telangana,2023,7,292.7,38.3,20.8,64.4,20.1
Karimnagar_Telangana,Karimnagar,Telangana,2023,8,266.0,38.6,22.1,71.9,20.1
Karimnagar_Telangana,Karimnagar,Telangana,2023,9,228.1,37.7,20.2,66.7,20.5
Karimnagar_Telangana,Karimnagar,Telangana,2023,10,147.2,37.3,20.0,67.2,22.0
Karimnagar_Telangana,Karimnagar,Telangana,2023,11,103.5,39.8,21.2,60.6,19.8
Karimnagar_Telangana,Karimnagar,Telangana,2023,12,38.1,37.7,21.2,67.2,21.5
Karimnagar_Telangana,Karimnagar,Telangana,2023,1,39.2,36.1,23.9,58.5,21.9
Karimnagar_Telangana,Karimnagar,Telangana,2023,2,1.0,37.4,22.4,69.4,21.5
Karimnagar_Telangana,Karimnagar,Telangana,2023,3,61.3,36.7,20.9,59.6,20.6
Karimnagar_Telangana,Karimnagar,Telangana,2023,4,30.9,34.8,20.4,66.4,20.0
Karimnagar_Telangana,Karimnagar,Telangana,2023,5,32.4,38.6,21.3,66.3,19.4
Karimnagar_Telangana,Karimnagar,Telangana,2023,6,321.3,40.0,23.9,69.5,19.1
Karimnagar_Telangana,Karimnagar,Telangana,2023,7,252.5,39.4,23.2,72.6,21.4
Karimnagar_Telangana,Karimnagar,Telangana,2023,8,266.6,36.3,21.9,67.2,22.7
Karimnagar_Telangana,Karimnagar,Telangana,2023,9,291.2,39.2,22.1,62.6,21.6
Karimnagar_Telangana,Karimnagar,Telangana,2023,10,100.0,36.3,24.0,57.8,21.8
Karimnagar_Telangana,Karimnagar,Telangana,2023,11,146.4,37.4,22.8,63.9,19.4
Karimnagar_Telangana,Karimnagar,Telangana,2023,12,26.4,38.0,22.1,57.9,22.8
Karimnagar_Telangana,Karimnagar,Telangana,2023,1,5.5,37.4,20.3,65.7,21.2
Karimnagar_Telangana,Karimnagar,Telangana,2023,2,36.2,35.5,23.6,66.2,21.4
Karimnagar_Telangana,Karimnagar,Telangana,2023,3,43.1,39.6,23.1,72.1,20.2
Karimnagar_Telangana,Karimnagar,Telangana,2023,4,54.3,35.0,22.7,67.9,20.1
Karimnagar_Telangana,Karimnagar,Telangana,2023,5,11.5,36.4,20.7,60.1,20.6
Karimnagar_Telangana,Karimnagar,Telangana,2023,6,342.3,35.9,23.8,67.3,20.8
Karimnagar_Telangana,Karimnagar,Telangana,2023,7,254.2,35.4,21.5,65.4,21.1
Karimnagar_Telangana,Karimnagar,Telangana,2023,8,296.1,38.3,22.3,72.4,20.5
Karimnagar_Telangana,Karimnagar,Telangana,2023,9,335.5,37.8,22.6,58.4,22.8
Karimnagar_Telangana,Karimnagar,Telangana,2023,10,98.9,36.0,21.7,66.8,22.6
Karimnagar_Telangana,Karimnagar,Telangana,2023,11,137.0,37.6,20.6,60.0,21.9
Karimnagar_Telangana,Karimnagar,Telangana,2023,12,7.8,34.9,21.7,69.0,20.8
Khammam_Telangana,Khammam,Telangana,2023,1,0.0,36.6,21.2,68.6,19.3
Khammam_Telangana,Khammam,Telangana,2023,2,30.4,37.3,20.2,72.2,18.3
Khammam_Telangana,Khammam,Telangana,2023,3,53.6,34.0,20.4,71.0,17.5
Khammam_Telangana,Khammam,Telangana,2023,4,53.9,33.9,22.3,66.4,20.5
Khammam_Telangana,Khammam,Telangana,2023,5,35.2,35.7,23.5,75.1,18.1
Khammam_Telangana,Khammam,Telangana,2023,6,389.3,37.9,23.7,70.5,20.0
Khammam_Telangana,Khammam,Telangana,2023,7,337.5,32.6,20.0,62.8,20.9
Khammam_Telangana,Khammam,Telangana,2023,8,234.1,33.9,22.4,77.2,19.8
Khammam_Telangana,Khammam,Telangana,2023,9,297.4,32.2,23.9,62.9,20.0
Khammam_Telangana,Khammam,Telangana,2023,10,130.6,32.7,20.2,76.2,17.4
Khammam_Telangana,Khammam,Telangana,2023,11,178.4,35.6,21.5,76.6,20.5
Khammam_Telangana,Khammam,Telangana,2023,12,10.2,33.6,20.9,70.7,20.5
Khammam_Telangana,Khammam,Telangana,2023,1,9.6,35.5,21.4,65.1,19.8
Khammam_Telangana,Khammam,Telangana,2023,2,33.1,33.8,22.2,75.2,18.6
Khammam_Telangana,Khammam,Telangana,2023,3,74.4,37.5,21.3,63.7,18.7
Khammam_Telangana,Khammam,Telangana,2023,4,61.5,33.6,20.1,67.0,19.9
Khammam_Telangana,Khammam,Telangana,2023,5,27.9,32.1,22.9,76.1,19.3
Khammam_Telangana,Khammam,Telangana,2023,6,222.6,34.6,22.4,69.9,20.7
Khammam_Telangana,Khammam,Telangana,2023,7,385.5,32.8,21.4,68.7,19.3
Khammam_Telangana,Khammam,Telangana,2023,8,356.3,36.8,22.4,77.7,19.6
Khammam_Telangana,Khammam,Telangana,2023,9,348.3,36.6,20.3,72.5,17.2
Khammam_Telangana,Khammam,Telangana,2023,10,102.8,32.3,21.3,77.9,18.4
Khammam_Telangana,Khammam,Telangana,2023,11,151.1,34.7,20.7,65.1,17.4
Khammam_Telangana,Khammam,Telangana,2023,12,4.1,37.5,21.8,75.4,20.9
Khammam_Telangana,Khammam,Telangana,2023,1,43.1,37.5,20.4,67.8,20.2
Khammam_Telangana,Khammam,Telangana,2023,2,9.6,34.7,23.3,73.8,18.6
Khammam_Telangana,Khammam,Telangana,2023,3,63.2,37.5,22.3,68.4,20.5
Khammam_Telangana,Khammam,Telangana,2023,4,45.8,36.2,23.8,66.0,19.8
Khammam_Telangana,Khammam,Telangana,2023,5,72.7,33.3,21.1,71.1,18.8
Khammam_Telangana,Khammam,Telangana,2023,6,359.1,37.2,21.7,62.6,17.1
Khammam_Telangana,Khammam,Telangana,2023,7,349.4,35.3,23.2,68.0,21.0
Khammam_Telangana,Khammam,Telangana,2023,8,383.0,37.4,22.7,70.0,19.3
Khammam_Telangana,Khammam,Telangana,2023,9,401.5,35.4,20.7,72.2,17.3
Khammam_Telangana,Khammam,Telangana,2023,10,168.9,34.1,20.3,73.1,18.4
Khammam_Telangana,Khammam,Telangana,2023,11,135.8,37.8,23.0,69.9,19.4
Khammam_Telangana,Khammam,Telangana,2023,12,25.6,35.6,23.9,77.7,18.4
Khammam_Telangana,Khammam,Telangana,2023,1,47.3,34.1,23.2,76.8,20.8
Khammam_Telangana,Khammam,Telangana,2023,2,16.4,32.2,20.6,77.4,18.8
Khammam_Telangana,Khammam,Telangana,2023,3,65.3,36.0,20.1,66.0,18.7
Khammam_Telangana,Khammam,Telangana,2023,4,43.3,36.6,21.5,75.1,17.4
Khammam_Telangana,Khammam,Telangana,2023,5,50.4,36.8,21.6,72.6,20.7
Khammam_Telangana,Khammam,Telangana,2023,6,213.4,36.6,22.6,66.7,19.0
Khammam_Telangana,Khammam,Telangana,2023,7,224.6,34.5,23.3,69.7,19.3
Khammam_Telangana,Khammam,Telangana,2023,8,381.7,36.2,23.4,65.2,18.4
Khammam_Telangana,Khammam,Telangana,2023,9,428.1,33.3,20.3,66.3,18.6
Khammam_Telangana,Khammam,Telangana,2023,10,147.1,37.4,21.3,75.6,17.4
Khammam_Telangana,Khammam,Telangana,2023,11,113.2,32.4,21.6,76.3,18.0
Khammam_Telangana,Khammam,Telangana,2023,12,20.7,32.3,22.2,75.4,18.6
Khammam_Telangana,Khammam,Telangana,2023,1,29.5,32.8,22.3,69.9,19.1
Khammam_Telangana,Khammam,Telangana,2023,2,49.1,34.7,21.8,70.2,19.1
Khammam_Telangana,Khammam,Telangana,2023,3,77.0,33.7,22.1,72.0,19.6
Khammam_Telangana,Khammam,Telangana,2023,4,41.4,32.2,21.4,68.8,17.2
Khammam_Telangana,Khammam,Telangana,2023,5,58.6,37.5,20.6,62.9,18.9
Khammam_Telangana,Khammam,Telangana,2023,6,281.3,32.1,21.7,76.8,18.5
Khammam_Telangana,Khammam,Telangana,2023,7,238.4,35.0,20.7,69.5,20.3
Khammam_Telangana,Khammam,Telangana,2023,8,371.1,33.0,21.1,71.5,18.4
Khammam_Telangana,Khammam,Telangana,2023,9,392.6,32.6,22.5,63.8,18.0
Khammam_Telangana,Khammam,Telangana,2023,10,110.0,35.7,22.3,64.8,21.0
Khammam_Telangana,Khammam,Telangana,2023,11,124.8,32.7,22.3,77.7,19.3
Khammam_Telangana,Khammam,Telangana,2023,12,33.0,34.6,22.0,73.2,18.5
Nalgonda_Telangana,Nalgonda,Telangana,2023,1,22.4,40.8,22.7,67.7,22.1
Nalgonda_Telangana,Nalgonda,Telangana,2023,2,8.5,40.9,21.5,67.3,23.2
Nalgonda_Telangana,Nalgonda,Telangana,2023,3,36.4,38.6,22.7,53.2,23.7
Nalgonda_Telangana,Nalgonda,Telangana,2023,4,57.1,38.8,21.7,61.1,23.3
Nalgonda_Telangana,Nalgonda,Telangana,2023,5,49.1,37.8,23.8,66.1,23.1
Nalgonda_Telangana,Nalgonda,Telangana,2023,6,232.5,40.0,22.2,63.8,23.2
Nalgonda_Telangana,Nalgonda,Telangana,2023,7,236.5,36.2,21.0,66.5,23.4
Nalgonda_Telangana,Nalgonda,Telangana,2023,8,182.8,35.2,21.8,53.1,23.9
Nalgonda_Telangana,Nalgonda,Telangana,2023,9,300.7,37.4,22.0,64.2,20.9
Nalgonda_Telangana,Nalgonda,Telangana,2023,10,113.0,37.4,20.1,60.1,22.9
Nalgonda_Telangana,Nalgonda,Telangana,2023,11,113.6,38.2,21.8,55.9,22.6
Nalgonda_Telangana,Nalgonda,Telangana,2023,12,1.3,39.7,21.8,67.9,21.5
Nalgonda_Telangana,Nalgonda,Telangana,2023,1,8.0,36.1,22.9,63.3,20.8
Nalgonda_Telangana,Nalgonda,Telangana,2023,2,0.0,40.5,20.9,57.5,21.1
Nalgonda_Telangana,Nalgonda,Telangana,2023,3,42.3,40.2,20.7,63.0,21.4
Nalgonda_Telangana,Nalgonda,Telangana,2023,4,44.6,35.0,22.1,54.4,20.2
Nalgonda_Telangana,Nalgonda,Telangana,2023,5,52.6,37.8,22.7,60.6,22.5
Nalgonda_Telangana,Nalgonda,Telangana,2023,6,252.9,36.2,21.1,59.0,21.8
Nalgonda_Telangana,Nalgonda,Telangana,2023,7,264.6,36.0,21.0,55.4,22.9
Nalgonda_Telangana,Nalgonda,Telangana,2023,8,237.7,37.5,23.6,67.7,22.7
Nalgonda_Telangana,Nalgonda,Telangana,2023,9,282.2,40.6,23.3,67.9,22.5
Nalgonda_Telangana,Nalgonda,Telangana,2023,10,123.3,36.6,21.4,66.3,20.2
Nalgonda_Telangana,Nalgonda,Telangana,2023,11,106.4,37.3,23.5,65.7,22.4
Nalgonda_Telangana,Nalgonda,Telangana,2023,12,11.1,37.4,21.4,53.6,22.2
Nalgonda_Telangana,Nalgonda,Telangana,2023,1,26.8,35.1,22.2,65.9,23.1
Nalgonda_Telangana,Nalgonda,Telangana,2023,2,6.3,38.9,23.1,61.2,23.6
Nalgonda_Telangana,Nalgonda,Telangana,2023,3,18.9,40.2,22.5,52.0,21.4
Nalgonda_Telangana,Nalgonda,Telangana,2023,4,29.7,35.0,21.1,66.6,23.6
Nalgonda_Telangana,Nalgonda,Telangana,2023,5,39.4,37.0,21.0,65.0,20.4
Nalgonda_Telangana,Nalgonda,Telangana,2023,6,237.0,35.6,22.1,61.2,23.0
Nalgonda_Telangana,Nalgonda,Telangana,2023,7,189.7,38.4,23.9,55.5,23.9
Nalgonda_Telangana,Nalgonda,Telangana,2023,8,275.0,35.5,21.2,52.9,21.5
Nalgonda_Telangana,Nalgonda,Telangana,2023,9,281.7,38.4,20.0,63.4,20.8
Nalgonda_Telangana,Nalgonda,Telangana,2023,10,80.4,39.6,20.4,55.7,20.0
Nalgonda_Telangana,Nalgonda,Telangana,2023,11,135.3,39.3,22.6,54.3,22.4
Nalgonda_Telangana,Nalgonda,Telangana,2023,12,5.3,38.4,22.2,53.9,20.1
Nalgonda_Telangana,Nalgonda,Telangana,2023,1,28.2,37.2,23.5,53.0,22.3
Nalgonda_Telangana,Nalgonda,Telangana,2023,2,27.6,37.7,20.5,65.0,21.5
Nalgonda_Telangana,Nalgonda,Telangana,2023,3,31.3,35.3,21.2,56.5,23.5
Nalgonda_Telangana,Nalgonda,Telangana,2023,4,50.2,35.1,20.9,62.2,20.4
Nalgonda_Telangana,Nalgonda,Telangana,2023,5,23.8,39.1,23.4,59.5,23.3
Nalgonda_Telangana,Nalgonda,Telangana,2023,6,277.7,37.7,21.1,65.8,22.6
Nalgonda_Telangana,Nalgonda,Telangana,2023,7,275.1,36.0,23.9,54.9,23.6
Nalgonda_Telangana,Nalgonda,Telangana,2023,8,189.4,37.6,23.7,66.2,23.3
Nalgonda_Telangana,Nalgonda,Telangana,2023,9,197.1,39.1,21.6,64.1,23.2
Nalgonda_Telangana,Nalgonda,Telangana,2023,10,113.4,40.0,23.7,61.3,23.1
Nalgonda_Telangana,Nalgonda,Telangana,2023,11,88.0,35.9,20.5,54.7,20.0
Nalgonda_Telangana,Nalgonda,Telangana,2023,12,26.2,37.3,21.6,59.4,20.3
Nalgonda_Telangana,Nalgonda,Telangana,2023,1,20.0,37.0,23.3,63.6,21.6
Nalgonda_Telangana,Nalgonda,Telangana,2023,2,40.4,38.2,20.9,66.7,20.8
Nalgonda_Telangana,Nalgonda,Telangana,2023,3,14.7,39.4,23.7,62.2,23.8
Nalgonda_Telangana,Nalgonda,Telangana,2023,4,5.5,38.6,23.9,60.0,20.2
Nalgonda_Telangana,Nalgonda,Telangana,2023,5,17.2,37.0,20.2,66.5,22.1
Nalgonda_Telangana,Nalgonda,Telangana,2023,6,238.8,35.3,22.3,66.2,22.1
Nalgonda_Telangana,Nalgonda,Telangana,2023,7,296.1,35.5,20.8,62.5,21.8
Nalgonda_Telangana,Nalgonda,Telangana,2023,8,202.2,37.7,23.6,53.7,21.1
Nalgonda_Telangana,Nalgonda,Telangana,2023,9,246.3,38.8,23.8,64.7,22.2
Nalgonda_Telangana,Nalgonda,Telangana,2023,10,89.5,39.2,23.4,67.4,22.4
Nalgonda_Telangana,Nalgonda,Telangana,2023,11,88.8,35.4,20.6,52.9,21.6
Nalgonda_Telangana,Nalgonda,Telangana,2023,12,18.9,38.2,22.4,59.6,21.1
